ISO-10303-21;
HEADER;
/* Generated by software containing ST-Developer
 * from STEP Tools, Inc. (www.steptools.com) 
 */

FILE_DESCRIPTION(
/* description */ ('Open CASCADE Model'),
/* implementation_level */ '2;1');

FILE_NAME(
/* name */ 'BIP39_tornillosabajo_v2_bot.step',
/* time_stamp */ '2026-05-09T18:00:06+02:00',
/* author */ (''),
/* organization */ (''),
/* preprocessor_version */ 'ST-DEVELOPER v20.1',
/* originating_system */ 'Autodesk Translation Framework v14.24.0.0',
/* authorisation */ '');

FILE_SCHEMA (('AUTOMOTIVE_DESIGN { 1 0 10303 214 3 1 1 }'));
ENDSEC;

DATA;
#10=MECHANICAL_DESIGN_GEOMETRIC_PRESENTATION_REPRESENTATION('',(#13),#3553);
#11=SHAPE_REPRESENTATION_RELATIONSHIP('SRR','None',#3559,#12);
#12=ADVANCED_BREP_SHAPE_REPRESENTATION('',(#14),#3552);
#13=STYLED_ITEM('',(#3569),#14);
#14=MANIFOLD_SOLID_BREP('case_bottom',#2077);
#15=ELLIPSE('',#2106,2.12132034355964,1.5);
#16=ELLIPSE('',#2110,2.12132034355964,1.5);
#17=ELLIPSE('',#2111,2.12132034355964,1.5);
#18=ELLIPSE('',#2145,2.12132034355964,1.5);
#19=ELLIPSE('',#2152,2.12132034355964,1.5);
#20=ELLIPSE('',#2153,2.12132034355964,1.5);
#21=ELLIPSE('',#2155,2.12132034355964,1.5);
#22=ELLIPSE('',#2178,2.12132034355964,1.5);
#23=SPHERICAL_SURFACE('',#2093,1.5);
#24=SPHERICAL_SURFACE('',#2097,1.5);
#25=SPHERICAL_SURFACE('',#2101,1.5);
#26=SPHERICAL_SURFACE('',#2112,1.5);
#27=SPHERICAL_SURFACE('',#2119,1.5);
#28=SPHERICAL_SURFACE('',#2123,1.5);
#29=SPHERICAL_SURFACE('',#2127,1.5);
#30=SPHERICAL_SURFACE('',#2133,1.5);
#31=SPHERICAL_SURFACE('',#2140,1.5);
#32=SPHERICAL_SURFACE('',#2146,1.5);
#33=SPHERICAL_SURFACE('',#2156,1.5);
#34=SPHERICAL_SURFACE('',#2163,1.5);
#35=SPHERICAL_SURFACE('',#2284,1.);
#36=SPHERICAL_SURFACE('',#2288,1.);
#37=SPHERICAL_SURFACE('',#2292,1.);
#38=SPHERICAL_SURFACE('',#2293,1.);
#39=LINE('',#2981,#225);
#40=LINE('',#3005,#226);
#41=LINE('',#3007,#227);
#42=LINE('',#3013,#228);
#43=LINE('',#3014,#229);
#44=LINE('',#3018,#230);
#45=LINE('',#3022,#231);
#46=LINE('',#3032,#232);
#47=LINE('',#3033,#233);
#48=LINE('',#3038,#234);
#49=LINE('',#3039,#235);
#50=LINE('',#3065,#236);
#51=LINE('',#3066,#237);
#52=LINE('',#3075,#238);
#53=LINE('',#3076,#239);
#54=LINE('',#3081,#240);
#55=LINE('',#3082,#241);
#56=LINE('',#3092,#242);
#57=LINE('',#3094,#243);
#58=LINE('',#3104,#244);
#59=LINE('',#3105,#245);
#60=LINE('',#3109,#246);
#61=LINE('',#3113,#247);
#62=LINE('',#3117,#248);
#63=LINE('',#3119,#249);
#64=LINE('',#3129,#250);
#65=LINE('',#3130,#251);
#66=LINE('',#3135,#252);
#67=LINE('',#3136,#253);
#68=LINE('',#3145,#254);
#69=LINE('',#3146,#255);
#70=LINE('',#3151,#256);
#71=LINE('',#3152,#257);
#72=LINE('',#3154,#258);
#73=LINE('',#3155,#259);
#74=LINE('',#3160,#260);
#75=LINE('',#3161,#261);
#76=LINE('',#3163,#262);
#77=LINE('',#3164,#263);
#78=LINE('',#3169,#264);
#79=LINE('',#3170,#265);
#80=LINE('',#3172,#266);
#81=LINE('',#3173,#267);
#82=LINE('',#3176,#268);
#83=LINE('',#3178,#269);
#84=LINE('',#3184,#270);
#85=LINE('',#3185,#271);
#86=LINE('',#3187,#272);
#87=LINE('',#3188,#273);
#88=LINE('',#3190,#274);
#89=LINE('',#3191,#275);
#90=LINE('',#3196,#276);
#91=LINE('',#3197,#277);
#92=LINE('',#3199,#278);
#93=LINE('',#3200,#279);
#94=LINE('',#3202,#280);
#95=LINE('',#3203,#281);
#96=LINE('',#3205,#282);
#97=LINE('',#3206,#283);
#98=LINE('',#3211,#284);
#99=LINE('',#3212,#285);
#100=LINE('',#3214,#286);
#101=LINE('',#3215,#287);
#102=LINE('',#3220,#288);
#103=LINE('',#3221,#289);
#104=LINE('',#3224,#290);
#105=LINE('',#3225,#291);
#106=LINE('',#3228,#292);
#107=LINE('',#3229,#293);
#108=LINE('',#3231,#294);
#109=LINE('',#3234,#295);
#110=LINE('',#3235,#296);
#111=LINE('',#3237,#297);
#112=LINE('',#3239,#298);
#113=LINE('',#3241,#299);
#114=LINE('',#3242,#300);
#115=LINE('',#3245,#301);
#116=LINE('',#3246,#302);
#117=LINE('',#3248,#303);
#118=LINE('',#3250,#304);
#119=LINE('',#3252,#305);
#120=LINE('',#3254,#306);
#121=LINE('',#3256,#307);
#122=LINE('',#3258,#308);
#123=LINE('',#3262,#309);
#124=LINE('',#3266,#310);
#125=LINE('',#3267,#311);
#126=LINE('',#3270,#312);
#127=LINE('',#3271,#313);
#128=LINE('',#3273,#314);
#129=LINE('',#3278,#315);
#130=LINE('',#3282,#316);
#131=LINE('',#3296,#317);
#132=LINE('',#3300,#318);
#133=LINE('',#3304,#319);
#134=LINE('',#3307,#320);
#135=LINE('',#3308,#321);
#136=LINE('',#3311,#322);
#137=LINE('',#3312,#323);
#138=LINE('',#3315,#324);
#139=LINE('',#3317,#325);
#140=LINE('',#3318,#326);
#141=LINE('',#3319,#327);
#142=LINE('',#3320,#328);
#143=LINE('',#3323,#329);
#144=LINE('',#3324,#330);
#145=LINE('',#3327,#331);
#146=LINE('',#3328,#332);
#147=LINE('',#3330,#333);
#148=LINE('',#3332,#334);
#149=LINE('',#3334,#335);
#150=LINE('',#3336,#336);
#151=LINE('',#3340,#337);
#152=LINE('',#3343,#338);
#153=LINE('',#3344,#339);
#154=LINE('',#3346,#340);
#155=LINE('',#3370,#341);
#156=LINE('',#3373,#342);
#157=LINE('',#3374,#343);
#158=LINE('',#3377,#344);
#159=LINE('',#3378,#345);
#160=LINE('',#3383,#346);
#161=LINE('',#3386,#347);
#162=LINE('',#3389,#348);
#163=LINE('',#3391,#349);
#164=LINE('',#3392,#350);
#165=LINE('',#3395,#351);
#166=LINE('',#3397,#352);
#167=LINE('',#3399,#353);
#168=LINE('',#3400,#354);
#169=LINE('',#3403,#355);
#170=LINE('',#3405,#356);
#171=LINE('',#3407,#357);
#172=LINE('',#3408,#358);
#173=LINE('',#3411,#359);
#174=LINE('',#3413,#360);
#175=LINE('',#3414,#361);
#176=LINE('',#3417,#362);
#177=LINE('',#3419,#363);
#178=LINE('',#3421,#364);
#179=LINE('',#3422,#365);
#180=LINE('',#3425,#366);
#181=LINE('',#3427,#367);
#182=LINE('',#3429,#368);
#183=LINE('',#3430,#369);
#184=LINE('',#3435,#370);
#185=LINE('',#3437,#371);
#186=LINE('',#3439,#372);
#187=LINE('',#3440,#373);
#188=LINE('',#3442,#374);
#189=LINE('',#3445,#375);
#190=LINE('',#3451,#376);
#191=LINE('',#3454,#377);
#192=LINE('',#3456,#378);
#193=LINE('',#3458,#379);
#194=LINE('',#3459,#380);
#195=LINE('',#3460,#381);
#196=LINE('',#3462,#382);
#197=LINE('',#3463,#383);
#198=LINE('',#3467,#384);
#199=LINE('',#3470,#385);
#200=LINE('',#3473,#386);
#201=LINE('',#3476,#387);
#202=LINE('',#3479,#388);
#203=LINE('',#3480,#389);
#204=LINE('',#3483,#390);
#205=LINE('',#3484,#391);
#206=LINE('',#3488,#392);
#207=LINE('',#3493,#393);
#208=LINE('',#3495,#394);
#209=LINE('',#3502,#395);
#210=LINE('',#3504,#396);
#211=LINE('',#3509,#397);
#212=LINE('',#3515,#398);
#213=LINE('',#3519,#399);
#214=LINE('',#3522,#400);
#215=LINE('',#3527,#401);
#216=LINE('',#3530,#402);
#217=LINE('',#3533,#403);
#218=LINE('',#3536,#404);
#219=LINE('',#3539,#405);
#220=LINE('',#3541,#406);
#221=LINE('',#3543,#407);
#222=LINE('',#3545,#408);
#223=LINE('',#3547,#409);
#224=LINE('',#3549,#410);
#225=VECTOR('',#2339,3.5);
#226=VECTOR('',#2366,10.);
#227=VECTOR('',#2367,10.);
#228=VECTOR('',#2374,10.);
#229=VECTOR('',#2375,10.);
#230=VECTOR('',#2378,10.);
#231=VECTOR('',#2381,10.);
#232=VECTOR('',#2394,10.);
#233=VECTOR('',#2395,10.);
#234=VECTOR('',#2400,10.);
#235=VECTOR('',#2401,10.);
#236=VECTOR('',#2430,10.);
#237=VECTOR('',#2431,10.);
#238=VECTOR('',#2442,10.);
#239=VECTOR('',#2443,10.);
#240=VECTOR('',#2448,10.);
#241=VECTOR('',#2449,10.);
#242=VECTOR('',#2460,10.);
#243=VECTOR('',#2461,10.);
#244=VECTOR('',#2474,10.);
#245=VECTOR('',#2475,10.);
#246=VECTOR('',#2478,10.);
#247=VECTOR('',#2481,10.);
#248=VECTOR('',#2486,10.);
#249=VECTOR('',#2487,10.);
#250=VECTOR('',#2500,10.);
#251=VECTOR('',#2501,10.);
#252=VECTOR('',#2506,10.);
#253=VECTOR('',#2507,10.);
#254=VECTOR('',#2518,10.);
#255=VECTOR('',#2519,10.);
#256=VECTOR('',#2524,10.);
#257=VECTOR('',#2525,10.);
#258=VECTOR('',#2528,10.);
#259=VECTOR('',#2529,10.);
#260=VECTOR('',#2534,10.);
#261=VECTOR('',#2535,10.);
#262=VECTOR('',#2538,10.);
#263=VECTOR('',#2539,10.);
#264=VECTOR('',#2544,10.);
#265=VECTOR('',#2545,10.);
#266=VECTOR('',#2548,10.);
#267=VECTOR('',#2549,10.);
#268=VECTOR('',#2552,10.);
#269=VECTOR('',#2553,10.);
#270=VECTOR('',#2560,10.);
#271=VECTOR('',#2561,10.);
#272=VECTOR('',#2564,10.);
#273=VECTOR('',#2565,10.);
#274=VECTOR('',#2568,10.);
#275=VECTOR('',#2569,10.);
#276=VECTOR('',#2574,10.);
#277=VECTOR('',#2575,10.);
#278=VECTOR('',#2578,10.);
#279=VECTOR('',#2579,10.);
#280=VECTOR('',#2582,10.);
#281=VECTOR('',#2583,10.);
#282=VECTOR('',#2586,10.);
#283=VECTOR('',#2587,10.);
#284=VECTOR('',#2592,10.);
#285=VECTOR('',#2593,10.);
#286=VECTOR('',#2596,10.);
#287=VECTOR('',#2597,10.);
#288=VECTOR('',#2602,10.);
#289=VECTOR('',#2603,10.);
#290=VECTOR('',#2606,10.);
#291=VECTOR('',#2607,10.);
#292=VECTOR('',#2610,10.);
#293=VECTOR('',#2611,10.);
#294=VECTOR('',#2614,10.);
#295=VECTOR('',#2617,10.);
#296=VECTOR('',#2618,10.);
#297=VECTOR('',#2619,10.);
#298=VECTOR('',#2620,10.);
#299=VECTOR('',#2621,10.);
#300=VECTOR('',#2622,10.);
#301=VECTOR('',#2625,10.);
#302=VECTOR('',#2626,10.);
#303=VECTOR('',#2629,10.);
#304=VECTOR('',#2632,10.);
#305=VECTOR('',#2633,10.);
#306=VECTOR('',#2634,10.);
#307=VECTOR('',#2635,10.);
#308=VECTOR('',#2636,10.);
#309=VECTOR('',#2639,10.);
#310=VECTOR('',#2642,10.);
#311=VECTOR('',#2643,10.);
#312=VECTOR('',#2646,10.);
#313=VECTOR('',#2647,10.);
#314=VECTOR('',#2650,10.);
#315=VECTOR('',#2657,3.5);
#316=VECTOR('',#2662,3.5);
#317=VECTOR('',#2679,3.5);
#318=VECTOR('',#2684,3.5);
#319=VECTOR('',#2689,3.5);
#320=VECTOR('',#2692,10.);
#321=VECTOR('',#2693,10.);
#322=VECTOR('',#2696,10.);
#323=VECTOR('',#2697,10.);
#324=VECTOR('',#2700,10.);
#325=VECTOR('',#2701,10.);
#326=VECTOR('',#2702,10.);
#327=VECTOR('',#2703,10.);
#328=VECTOR('',#2704,10.);
#329=VECTOR('',#2707,10.);
#330=VECTOR('',#2708,10.);
#331=VECTOR('',#2711,10.);
#332=VECTOR('',#2712,10.);
#333=VECTOR('',#2715,10.);
#334=VECTOR('',#2718,10.);
#335=VECTOR('',#2721,10.);
#336=VECTOR('',#2722,10.);
#337=VECTOR('',#2725,10.);
#338=VECTOR('',#2728,10.);
#339=VECTOR('',#2729,10.);
#340=VECTOR('',#2732,10.);
#341=VECTOR('',#2761,10.);
#342=VECTOR('',#2764,10.);
#343=VECTOR('',#2765,10.);
#344=VECTOR('',#2768,10.);
#345=VECTOR('',#2769,10.);
#346=VECTOR('',#2774,10.);
#347=VECTOR('',#2777,10.);
#348=VECTOR('',#2780,10.);
#349=VECTOR('',#2781,10.);
#350=VECTOR('',#2782,10.);
#351=VECTOR('',#2785,10.);
#352=VECTOR('',#2786,10.);
#353=VECTOR('',#2787,10.);
#354=VECTOR('',#2788,10.);
#355=VECTOR('',#2791,10.);
#356=VECTOR('',#2792,10.);
#357=VECTOR('',#2793,10.);
#358=VECTOR('',#2794,10.);
#359=VECTOR('',#2797,10.);
#360=VECTOR('',#2798,10.);
#361=VECTOR('',#2799,10.);
#362=VECTOR('',#2802,10.);
#363=VECTOR('',#2803,10.);
#364=VECTOR('',#2804,10.);
#365=VECTOR('',#2805,10.);
#366=VECTOR('',#2808,10.);
#367=VECTOR('',#2809,10.);
#368=VECTOR('',#2810,10.);
#369=VECTOR('',#2811,10.);
#370=VECTOR('',#2816,10.);
#371=VECTOR('',#2817,10.);
#372=VECTOR('',#2818,10.);
#373=VECTOR('',#2819,10.);
#374=VECTOR('',#2820,10.);
#375=VECTOR('',#2823,10.);
#376=VECTOR('',#2828,10.);
#377=VECTOR('',#2831,10.);
#378=VECTOR('',#2832,10.);
#379=VECTOR('',#2833,10.);
#380=VECTOR('',#2834,10.);
#381=VECTOR('',#2835,10.);
#382=VECTOR('',#2838,10.);
#383=VECTOR('',#2839,10.);
#384=VECTOR('',#2844,10.);
#385=VECTOR('',#2847,10.);
#386=VECTOR('',#2850,10.);
#387=VECTOR('',#2853,10.);
#388=VECTOR('',#2856,10.);
#389=VECTOR('',#2857,10.);
#390=VECTOR('',#2860,10.);
#391=VECTOR('',#2861,10.);
#392=VECTOR('',#2864,10.);
#393=VECTOR('',#2873,10.);
#394=VECTOR('',#2876,10.);
#395=VECTOR('',#2883,10.);
#396=VECTOR('',#2886,10.);
#397=VECTOR('',#2893,10.);
#398=VECTOR('',#2902,10.);
#399=VECTOR('',#2909,10.);
#400=VECTOR('',#2912,10.);
#401=VECTOR('',#2921,10.);
#402=VECTOR('',#2926,10.);
#403=VECTOR('',#2931,10.);
#404=VECTOR('',#2936,10.);
#405=VECTOR('',#2941,1.35);
#406=VECTOR('',#2944,1.35);
#407=VECTOR('',#2947,1.35);
#408=VECTOR('',#2950,1.35);
#409=VECTOR('',#2953,1.35);
#410=VECTOR('',#2956,1.35);
#411=CYLINDRICAL_SURFACE('',#2091,3.5);
#412=CYLINDRICAL_SURFACE('',#2105,1.5);
#413=CYLINDRICAL_SURFACE('',#2107,1.5);
#414=CYLINDRICAL_SURFACE('',#2109,1.5);
#415=CYLINDRICAL_SURFACE('',#2116,1.5);
#416=CYLINDRICAL_SURFACE('',#2117,1.5);
#417=CYLINDRICAL_SURFACE('',#2131,1.5);
#418=CYLINDRICAL_SURFACE('',#2137,1.5);
#419=CYLINDRICAL_SURFACE('',#2138,1.5);
#420=CYLINDRICAL_SURFACE('',#2144,1.5);
#421=CYLINDRICAL_SURFACE('',#2150,1.5);
#422=CYLINDRICAL_SURFACE('',#2151,1.5);
#423=CYLINDRICAL_SURFACE('',#2154,1.5);
#424=CYLINDRICAL_SURFACE('',#2160,1.5);
#425=CYLINDRICAL_SURFACE('',#2161,1.5);
#426=CYLINDRICAL_SURFACE('',#2167,1.5);
#427=CYLINDRICAL_SURFACE('',#2168,1.5);
#428=CYLINDRICAL_SURFACE('',#2170,1.5);
#429=CYLINDRICAL_SURFACE('',#2171,1.5);
#430=CYLINDRICAL_SURFACE('',#2173,1.5);
#431=CYLINDRICAL_SURFACE('',#2174,1.5);
#432=CYLINDRICAL_SURFACE('',#2176,1.5);
#433=CYLINDRICAL_SURFACE('',#2177,1.5);
#434=CYLINDRICAL_SURFACE('',#2179,1.5);
#435=CYLINDRICAL_SURFACE('',#2181,1.5);
#436=CYLINDRICAL_SURFACE('',#2182,1.5);
#437=CYLINDRICAL_SURFACE('',#2183,1.5);
#438=CYLINDRICAL_SURFACE('',#2185,1.5);
#439=CYLINDRICAL_SURFACE('',#2186,1.5);
#440=CYLINDRICAL_SURFACE('',#2187,1.5);
#441=CYLINDRICAL_SURFACE('',#2188,1.5);
#442=CYLINDRICAL_SURFACE('',#2190,1.5);
#443=CYLINDRICAL_SURFACE('',#2191,1.5);
#444=CYLINDRICAL_SURFACE('',#2205,3.5);
#445=CYLINDRICAL_SURFACE('',#2207,3.5);
#446=CYLINDRICAL_SURFACE('',#2215,3.5);
#447=CYLINDRICAL_SURFACE('',#2217,3.5);
#448=CYLINDRICAL_SURFACE('',#2219,3.5);
#449=CYLINDRICAL_SURFACE('',#2244,1.);
#450=CYLINDRICAL_SURFACE('',#2248,1.);
#451=CYLINDRICAL_SURFACE('',#2265,1.);
#452=CYLINDRICAL_SURFACE('',#2267,1.);
#453=CYLINDRICAL_SURFACE('',#2273,1.);
#454=CYLINDRICAL_SURFACE('',#2275,1.);
#455=CYLINDRICAL_SURFACE('',#2276,1.);
#456=CYLINDRICAL_SURFACE('',#2278,1.);
#457=CYLINDRICAL_SURFACE('',#2281,1.);
#458=CYLINDRICAL_SURFACE('',#2285,1.);
#459=CYLINDRICAL_SURFACE('',#2289,1.);
#460=CYLINDRICAL_SURFACE('',#2297,1.);
#461=CYLINDRICAL_SURFACE('',#2303,1.85);
#462=CYLINDRICAL_SURFACE('',#2304,1.85);
#463=CYLINDRICAL_SURFACE('',#2305,1.85);
#464=CYLINDRICAL_SURFACE('',#2306,1.85);
#465=CYLINDRICAL_SURFACE('',#2307,1.85);
#466=CYLINDRICAL_SURFACE('',#2308,1.85);
#467=FACE_BOUND('',#610,.T.);
#468=FACE_BOUND('',#612,.T.);
#469=FACE_BOUND('',#614,.T.);
#470=FACE_BOUND('',#616,.T.);
#471=FACE_BOUND('',#675,.T.);
#472=FACE_BOUND('',#677,.T.);
#473=FACE_BOUND('',#691,.T.);
#474=FACE_BOUND('',#693,.T.);
#475=FACE_BOUND('',#695,.T.);
#476=FACE_BOUND('',#697,.T.);
#477=FACE_BOUND('',#699,.T.);
#478=FACE_BOUND('',#701,.T.);
#479=FACE_BOUND('',#733,.T.);
#480=FACE_BOUND('',#734,.T.);
#481=FACE_BOUND('',#735,.T.);
#482=FACE_BOUND('',#736,.T.);
#483=FACE_BOUND('',#737,.T.);
#484=FACE_BOUND('',#738,.T.);
#485=FACE_OUTER_BOUND('',#609,.T.);
#486=FACE_OUTER_BOUND('',#611,.T.);
#487=FACE_OUTER_BOUND('',#613,.T.);
#488=FACE_OUTER_BOUND('',#615,.T.);
#489=FACE_OUTER_BOUND('',#617,.T.);
#490=FACE_OUTER_BOUND('',#618,.T.);
#491=FACE_OUTER_BOUND('',#619,.T.);
#492=FACE_OUTER_BOUND('',#620,.T.);
#493=FACE_OUTER_BOUND('',#621,.T.);
#494=FACE_OUTER_BOUND('',#622,.T.);
#495=FACE_OUTER_BOUND('',#623,.T.);
#496=FACE_OUTER_BOUND('',#624,.T.);
#497=FACE_OUTER_BOUND('',#625,.T.);
#498=FACE_OUTER_BOUND('',#626,.T.);
#499=FACE_OUTER_BOUND('',#627,.T.);
#500=FACE_OUTER_BOUND('',#628,.T.);
#501=FACE_OUTER_BOUND('',#629,.T.);
#502=FACE_OUTER_BOUND('',#630,.T.);
#503=FACE_OUTER_BOUND('',#631,.T.);
#504=FACE_OUTER_BOUND('',#632,.T.);
#505=FACE_OUTER_BOUND('',#633,.T.);
#506=FACE_OUTER_BOUND('',#634,.T.);
#507=FACE_OUTER_BOUND('',#635,.T.);
#508=FACE_OUTER_BOUND('',#636,.T.);
#509=FACE_OUTER_BOUND('',#637,.T.);
#510=FACE_OUTER_BOUND('',#638,.T.);
#511=FACE_OUTER_BOUND('',#639,.T.);
#512=FACE_OUTER_BOUND('',#640,.T.);
#513=FACE_OUTER_BOUND('',#641,.T.);
#514=FACE_OUTER_BOUND('',#642,.T.);
#515=FACE_OUTER_BOUND('',#643,.T.);
#516=FACE_OUTER_BOUND('',#644,.T.);
#517=FACE_OUTER_BOUND('',#645,.T.);
#518=FACE_OUTER_BOUND('',#646,.T.);
#519=FACE_OUTER_BOUND('',#647,.T.);
#520=FACE_OUTER_BOUND('',#648,.T.);
#521=FACE_OUTER_BOUND('',#649,.T.);
#522=FACE_OUTER_BOUND('',#650,.T.);
#523=FACE_OUTER_BOUND('',#651,.T.);
#524=FACE_OUTER_BOUND('',#652,.T.);
#525=FACE_OUTER_BOUND('',#653,.T.);
#526=FACE_OUTER_BOUND('',#654,.T.);
#527=FACE_OUTER_BOUND('',#655,.T.);
#528=FACE_OUTER_BOUND('',#656,.T.);
#529=FACE_OUTER_BOUND('',#657,.T.);
#530=FACE_OUTER_BOUND('',#658,.T.);
#531=FACE_OUTER_BOUND('',#659,.T.);
#532=FACE_OUTER_BOUND('',#660,.T.);
#533=FACE_OUTER_BOUND('',#661,.T.);
#534=FACE_OUTER_BOUND('',#662,.T.);
#535=FACE_OUTER_BOUND('',#663,.T.);
#536=FACE_OUTER_BOUND('',#664,.T.);
#537=FACE_OUTER_BOUND('',#665,.T.);
#538=FACE_OUTER_BOUND('',#666,.T.);
#539=FACE_OUTER_BOUND('',#667,.T.);
#540=FACE_OUTER_BOUND('',#668,.T.);
#541=FACE_OUTER_BOUND('',#669,.T.);
#542=FACE_OUTER_BOUND('',#670,.T.);
#543=FACE_OUTER_BOUND('',#671,.T.);
#544=FACE_OUTER_BOUND('',#672,.T.);
#545=FACE_OUTER_BOUND('',#673,.T.);
#546=FACE_OUTER_BOUND('',#674,.T.);
#547=FACE_OUTER_BOUND('',#676,.T.);
#548=FACE_OUTER_BOUND('',#678,.T.);
#549=FACE_OUTER_BOUND('',#679,.T.);
#550=FACE_OUTER_BOUND('',#680,.T.);
#551=FACE_OUTER_BOUND('',#681,.T.);
#552=FACE_OUTER_BOUND('',#682,.T.);
#553=FACE_OUTER_BOUND('',#683,.T.);
#554=FACE_OUTER_BOUND('',#684,.T.);
#555=FACE_OUTER_BOUND('',#685,.T.);
#556=FACE_OUTER_BOUND('',#686,.T.);
#557=FACE_OUTER_BOUND('',#687,.T.);
#558=FACE_OUTER_BOUND('',#688,.T.);
#559=FACE_OUTER_BOUND('',#689,.T.);
#560=FACE_OUTER_BOUND('',#690,.T.);
#561=FACE_OUTER_BOUND('',#692,.T.);
#562=FACE_OUTER_BOUND('',#694,.T.);
#563=FACE_OUTER_BOUND('',#696,.T.);
#564=FACE_OUTER_BOUND('',#698,.T.);
#565=FACE_OUTER_BOUND('',#700,.T.);
#566=FACE_OUTER_BOUND('',#702,.T.);
#567=FACE_OUTER_BOUND('',#703,.T.);
#568=FACE_OUTER_BOUND('',#704,.T.);
#569=FACE_OUTER_BOUND('',#705,.T.);
#570=FACE_OUTER_BOUND('',#706,.T.);
#571=FACE_OUTER_BOUND('',#707,.T.);
#572=FACE_OUTER_BOUND('',#708,.T.);
#573=FACE_OUTER_BOUND('',#709,.T.);
#574=FACE_OUTER_BOUND('',#710,.T.);
#575=FACE_OUTER_BOUND('',#711,.T.);
#576=FACE_OUTER_BOUND('',#712,.T.);
#577=FACE_OUTER_BOUND('',#713,.T.);
#578=FACE_OUTER_BOUND('',#714,.T.);
#579=FACE_OUTER_BOUND('',#715,.T.);
#580=FACE_OUTER_BOUND('',#716,.T.);
#581=FACE_OUTER_BOUND('',#717,.T.);
#582=FACE_OUTER_BOUND('',#718,.T.);
#583=FACE_OUTER_BOUND('',#719,.T.);
#584=FACE_OUTER_BOUND('',#720,.T.);
#585=FACE_OUTER_BOUND('',#721,.T.);
#586=FACE_OUTER_BOUND('',#722,.T.);
#587=FACE_OUTER_BOUND('',#723,.T.);
#588=FACE_OUTER_BOUND('',#724,.T.);
#589=FACE_OUTER_BOUND('',#725,.T.);
#590=FACE_OUTER_BOUND('',#726,.T.);
#591=FACE_OUTER_BOUND('',#727,.T.);
#592=FACE_OUTER_BOUND('',#728,.T.);
#593=FACE_OUTER_BOUND('',#729,.T.);
#594=FACE_OUTER_BOUND('',#730,.T.);
#595=FACE_OUTER_BOUND('',#731,.T.);
#596=FACE_OUTER_BOUND('',#732,.T.);
#597=FACE_OUTER_BOUND('',#739,.T.);
#598=FACE_OUTER_BOUND('',#740,.T.);
#599=FACE_OUTER_BOUND('',#741,.T.);
#600=FACE_OUTER_BOUND('',#742,.T.);
#601=FACE_OUTER_BOUND('',#743,.T.);
#602=FACE_OUTER_BOUND('',#744,.T.);
#603=FACE_OUTER_BOUND('',#745,.T.);
#604=FACE_OUTER_BOUND('',#746,.T.);
#605=FACE_OUTER_BOUND('',#747,.T.);
#606=FACE_OUTER_BOUND('',#748,.T.);
#607=FACE_OUTER_BOUND('',#749,.T.);
#608=FACE_OUTER_BOUND('',#750,.T.);
#609=EDGE_LOOP('',(#1317));
#610=EDGE_LOOP('',(#1318));
#611=EDGE_LOOP('',(#1319));
#612=EDGE_LOOP('',(#1320));
#613=EDGE_LOOP('',(#1321));
#614=EDGE_LOOP('',(#1322));
#615=EDGE_LOOP('',(#1323));
#616=EDGE_LOOP('',(#1324));
#617=EDGE_LOOP('',(#1325,#1326,#1327,#1328));
#618=EDGE_LOOP('',(#1329,#1330,#1331));
#619=EDGE_LOOP('',(#1332,#1333,#1334));
#620=EDGE_LOOP('',(#1335,#1336,#1337));
#621=EDGE_LOOP('',(#1338,#1339,#1340,#1341));
#622=EDGE_LOOP('',(#1342,#1343,#1344,#1345));
#623=EDGE_LOOP('',(#1346,#1347,#1348,#1349));
#624=EDGE_LOOP('',(#1350,#1351,#1352));
#625=EDGE_LOOP('',(#1353,#1354,#1355,#1356));
#626=EDGE_LOOP('',(#1357,#1358,#1359,#1360));
#627=EDGE_LOOP('',(#1361,#1362,#1363));
#628=EDGE_LOOP('',(#1364,#1365,#1366));
#629=EDGE_LOOP('',(#1367,#1368,#1369));
#630=EDGE_LOOP('',(#1370,#1371,#1372,#1373));
#631=EDGE_LOOP('',(#1374,#1375,#1376));
#632=EDGE_LOOP('',(#1377,#1378,#1379,#1380));
#633=EDGE_LOOP('',(#1381,#1382,#1383,#1384));
#634=EDGE_LOOP('',(#1385,#1386,#1387));
#635=EDGE_LOOP('',(#1388,#1389,#1390,#1391));
#636=EDGE_LOOP('',(#1392,#1393,#1394));
#637=EDGE_LOOP('',(#1395,#1396,#1397,#1398));
#638=EDGE_LOOP('',(#1399,#1400,#1401,#1402));
#639=EDGE_LOOP('',(#1403,#1404,#1405,#1406));
#640=EDGE_LOOP('',(#1407,#1408,#1409));
#641=EDGE_LOOP('',(#1410,#1411,#1412,#1413));
#642=EDGE_LOOP('',(#1414,#1415,#1416,#1417));
#643=EDGE_LOOP('',(#1418,#1419,#1420));
#644=EDGE_LOOP('',(#1421,#1422,#1423,#1424));
#645=EDGE_LOOP('',(#1425,#1426,#1427,#1428));
#646=EDGE_LOOP('',(#1429,#1430,#1431,#1432));
#647=EDGE_LOOP('',(#1433,#1434,#1435,#1436));
#648=EDGE_LOOP('',(#1437,#1438,#1439,#1440));
#649=EDGE_LOOP('',(#1441,#1442,#1443,#1444));
#650=EDGE_LOOP('',(#1445,#1446,#1447,#1448));
#651=EDGE_LOOP('',(#1449,#1450,#1451,#1452));
#652=EDGE_LOOP('',(#1453,#1454,#1455,#1456));
#653=EDGE_LOOP('',(#1457,#1458,#1459,#1460));
#654=EDGE_LOOP('',(#1461,#1462,#1463,#1464));
#655=EDGE_LOOP('',(#1465,#1466,#1467,#1468));
#656=EDGE_LOOP('',(#1469,#1470,#1471,#1472));
#657=EDGE_LOOP('',(#1473,#1474,#1475,#1476));
#658=EDGE_LOOP('',(#1477,#1478,#1479,#1480));
#659=EDGE_LOOP('',(#1481,#1482,#1483,#1484));
#660=EDGE_LOOP('',(#1485,#1486,#1487,#1488));
#661=EDGE_LOOP('',(#1489,#1490,#1491,#1492));
#662=EDGE_LOOP('',(#1493,#1494,#1495,#1496));
#663=EDGE_LOOP('',(#1497,#1498,#1499,#1500));
#664=EDGE_LOOP('',(#1501,#1502,#1503,#1504));
#665=EDGE_LOOP('',(#1505,#1506,#1507,#1508,#1509,#1510,#1511,#1512,#1513,
#1514,#1515,#1516));
#666=EDGE_LOOP('',(#1517,#1518,#1519,#1520));
#667=EDGE_LOOP('',(#1521,#1522,#1523,#1524));
#668=EDGE_LOOP('',(#1525,#1526,#1527,#1528,#1529,#1530,#1531,#1532,#1533,
#1534,#1535,#1536,#1537,#1538));
#669=EDGE_LOOP('',(#1539,#1540,#1541,#1542));
#670=EDGE_LOOP('',(#1543,#1544,#1545,#1546));
#671=EDGE_LOOP('',(#1547,#1548,#1549,#1550,#1551,#1552,#1553,#1554,#1555,
#1556,#1557,#1558,#1559,#1560,#1561,#1562,#1563,#1564,#1565,#1566));
#672=EDGE_LOOP('',(#1567,#1568,#1569,#1570));
#673=EDGE_LOOP('',(#1571,#1572,#1573,#1574));
#674=EDGE_LOOP('',(#1575));
#675=EDGE_LOOP('',(#1576));
#676=EDGE_LOOP('',(#1577));
#677=EDGE_LOOP('',(#1578));
#678=EDGE_LOOP('',(#1579,#1580,#1581,#1582));
#679=EDGE_LOOP('',(#1583,#1584,#1585,#1586));
#680=EDGE_LOOP('',(#1587,#1588,#1589,#1590));
#681=EDGE_LOOP('',(#1591,#1592,#1593,#1594));
#682=EDGE_LOOP('',(#1595,#1596,#1597,#1598));
#683=EDGE_LOOP('',(#1599,#1600,#1601,#1602,#1603,#1604,#1605,#1606,#1607,
#1608,#1609,#1610));
#684=EDGE_LOOP('',(#1611,#1612,#1613,#1614));
#685=EDGE_LOOP('',(#1615,#1616,#1617,#1618));
#686=EDGE_LOOP('',(#1619,#1620,#1621,#1622));
#687=EDGE_LOOP('',(#1623,#1624,#1625,#1626));
#688=EDGE_LOOP('',(#1627,#1628,#1629,#1630,#1631,#1632,#1633,#1634,#1635,
#1636,#1637,#1638));
#689=EDGE_LOOP('',(#1639,#1640,#1641,#1642));
#690=EDGE_LOOP('',(#1643,#1644,#1645,#1646,#1647,#1648));
#691=EDGE_LOOP('',(#1649));
#692=EDGE_LOOP('',(#1650,#1651,#1652,#1653,#1654,#1655));
#693=EDGE_LOOP('',(#1656));
#694=EDGE_LOOP('',(#1657,#1658,#1659,#1660,#1661,#1662));
#695=EDGE_LOOP('',(#1663));
#696=EDGE_LOOP('',(#1664,#1665,#1666,#1667,#1668,#1669));
#697=EDGE_LOOP('',(#1670));
#698=EDGE_LOOP('',(#1671,#1672,#1673,#1674,#1675,#1676));
#699=EDGE_LOOP('',(#1677));
#700=EDGE_LOOP('',(#1678,#1679,#1680,#1681,#1682,#1683));
#701=EDGE_LOOP('',(#1684));
#702=EDGE_LOOP('',(#1685,#1686,#1687,#1688,#1689,#1690));
#703=EDGE_LOOP('',(#1691,#1692,#1693,#1694));
#704=EDGE_LOOP('',(#1695,#1696,#1697,#1698,#1699,#1700));
#705=EDGE_LOOP('',(#1701,#1702,#1703,#1704));
#706=EDGE_LOOP('',(#1705,#1706,#1707,#1708,#1709,#1710,#1711,#1712));
#707=EDGE_LOOP('',(#1713,#1714,#1715,#1716,#1717,#1718,#1719,#1720));
#708=EDGE_LOOP('',(#1721,#1722,#1723,#1724));
#709=EDGE_LOOP('',(#1725,#1726,#1727,#1728,#1729,#1730));
#710=EDGE_LOOP('',(#1731,#1732,#1733,#1734,#1735,#1736));
#711=EDGE_LOOP('',(#1737,#1738,#1739,#1740,#1741,#1742,#1743,#1744,#1745,
#1746));
#712=EDGE_LOOP('',(#1747,#1748,#1749,#1750,#1751,#1752,#1753,#1754,#1755,
#1756));
#713=EDGE_LOOP('',(#1757,#1758,#1759,#1760));
#714=EDGE_LOOP('',(#1761,#1762,#1763,#1764));
#715=EDGE_LOOP('',(#1765,#1766,#1767,#1768));
#716=EDGE_LOOP('',(#1769,#1770,#1771,#1772));
#717=EDGE_LOOP('',(#1773,#1774,#1775,#1776));
#718=EDGE_LOOP('',(#1777,#1778,#1779,#1780,#1781,#1782,#1783,#1784,#1785,
#1786));
#719=EDGE_LOOP('',(#1787,#1788,#1789,#1790));
#720=EDGE_LOOP('',(#1791,#1792,#1793,#1794));
#721=EDGE_LOOP('',(#1795,#1796,#1797,#1798));
#722=EDGE_LOOP('',(#1799,#1800,#1801,#1802));
#723=EDGE_LOOP('',(#1803,#1804,#1805,#1806));
#724=EDGE_LOOP('',(#1807,#1808,#1809,#1810));
#725=EDGE_LOOP('',(#1811,#1812,#1813));
#726=EDGE_LOOP('',(#1814,#1815,#1816,#1817));
#727=EDGE_LOOP('',(#1818,#1819,#1820));
#728=EDGE_LOOP('',(#1821,#1822,#1823,#1824));
#729=EDGE_LOOP('',(#1825,#1826,#1827));
#730=EDGE_LOOP('',(#1828,#1829,#1830));
#731=EDGE_LOOP('',(#1831,#1832,#1833,#1834,#1835,#1836,#1837,#1838,#1839,
#1840));
#732=EDGE_LOOP('',(#1841,#1842,#1843,#1844));
#733=EDGE_LOOP('',(#1845));
#734=EDGE_LOOP('',(#1846));
#735=EDGE_LOOP('',(#1847));
#736=EDGE_LOOP('',(#1848));
#737=EDGE_LOOP('',(#1849));
#738=EDGE_LOOP('',(#1850));
#739=EDGE_LOOP('',(#1851,#1852,#1853,#1854));
#740=EDGE_LOOP('',(#1855,#1856,#1857,#1858));
#741=EDGE_LOOP('',(#1859,#1860,#1861,#1862));
#742=EDGE_LOOP('',(#1863,#1864,#1865,#1866,#1867));
#743=EDGE_LOOP('',(#1868,#1869,#1870,#1871));
#744=EDGE_LOOP('',(#1872,#1873,#1874,#1875,#1876));
#745=EDGE_LOOP('',(#1877,#1878,#1879,#1880));
#746=EDGE_LOOP('',(#1881,#1882,#1883,#1884));
#747=EDGE_LOOP('',(#1885,#1886,#1887,#1888));
#748=EDGE_LOOP('',(#1889,#1890,#1891,#1892));
#749=EDGE_LOOP('',(#1893,#1894,#1895,#1896));
#750=EDGE_LOOP('',(#1897,#1898,#1899,#1900));
#751=CIRCLE('',#2080,3.5);
#752=CIRCLE('',#2081,1.85);
#753=CIRCLE('',#2083,3.5);
#754=CIRCLE('',#2084,1.85);
#755=CIRCLE('',#2086,3.5);
#756=CIRCLE('',#2087,1.85);
#757=CIRCLE('',#2089,3.5);
#758=CIRCLE('',#2090,1.85);
#759=CIRCLE('',#2092,3.5);
#760=CIRCLE('',#2094,1.5);
#761=CIRCLE('',#2095,1.5);
#762=CIRCLE('',#2096,1.5);
#763=CIRCLE('',#2098,1.5);
#764=CIRCLE('',#2099,1.5);
#765=CIRCLE('',#2100,1.5);
#766=CIRCLE('',#2102,1.5);
#767=CIRCLE('',#2103,1.5);
#768=CIRCLE('',#2104,1.49999999999999);
#769=CIRCLE('',#2108,1.5);
#770=CIRCLE('',#2113,1.5);
#771=CIRCLE('',#2114,1.5);
#772=CIRCLE('',#2115,1.5);
#773=CIRCLE('',#2118,1.5);
#774=CIRCLE('',#2120,1.5);
#775=CIRCLE('',#2121,1.5);
#776=CIRCLE('',#2122,1.5);
#777=CIRCLE('',#2124,1.5);
#778=CIRCLE('',#2125,1.5);
#779=CIRCLE('',#2126,1.5);
#780=CIRCLE('',#2128,1.5);
#781=CIRCLE('',#2129,1.5);
#782=CIRCLE('',#2130,1.5);
#783=CIRCLE('',#2132,1.5);
#784=CIRCLE('',#2134,1.5);
#785=CIRCLE('',#2135,1.5);
#786=CIRCLE('',#2136,1.5);
#787=CIRCLE('',#2139,1.5);
#788=CIRCLE('',#2141,1.5);
#789=CIRCLE('',#2142,1.5);
#790=CIRCLE('',#2143,1.5);
#791=CIRCLE('',#2147,1.5);
#792=CIRCLE('',#2148,1.5);
#793=CIRCLE('',#2149,1.5);
#794=CIRCLE('',#2157,1.5);
#795=CIRCLE('',#2158,1.5);
#796=CIRCLE('',#2159,1.5);
#797=CIRCLE('',#2162,1.5);
#798=CIRCLE('',#2164,1.5);
#799=CIRCLE('',#2165,1.5);
#800=CIRCLE('',#2166,1.5);
#801=CIRCLE('',#2169,1.5);
#802=CIRCLE('',#2172,1.5);
#803=CIRCLE('',#2175,1.5);
#804=CIRCLE('',#2180,1.5);
#805=CIRCLE('',#2184,1.5);
#806=CIRCLE('',#2189,1.5);
#807=CIRCLE('',#2192,1.5);
#808=CIRCLE('',#2200,1.);
#809=CIRCLE('',#2201,1.);
#810=CIRCLE('',#2206,3.5);
#811=CIRCLE('',#2208,3.5);
#812=CIRCLE('',#2210,3.5);
#813=CIRCLE('',#2211,1.85);
#814=CIRCLE('',#2213,3.5);
#815=CIRCLE('',#2214,1.85);
#816=CIRCLE('',#2216,3.5);
#817=CIRCLE('',#2218,3.5);
#818=CIRCLE('',#2220,3.5);
#819=CIRCLE('',#2229,1.);
#820=CIRCLE('',#2230,1.);
#821=CIRCLE('',#2233,1.85);
#822=CIRCLE('',#2235,1.85);
#823=CIRCLE('',#2237,1.85);
#824=CIRCLE('',#2239,1.85);
#825=CIRCLE('',#2241,1.85);
#826=CIRCLE('',#2243,1.85);
#827=CIRCLE('',#2245,1.);
#828=CIRCLE('',#2246,1.);
#829=CIRCLE('',#2249,1.);
#830=CIRCLE('',#2250,1.);
#831=CIRCLE('',#2258,1.);
#832=CIRCLE('',#2259,1.);
#833=CIRCLE('',#2261,1.);
#834=CIRCLE('',#2262,1.);
#835=CIRCLE('',#2266,0.999999999999998);
#836=CIRCLE('',#2268,1.);
#837=CIRCLE('',#2271,1.);
#838=CIRCLE('',#2272,1.);
#839=CIRCLE('',#2274,1.);
#840=CIRCLE('',#2279,1.00000000000001);
#841=CIRCLE('',#2280,1.);
#842=CIRCLE('',#2282,1.);
#843=CIRCLE('',#2283,0.999999999999988);
#844=CIRCLE('',#2286,1.);
#845=CIRCLE('',#2287,1.);
#846=CIRCLE('',#2290,1.);
#847=CIRCLE('',#2291,1.);
#848=CIRCLE('',#2294,1.);
#849=VERTEX_POINT('',#2959);
#850=VERTEX_POINT('',#2961);
#851=VERTEX_POINT('',#2964);
#852=VERTEX_POINT('',#2966);
#853=VERTEX_POINT('',#2969);
#854=VERTEX_POINT('',#2971);
#855=VERTEX_POINT('',#2974);
#856=VERTEX_POINT('',#2976);
#857=VERTEX_POINT('',#2979);
#858=VERTEX_POINT('',#2983);
#859=VERTEX_POINT('',#2984);
#860=VERTEX_POINT('',#2986);
#861=VERTEX_POINT('',#2990);
#862=VERTEX_POINT('',#2991);
#863=VERTEX_POINT('',#2993);
#864=VERTEX_POINT('',#2997);
#865=VERTEX_POINT('',#2998);
#866=VERTEX_POINT('',#3000);
#867=VERTEX_POINT('',#3004);
#868=VERTEX_POINT('',#3006);
#869=VERTEX_POINT('',#3010);
#870=VERTEX_POINT('',#3011);
#871=VERTEX_POINT('',#3016);
#872=VERTEX_POINT('',#3017);
#873=VERTEX_POINT('',#3019);
#874=VERTEX_POINT('',#3021);
#875=VERTEX_POINT('',#3025);
#876=VERTEX_POINT('',#3026);
#877=VERTEX_POINT('',#3028);
#878=VERTEX_POINT('',#3035);
#879=VERTEX_POINT('',#3036);
#880=VERTEX_POINT('',#3041);
#881=VERTEX_POINT('',#3042);
#882=VERTEX_POINT('',#3044);
#883=VERTEX_POINT('',#3048);
#884=VERTEX_POINT('',#3049);
#885=VERTEX_POINT('',#3051);
#886=VERTEX_POINT('',#3055);
#887=VERTEX_POINT('',#3056);
#888=VERTEX_POINT('',#3058);
#889=VERTEX_POINT('',#3062);
#890=VERTEX_POINT('',#3063);
#891=VERTEX_POINT('',#3068);
#892=VERTEX_POINT('',#3069);
#893=VERTEX_POINT('',#3071);
#894=VERTEX_POINT('',#3078);
#895=VERTEX_POINT('',#3079);
#896=VERTEX_POINT('',#3084);
#897=VERTEX_POINT('',#3085);
#898=VERTEX_POINT('',#3087);
#899=VERTEX_POINT('',#3091);
#900=VERTEX_POINT('',#3093);
#901=VERTEX_POINT('',#3097);
#902=VERTEX_POINT('',#3098);
#903=VERTEX_POINT('',#3100);
#904=VERTEX_POINT('',#3107);
#905=VERTEX_POINT('',#3108);
#906=VERTEX_POINT('',#3110);
#907=VERTEX_POINT('',#3112);
#908=VERTEX_POINT('',#3116);
#909=VERTEX_POINT('',#3118);
#910=VERTEX_POINT('',#3122);
#911=VERTEX_POINT('',#3123);
#912=VERTEX_POINT('',#3125);
#913=VERTEX_POINT('',#3132);
#914=VERTEX_POINT('',#3133);
#915=VERTEX_POINT('',#3138);
#916=VERTEX_POINT('',#3139);
#917=VERTEX_POINT('',#3141);
#918=VERTEX_POINT('',#3148);
#919=VERTEX_POINT('',#3149);
#920=VERTEX_POINT('',#3157);
#921=VERTEX_POINT('',#3158);
#922=VERTEX_POINT('',#3166);
#923=VERTEX_POINT('',#3167);
#924=VERTEX_POINT('',#3175);
#925=VERTEX_POINT('',#3177);
#926=VERTEX_POINT('',#3181);
#927=VERTEX_POINT('',#3182);
#928=VERTEX_POINT('',#3193);
#929=VERTEX_POINT('',#3194);
#930=VERTEX_POINT('',#3208);
#931=VERTEX_POINT('',#3209);
#932=VERTEX_POINT('',#3217);
#933=VERTEX_POINT('',#3218);
#934=VERTEX_POINT('',#3223);
#935=VERTEX_POINT('',#3227);
#936=VERTEX_POINT('',#3233);
#937=VERTEX_POINT('',#3236);
#938=VERTEX_POINT('',#3238);
#939=VERTEX_POINT('',#3240);
#940=VERTEX_POINT('',#3244);
#941=VERTEX_POINT('',#3251);
#942=VERTEX_POINT('',#3253);
#943=VERTEX_POINT('',#3255);
#944=VERTEX_POINT('',#3257);
#945=VERTEX_POINT('',#3259);
#946=VERTEX_POINT('',#3261);
#947=VERTEX_POINT('',#3263);
#948=VERTEX_POINT('',#3265);
#949=VERTEX_POINT('',#3269);
#950=VERTEX_POINT('',#3276);
#951=VERTEX_POINT('',#3280);
#952=VERTEX_POINT('',#3284);
#953=VERTEX_POINT('',#3286);
#954=VERTEX_POINT('',#3289);
#955=VERTEX_POINT('',#3291);
#956=VERTEX_POINT('',#3294);
#957=VERTEX_POINT('',#3298);
#958=VERTEX_POINT('',#3302);
#959=VERTEX_POINT('',#3306);
#960=VERTEX_POINT('',#3310);
#961=VERTEX_POINT('',#3314);
#962=VERTEX_POINT('',#3316);
#963=VERTEX_POINT('',#3322);
#964=VERTEX_POINT('',#3326);
#965=VERTEX_POINT('',#3335);
#966=VERTEX_POINT('',#3337);
#967=VERTEX_POINT('',#3339);
#968=VERTEX_POINT('',#3341);
#969=VERTEX_POINT('',#3348);
#970=VERTEX_POINT('',#3351);
#971=VERTEX_POINT('',#3354);
#972=VERTEX_POINT('',#3357);
#973=VERTEX_POINT('',#3360);
#974=VERTEX_POINT('',#3363);
#975=VERTEX_POINT('',#3366);
#976=VERTEX_POINT('',#3367);
#977=VERTEX_POINT('',#3369);
#978=VERTEX_POINT('',#3371);
#979=VERTEX_POINT('',#3376);
#980=VERTEX_POINT('',#3380);
#981=VERTEX_POINT('',#3381);
#982=VERTEX_POINT('',#3384);
#983=VERTEX_POINT('',#3388);
#984=VERTEX_POINT('',#3390);
#985=VERTEX_POINT('',#3394);
#986=VERTEX_POINT('',#3396);
#987=VERTEX_POINT('',#3398);
#988=VERTEX_POINT('',#3402);
#989=VERTEX_POINT('',#3404);
#990=VERTEX_POINT('',#3406);
#991=VERTEX_POINT('',#3410);
#992=VERTEX_POINT('',#3412);
#993=VERTEX_POINT('',#3416);
#994=VERTEX_POINT('',#3418);
#995=VERTEX_POINT('',#3420);
#996=VERTEX_POINT('',#3424);
#997=VERTEX_POINT('',#3426);
#998=VERTEX_POINT('',#3428);
#999=VERTEX_POINT('',#3432);
#1000=VERTEX_POINT('',#3433);
#1001=VERTEX_POINT('',#3436);
#1002=VERTEX_POINT('',#3438);
#1003=VERTEX_POINT('',#3441);
#1004=VERTEX_POINT('',#3443);
#1005=VERTEX_POINT('',#3447);
#1006=VERTEX_POINT('',#3448);
#1007=VERTEX_POINT('',#3450);
#1008=VERTEX_POINT('',#3452);
#1009=VERTEX_POINT('',#3455);
#1010=VERTEX_POINT('',#3457);
#1011=VERTEX_POINT('',#3466);
#1012=VERTEX_POINT('',#3468);
#1013=VERTEX_POINT('',#3472);
#1014=VERTEX_POINT('',#3474);
#1015=VERTEX_POINT('',#3478);
#1016=VERTEX_POINT('',#3482);
#1017=VERTEX_POINT('',#3485);
#1018=VERTEX_POINT('',#3487);
#1019=VERTEX_POINT('',#3498);
#1020=VERTEX_POINT('',#3499);
#1021=VERTEX_POINT('',#3501);
#1022=VERTEX_POINT('',#3506);
#1023=VERTEX_POINT('',#3512);
#1024=VERTEX_POINT('',#3520);
#1025=EDGE_CURVE('',#849,#849,#751,.T.);
#1026=EDGE_CURVE('',#850,#850,#752,.T.);
#1027=EDGE_CURVE('',#851,#851,#753,.T.);
#1028=EDGE_CURVE('',#852,#852,#754,.T.);
#1029=EDGE_CURVE('',#853,#853,#755,.T.);
#1030=EDGE_CURVE('',#854,#854,#756,.T.);
#1031=EDGE_CURVE('',#855,#855,#757,.T.);
#1032=EDGE_CURVE('',#856,#856,#758,.T.);
#1033=EDGE_CURVE('',#857,#857,#759,.T.);
#1034=EDGE_CURVE('',#857,#855,#39,.T.);
#1035=EDGE_CURVE('',#858,#859,#760,.F.);
#1036=EDGE_CURVE('',#860,#858,#761,.F.);
#1037=EDGE_CURVE('',#859,#860,#762,.F.);
#1038=EDGE_CURVE('',#861,#862,#763,.F.);
#1039=EDGE_CURVE('',#863,#861,#764,.F.);
#1040=EDGE_CURVE('',#862,#863,#765,.F.);
#1041=EDGE_CURVE('',#864,#865,#766,.F.);
#1042=EDGE_CURVE('',#866,#864,#767,.F.);
#1043=EDGE_CURVE('',#865,#866,#768,.F.);
#1044=EDGE_CURVE('',#867,#866,#40,.T.);
#1045=EDGE_CURVE('',#864,#868,#41,.T.);
#1046=EDGE_CURVE('',#868,#867,#15,.T.);
#1047=EDGE_CURVE('',#869,#870,#769,.T.);
#1048=EDGE_CURVE('',#870,#865,#42,.T.);
#1049=EDGE_CURVE('',#866,#869,#43,.T.);
#1050=EDGE_CURVE('',#871,#872,#44,.T.);
#1051=EDGE_CURVE('',#872,#873,#16,.T.);
#1052=EDGE_CURVE('',#873,#874,#45,.T.);
#1053=EDGE_CURVE('',#874,#871,#17,.T.);
#1054=EDGE_CURVE('',#875,#876,#770,.F.);
#1055=EDGE_CURVE('',#877,#875,#771,.F.);
#1056=EDGE_CURVE('',#876,#877,#772,.F.);
#1057=EDGE_CURVE('',#865,#877,#46,.T.);
#1058=EDGE_CURVE('',#875,#864,#47,.T.);
#1059=EDGE_CURVE('',#878,#879,#773,.T.);
#1060=EDGE_CURVE('',#879,#876,#48,.T.);
#1061=EDGE_CURVE('',#877,#878,#49,.T.);
#1062=EDGE_CURVE('',#880,#881,#774,.F.);
#1063=EDGE_CURVE('',#882,#880,#775,.F.);
#1064=EDGE_CURVE('',#881,#882,#776,.F.);
#1065=EDGE_CURVE('',#883,#884,#777,.F.);
#1066=EDGE_CURVE('',#885,#883,#778,.F.);
#1067=EDGE_CURVE('',#884,#885,#779,.F.);
#1068=EDGE_CURVE('',#886,#887,#780,.F.);
#1069=EDGE_CURVE('',#888,#886,#781,.F.);
#1070=EDGE_CURVE('',#887,#888,#782,.F.);
#1071=EDGE_CURVE('',#889,#890,#783,.T.);
#1072=EDGE_CURVE('',#890,#888,#50,.T.);
#1073=EDGE_CURVE('',#886,#889,#51,.T.);
#1074=EDGE_CURVE('',#891,#892,#784,.F.);
#1075=EDGE_CURVE('',#893,#891,#785,.F.);
#1076=EDGE_CURVE('',#892,#893,#786,.F.);
#1077=EDGE_CURVE('',#888,#893,#52,.T.);
#1078=EDGE_CURVE('',#891,#887,#53,.T.);
#1079=EDGE_CURVE('',#894,#895,#787,.T.);
#1080=EDGE_CURVE('',#895,#892,#54,.T.);
#1081=EDGE_CURVE('',#893,#894,#55,.T.);
#1082=EDGE_CURVE('',#896,#897,#788,.F.);
#1083=EDGE_CURVE('',#898,#896,#789,.F.);
#1084=EDGE_CURVE('',#897,#898,#790,.F.);
#1085=EDGE_CURVE('',#899,#898,#56,.T.);
#1086=EDGE_CURVE('',#896,#900,#57,.T.);
#1087=EDGE_CURVE('',#900,#899,#18,.T.);
#1088=EDGE_CURVE('',#901,#902,#791,.F.);
#1089=EDGE_CURVE('',#903,#901,#792,.F.);
#1090=EDGE_CURVE('',#902,#903,#793,.F.);
#1091=EDGE_CURVE('',#898,#903,#58,.T.);
#1092=EDGE_CURVE('',#901,#897,#59,.T.);
#1093=EDGE_CURVE('',#904,#905,#60,.T.);
#1094=EDGE_CURVE('',#905,#906,#19,.T.);
#1095=EDGE_CURVE('',#906,#907,#61,.T.);
#1096=EDGE_CURVE('',#907,#904,#20,.T.);
#1097=EDGE_CURVE('',#908,#902,#62,.T.);
#1098=EDGE_CURVE('',#903,#909,#63,.T.);
#1099=EDGE_CURVE('',#909,#908,#21,.T.);
#1100=EDGE_CURVE('',#910,#911,#794,.F.);
#1101=EDGE_CURVE('',#912,#910,#795,.F.);
#1102=EDGE_CURVE('',#911,#912,#796,.F.);
#1103=EDGE_CURVE('',#905,#912,#64,.T.);
#1104=EDGE_CURVE('',#910,#906,#65,.T.);
#1105=EDGE_CURVE('',#913,#914,#797,.T.);
#1106=EDGE_CURVE('',#914,#911,#66,.T.);
#1107=EDGE_CURVE('',#912,#913,#67,.T.);
#1108=EDGE_CURVE('',#915,#916,#798,.F.);
#1109=EDGE_CURVE('',#917,#915,#799,.F.);
#1110=EDGE_CURVE('',#916,#917,#800,.F.);
#1111=EDGE_CURVE('',#911,#917,#68,.T.);
#1112=EDGE_CURVE('',#915,#910,#69,.T.);
#1113=EDGE_CURVE('',#918,#919,#801,.T.);
#1114=EDGE_CURVE('',#919,#916,#70,.T.);
#1115=EDGE_CURVE('',#917,#918,#71,.T.);
#1116=EDGE_CURVE('',#909,#915,#72,.T.);
#1117=EDGE_CURVE('',#916,#908,#73,.T.);
#1118=EDGE_CURVE('',#920,#921,#802,.T.);
#1119=EDGE_CURVE('',#921,#901,#74,.T.);
#1120=EDGE_CURVE('',#902,#920,#75,.T.);
#1121=EDGE_CURVE('',#907,#891,#76,.T.);
#1122=EDGE_CURVE('',#892,#904,#77,.T.);
#1123=EDGE_CURVE('',#922,#923,#803,.T.);
#1124=EDGE_CURVE('',#923,#896,#78,.T.);
#1125=EDGE_CURVE('',#897,#922,#79,.T.);
#1126=EDGE_CURVE('',#900,#885,#80,.T.);
#1127=EDGE_CURVE('',#883,#899,#81,.T.);
#1128=EDGE_CURVE('',#924,#886,#82,.T.);
#1129=EDGE_CURVE('',#887,#925,#83,.T.);
#1130=EDGE_CURVE('',#925,#924,#22,.T.);
#1131=EDGE_CURVE('',#926,#927,#804,.T.);
#1132=EDGE_CURVE('',#927,#884,#84,.T.);
#1133=EDGE_CURVE('',#885,#926,#85,.T.);
#1134=EDGE_CURVE('',#884,#882,#86,.T.);
#1135=EDGE_CURVE('',#880,#883,#87,.T.);
#1136=EDGE_CURVE('',#925,#875,#88,.T.);
#1137=EDGE_CURVE('',#876,#924,#89,.T.);
#1138=EDGE_CURVE('',#928,#929,#805,.T.);
#1139=EDGE_CURVE('',#929,#881,#90,.T.);
#1140=EDGE_CURVE('',#882,#928,#91,.T.);
#1141=EDGE_CURVE('',#872,#880,#92,.T.);
#1142=EDGE_CURVE('',#881,#873,#93,.T.);
#1143=EDGE_CURVE('',#874,#863,#94,.T.);
#1144=EDGE_CURVE('',#861,#871,#95,.T.);
#1145=EDGE_CURVE('',#868,#858,#96,.T.);
#1146=EDGE_CURVE('',#859,#867,#97,.T.);
#1147=EDGE_CURVE('',#930,#931,#806,.T.);
#1148=EDGE_CURVE('',#931,#862,#98,.T.);
#1149=EDGE_CURVE('',#863,#930,#99,.T.);
#1150=EDGE_CURVE('',#862,#860,#100,.T.);
#1151=EDGE_CURVE('',#858,#861,#101,.T.);
#1152=EDGE_CURVE('',#932,#933,#807,.T.);
#1153=EDGE_CURVE('',#933,#859,#102,.T.);
#1154=EDGE_CURVE('',#860,#932,#103,.T.);
#1155=EDGE_CURVE('',#905,#934,#104,.T.);
#1156=EDGE_CURVE('',#934,#913,#105,.T.);
#1157=EDGE_CURVE('',#935,#904,#106,.T.);
#1158=EDGE_CURVE('',#934,#935,#107,.T.);
#1159=EDGE_CURVE('',#895,#935,#108,.T.);
#1160=EDGE_CURVE('',#936,#918,#109,.T.);
#1161=EDGE_CURVE('',#914,#894,#110,.T.);
#1162=EDGE_CURVE('',#890,#937,#111,.T.);
#1163=EDGE_CURVE('',#938,#937,#112,.T.);
#1164=EDGE_CURVE('',#938,#939,#113,.T.);
#1165=EDGE_CURVE('',#939,#936,#114,.T.);
#1166=EDGE_CURVE('',#940,#924,#115,.T.);
#1167=EDGE_CURVE('',#889,#940,#116,.T.);
#1168=EDGE_CURVE('',#879,#940,#117,.T.);
#1169=EDGE_CURVE('',#937,#878,#118,.T.);
#1170=EDGE_CURVE('',#870,#941,#119,.T.);
#1171=EDGE_CURVE('',#942,#941,#120,.T.);
#1172=EDGE_CURVE('',#942,#943,#121,.T.);
#1173=EDGE_CURVE('',#943,#944,#122,.T.);
#1174=EDGE_CURVE('',#945,#944,#808,.T.);
#1175=EDGE_CURVE('',#945,#946,#123,.T.);
#1176=EDGE_CURVE('',#947,#946,#809,.T.);
#1177=EDGE_CURVE('',#947,#948,#124,.T.);
#1178=EDGE_CURVE('',#948,#938,#125,.T.);
#1179=EDGE_CURVE('',#949,#867,#126,.T.);
#1180=EDGE_CURVE('',#869,#949,#127,.T.);
#1181=EDGE_CURVE('',#933,#949,#128,.T.);
#1182=EDGE_CURVE('',#950,#950,#810,.T.);
#1183=EDGE_CURVE('',#950,#849,#129,.T.);
#1184=EDGE_CURVE('',#951,#951,#811,.T.);
#1185=EDGE_CURVE('',#951,#851,#130,.T.);
#1186=EDGE_CURVE('',#952,#952,#812,.T.);
#1187=EDGE_CURVE('',#953,#953,#813,.T.);
#1188=EDGE_CURVE('',#954,#954,#814,.T.);
#1189=EDGE_CURVE('',#955,#955,#815,.T.);
#1190=EDGE_CURVE('',#956,#956,#816,.T.);
#1191=EDGE_CURVE('',#956,#853,#131,.T.);
#1192=EDGE_CURVE('',#957,#957,#817,.T.);
#1193=EDGE_CURVE('',#957,#952,#132,.T.);
#1194=EDGE_CURVE('',#958,#958,#818,.T.);
#1195=EDGE_CURVE('',#958,#954,#133,.T.);
#1196=EDGE_CURVE('',#919,#959,#134,.T.);
#1197=EDGE_CURVE('',#959,#908,#135,.T.);
#1198=EDGE_CURVE('',#929,#960,#136,.T.);
#1199=EDGE_CURVE('',#960,#873,#137,.T.);
#1200=EDGE_CURVE('',#927,#961,#138,.T.);
#1201=EDGE_CURVE('',#961,#962,#139,.T.);
#1202=EDGE_CURVE('',#962,#942,#140,.T.);
#1203=EDGE_CURVE('',#941,#932,#141,.T.);
#1204=EDGE_CURVE('',#931,#928,#142,.T.);
#1205=EDGE_CURVE('',#900,#963,#143,.T.);
#1206=EDGE_CURVE('',#963,#926,#144,.T.);
#1207=EDGE_CURVE('',#874,#964,#145,.T.);
#1208=EDGE_CURVE('',#964,#930,#146,.T.);
#1209=EDGE_CURVE('',#920,#959,#147,.T.);
#1210=EDGE_CURVE('',#923,#963,#148,.T.);
#1211=EDGE_CURVE('',#921,#936,#149,.T.);
#1212=EDGE_CURVE('',#965,#939,#150,.F.);
#1213=EDGE_CURVE('',#966,#965,#819,.T.);
#1214=EDGE_CURVE('',#967,#966,#151,.T.);
#1215=EDGE_CURVE('',#967,#968,#820,.F.);
#1216=EDGE_CURVE('',#968,#962,#152,.T.);
#1217=EDGE_CURVE('',#961,#922,#153,.T.);
#1218=EDGE_CURVE('',#964,#960,#154,.T.);
#1219=EDGE_CURVE('',#969,#969,#821,.T.);
#1220=EDGE_CURVE('',#970,#970,#822,.T.);
#1221=EDGE_CURVE('',#971,#971,#823,.T.);
#1222=EDGE_CURVE('',#972,#972,#824,.T.);
#1223=EDGE_CURVE('',#973,#973,#825,.T.);
#1224=EDGE_CURVE('',#974,#974,#826,.T.);
#1225=EDGE_CURVE('',#975,#976,#827,.T.);
#1226=EDGE_CURVE('',#976,#977,#155,.T.);
#1227=EDGE_CURVE('',#977,#978,#828,.T.);
#1228=EDGE_CURVE('',#978,#966,#156,.T.);
#1229=EDGE_CURVE('',#975,#965,#157,.F.);
#1230=EDGE_CURVE('',#978,#979,#158,.T.);
#1231=EDGE_CURVE('',#967,#979,#159,.T.);
#1232=EDGE_CURVE('',#980,#981,#829,.F.);
#1233=EDGE_CURVE('',#980,#968,#160,.T.);
#1234=EDGE_CURVE('',#979,#982,#830,.T.);
#1235=EDGE_CURVE('',#982,#981,#161,.T.);
#1236=EDGE_CURVE('',#982,#983,#162,.T.);
#1237=EDGE_CURVE('',#983,#984,#163,.T.);
#1238=EDGE_CURVE('',#984,#981,#164,.T.);
#1239=EDGE_CURVE('',#943,#985,#165,.T.);
#1240=EDGE_CURVE('',#986,#980,#166,.F.);
#1241=EDGE_CURVE('',#987,#986,#167,.T.);
#1242=EDGE_CURVE('',#985,#987,#168,.T.);
#1243=EDGE_CURVE('',#988,#948,#169,.T.);
#1244=EDGE_CURVE('',#989,#988,#170,.T.);
#1245=EDGE_CURVE('',#990,#989,#171,.T.);
#1246=EDGE_CURVE('',#975,#990,#172,.T.);
#1247=EDGE_CURVE('',#976,#991,#173,.T.);
#1248=EDGE_CURVE('',#991,#992,#174,.T.);
#1249=EDGE_CURVE('',#977,#992,#175,.T.);
#1250=EDGE_CURVE('',#985,#993,#176,.T.);
#1251=EDGE_CURVE('',#993,#994,#177,.T.);
#1252=EDGE_CURVE('',#995,#994,#178,.T.);
#1253=EDGE_CURVE('',#944,#995,#179,.T.);
#1254=EDGE_CURVE('',#996,#947,#180,.T.);
#1255=EDGE_CURVE('',#997,#996,#181,.T.);
#1256=EDGE_CURVE('',#997,#998,#182,.T.);
#1257=EDGE_CURVE('',#988,#998,#183,.T.);
#1258=EDGE_CURVE('',#999,#1000,#831,.T.);
#1259=EDGE_CURVE('',#994,#999,#184,.T.);
#1260=EDGE_CURVE('',#1001,#993,#185,.T.);
#1261=EDGE_CURVE('',#1002,#1001,#186,.T.);
#1262=EDGE_CURVE('',#984,#1002,#187,.T.);
#1263=EDGE_CURVE('',#1003,#983,#188,.T.);
#1264=EDGE_CURVE('',#1004,#1003,#832,.T.);
#1265=EDGE_CURVE('',#1000,#1004,#189,.T.);
#1266=EDGE_CURVE('',#1005,#1006,#833,.T.);
#1267=EDGE_CURVE('',#1007,#1005,#190,.T.);
#1268=EDGE_CURVE('',#1008,#1007,#834,.T.);
#1269=EDGE_CURVE('',#992,#1008,#191,.T.);
#1270=EDGE_CURVE('',#1009,#991,#192,.T.);
#1271=EDGE_CURVE('',#1010,#1009,#193,.T.);
#1272=EDGE_CURVE('',#998,#1010,#194,.T.);
#1273=EDGE_CURVE('',#1006,#997,#195,.T.);
#1274=EDGE_CURVE('',#1001,#987,#196,.T.);
#1275=EDGE_CURVE('',#1002,#986,#197,.T.);
#1276=EDGE_CURVE('',#1000,#1011,#198,.T.);
#1277=EDGE_CURVE('',#1012,#1011,#835,.T.);
#1278=EDGE_CURVE('',#1012,#999,#199,.T.);
#1279=EDGE_CURVE('',#1007,#1013,#200,.T.);
#1280=EDGE_CURVE('',#1014,#1013,#836,.T.);
#1281=EDGE_CURVE('',#1014,#1008,#201,.T.);
#1282=EDGE_CURVE('',#1015,#1005,#202,.T.);
#1283=EDGE_CURVE('',#1013,#1015,#203,.T.);
#1284=EDGE_CURVE('',#1016,#1012,#204,.T.);
#1285=EDGE_CURVE('',#1006,#1016,#205,.T.);
#1286=EDGE_CURVE('',#1017,#996,#837,.T.);
#1287=EDGE_CURVE('',#1017,#1018,#206,.T.);
#1288=EDGE_CURVE('',#995,#1018,#838,.T.);
#1289=EDGE_CURVE('',#1015,#1016,#839,.T.);
#1290=EDGE_CURVE('',#1018,#945,#207,.T.);
#1291=EDGE_CURVE('',#946,#1017,#208,.T.);
#1292=EDGE_CURVE('',#1019,#1020,#840,.T.);
#1293=EDGE_CURVE('',#1020,#1021,#209,.T.);
#1294=EDGE_CURVE('',#1021,#1011,#841,.T.);
#1295=EDGE_CURVE('',#1011,#1019,#210,.T.);
#1296=EDGE_CURVE('',#1022,#1016,#842,.T.);
#1297=EDGE_CURVE('',#1012,#1021,#843,.T.);
#1298=EDGE_CURVE('',#1021,#1022,#211,.T.);
#1299=EDGE_CURVE('',#1023,#1013,#844,.T.);
#1300=EDGE_CURVE('',#1015,#1022,#845,.T.);
#1301=EDGE_CURVE('',#1022,#1023,#212,.T.);
#1302=EDGE_CURVE('',#1014,#1023,#846,.T.);
#1303=EDGE_CURVE('',#1023,#1020,#213,.T.);
#1304=EDGE_CURVE('',#1020,#1024,#847,.T.);
#1305=EDGE_CURVE('',#1024,#1014,#214,.T.);
#1306=EDGE_CURVE('',#1019,#1024,#848,.T.);
#1307=EDGE_CURVE('',#1003,#1024,#215,.T.);
#1308=EDGE_CURVE('',#1019,#1004,#216,.T.);
#1309=EDGE_CURVE('',#1010,#989,#217,.T.);
#1310=EDGE_CURVE('',#1009,#990,#218,.T.);
#1311=EDGE_CURVE('',#969,#854,#219,.T.);
#1312=EDGE_CURVE('',#970,#850,#220,.T.);
#1313=EDGE_CURVE('',#972,#955,#221,.T.);
#1314=EDGE_CURVE('',#974,#852,#222,.T.);
#1315=EDGE_CURVE('',#971,#856,#223,.T.);
#1316=EDGE_CURVE('',#973,#953,#224,.T.);
#1317=ORIENTED_EDGE('',*,*,#1025,.F.);
#1318=ORIENTED_EDGE('',*,*,#1026,.T.);
#1319=ORIENTED_EDGE('',*,*,#1027,.F.);
#1320=ORIENTED_EDGE('',*,*,#1028,.T.);
#1321=ORIENTED_EDGE('',*,*,#1029,.F.);
#1322=ORIENTED_EDGE('',*,*,#1030,.T.);
#1323=ORIENTED_EDGE('',*,*,#1031,.F.);
#1324=ORIENTED_EDGE('',*,*,#1032,.T.);
#1325=ORIENTED_EDGE('',*,*,#1033,.F.);
#1326=ORIENTED_EDGE('',*,*,#1034,.T.);
#1327=ORIENTED_EDGE('',*,*,#1031,.T.);
#1328=ORIENTED_EDGE('',*,*,#1034,.F.);
#1329=ORIENTED_EDGE('',*,*,#1035,.F.);
#1330=ORIENTED_EDGE('',*,*,#1036,.F.);
#1331=ORIENTED_EDGE('',*,*,#1037,.F.);
#1332=ORIENTED_EDGE('',*,*,#1038,.F.);
#1333=ORIENTED_EDGE('',*,*,#1039,.F.);
#1334=ORIENTED_EDGE('',*,*,#1040,.F.);
#1335=ORIENTED_EDGE('',*,*,#1041,.F.);
#1336=ORIENTED_EDGE('',*,*,#1042,.F.);
#1337=ORIENTED_EDGE('',*,*,#1043,.F.);
#1338=ORIENTED_EDGE('',*,*,#1044,.T.);
#1339=ORIENTED_EDGE('',*,*,#1042,.T.);
#1340=ORIENTED_EDGE('',*,*,#1045,.T.);
#1341=ORIENTED_EDGE('',*,*,#1046,.T.);
#1342=ORIENTED_EDGE('',*,*,#1047,.T.);
#1343=ORIENTED_EDGE('',*,*,#1048,.T.);
#1344=ORIENTED_EDGE('',*,*,#1043,.T.);
#1345=ORIENTED_EDGE('',*,*,#1049,.T.);
#1346=ORIENTED_EDGE('',*,*,#1050,.T.);
#1347=ORIENTED_EDGE('',*,*,#1051,.T.);
#1348=ORIENTED_EDGE('',*,*,#1052,.T.);
#1349=ORIENTED_EDGE('',*,*,#1053,.T.);
#1350=ORIENTED_EDGE('',*,*,#1054,.F.);
#1351=ORIENTED_EDGE('',*,*,#1055,.F.);
#1352=ORIENTED_EDGE('',*,*,#1056,.F.);
#1353=ORIENTED_EDGE('',*,*,#1041,.T.);
#1354=ORIENTED_EDGE('',*,*,#1057,.T.);
#1355=ORIENTED_EDGE('',*,*,#1055,.T.);
#1356=ORIENTED_EDGE('',*,*,#1058,.T.);
#1357=ORIENTED_EDGE('',*,*,#1059,.T.);
#1358=ORIENTED_EDGE('',*,*,#1060,.T.);
#1359=ORIENTED_EDGE('',*,*,#1056,.T.);
#1360=ORIENTED_EDGE('',*,*,#1061,.T.);
#1361=ORIENTED_EDGE('',*,*,#1062,.F.);
#1362=ORIENTED_EDGE('',*,*,#1063,.F.);
#1363=ORIENTED_EDGE('',*,*,#1064,.F.);
#1364=ORIENTED_EDGE('',*,*,#1065,.F.);
#1365=ORIENTED_EDGE('',*,*,#1066,.F.);
#1366=ORIENTED_EDGE('',*,*,#1067,.F.);
#1367=ORIENTED_EDGE('',*,*,#1068,.F.);
#1368=ORIENTED_EDGE('',*,*,#1069,.F.);
#1369=ORIENTED_EDGE('',*,*,#1070,.F.);
#1370=ORIENTED_EDGE('',*,*,#1071,.T.);
#1371=ORIENTED_EDGE('',*,*,#1072,.T.);
#1372=ORIENTED_EDGE('',*,*,#1069,.T.);
#1373=ORIENTED_EDGE('',*,*,#1073,.T.);
#1374=ORIENTED_EDGE('',*,*,#1074,.F.);
#1375=ORIENTED_EDGE('',*,*,#1075,.F.);
#1376=ORIENTED_EDGE('',*,*,#1076,.F.);
#1377=ORIENTED_EDGE('',*,*,#1070,.T.);
#1378=ORIENTED_EDGE('',*,*,#1077,.T.);
#1379=ORIENTED_EDGE('',*,*,#1075,.T.);
#1380=ORIENTED_EDGE('',*,*,#1078,.T.);
#1381=ORIENTED_EDGE('',*,*,#1079,.T.);
#1382=ORIENTED_EDGE('',*,*,#1080,.T.);
#1383=ORIENTED_EDGE('',*,*,#1076,.T.);
#1384=ORIENTED_EDGE('',*,*,#1081,.T.);
#1385=ORIENTED_EDGE('',*,*,#1082,.F.);
#1386=ORIENTED_EDGE('',*,*,#1083,.F.);
#1387=ORIENTED_EDGE('',*,*,#1084,.F.);
#1388=ORIENTED_EDGE('',*,*,#1085,.T.);
#1389=ORIENTED_EDGE('',*,*,#1083,.T.);
#1390=ORIENTED_EDGE('',*,*,#1086,.T.);
#1391=ORIENTED_EDGE('',*,*,#1087,.T.);
#1392=ORIENTED_EDGE('',*,*,#1088,.F.);
#1393=ORIENTED_EDGE('',*,*,#1089,.F.);
#1394=ORIENTED_EDGE('',*,*,#1090,.F.);
#1395=ORIENTED_EDGE('',*,*,#1084,.T.);
#1396=ORIENTED_EDGE('',*,*,#1091,.T.);
#1397=ORIENTED_EDGE('',*,*,#1089,.T.);
#1398=ORIENTED_EDGE('',*,*,#1092,.T.);
#1399=ORIENTED_EDGE('',*,*,#1093,.T.);
#1400=ORIENTED_EDGE('',*,*,#1094,.T.);
#1401=ORIENTED_EDGE('',*,*,#1095,.T.);
#1402=ORIENTED_EDGE('',*,*,#1096,.T.);
#1403=ORIENTED_EDGE('',*,*,#1097,.T.);
#1404=ORIENTED_EDGE('',*,*,#1090,.T.);
#1405=ORIENTED_EDGE('',*,*,#1098,.T.);
#1406=ORIENTED_EDGE('',*,*,#1099,.T.);
#1407=ORIENTED_EDGE('',*,*,#1100,.F.);
#1408=ORIENTED_EDGE('',*,*,#1101,.F.);
#1409=ORIENTED_EDGE('',*,*,#1102,.F.);
#1410=ORIENTED_EDGE('',*,*,#1103,.T.);
#1411=ORIENTED_EDGE('',*,*,#1101,.T.);
#1412=ORIENTED_EDGE('',*,*,#1104,.T.);
#1413=ORIENTED_EDGE('',*,*,#1094,.F.);
#1414=ORIENTED_EDGE('',*,*,#1105,.T.);
#1415=ORIENTED_EDGE('',*,*,#1106,.T.);
#1416=ORIENTED_EDGE('',*,*,#1102,.T.);
#1417=ORIENTED_EDGE('',*,*,#1107,.T.);
#1418=ORIENTED_EDGE('',*,*,#1108,.F.);
#1419=ORIENTED_EDGE('',*,*,#1109,.F.);
#1420=ORIENTED_EDGE('',*,*,#1110,.F.);
#1421=ORIENTED_EDGE('',*,*,#1100,.T.);
#1422=ORIENTED_EDGE('',*,*,#1111,.T.);
#1423=ORIENTED_EDGE('',*,*,#1109,.T.);
#1424=ORIENTED_EDGE('',*,*,#1112,.T.);
#1425=ORIENTED_EDGE('',*,*,#1113,.T.);
#1426=ORIENTED_EDGE('',*,*,#1114,.T.);
#1427=ORIENTED_EDGE('',*,*,#1110,.T.);
#1428=ORIENTED_EDGE('',*,*,#1115,.T.);
#1429=ORIENTED_EDGE('',*,*,#1116,.T.);
#1430=ORIENTED_EDGE('',*,*,#1108,.T.);
#1431=ORIENTED_EDGE('',*,*,#1117,.T.);
#1432=ORIENTED_EDGE('',*,*,#1099,.F.);
#1433=ORIENTED_EDGE('',*,*,#1118,.T.);
#1434=ORIENTED_EDGE('',*,*,#1119,.T.);
#1435=ORIENTED_EDGE('',*,*,#1088,.T.);
#1436=ORIENTED_EDGE('',*,*,#1120,.T.);
#1437=ORIENTED_EDGE('',*,*,#1121,.T.);
#1438=ORIENTED_EDGE('',*,*,#1074,.T.);
#1439=ORIENTED_EDGE('',*,*,#1122,.T.);
#1440=ORIENTED_EDGE('',*,*,#1096,.F.);
#1441=ORIENTED_EDGE('',*,*,#1123,.T.);
#1442=ORIENTED_EDGE('',*,*,#1124,.T.);
#1443=ORIENTED_EDGE('',*,*,#1082,.T.);
#1444=ORIENTED_EDGE('',*,*,#1125,.T.);
#1445=ORIENTED_EDGE('',*,*,#1126,.T.);
#1446=ORIENTED_EDGE('',*,*,#1066,.T.);
#1447=ORIENTED_EDGE('',*,*,#1127,.T.);
#1448=ORIENTED_EDGE('',*,*,#1087,.F.);
#1449=ORIENTED_EDGE('',*,*,#1128,.T.);
#1450=ORIENTED_EDGE('',*,*,#1068,.T.);
#1451=ORIENTED_EDGE('',*,*,#1129,.T.);
#1452=ORIENTED_EDGE('',*,*,#1130,.T.);
#1453=ORIENTED_EDGE('',*,*,#1131,.T.);
#1454=ORIENTED_EDGE('',*,*,#1132,.T.);
#1455=ORIENTED_EDGE('',*,*,#1067,.T.);
#1456=ORIENTED_EDGE('',*,*,#1133,.T.);
#1457=ORIENTED_EDGE('',*,*,#1065,.T.);
#1458=ORIENTED_EDGE('',*,*,#1134,.T.);
#1459=ORIENTED_EDGE('',*,*,#1063,.T.);
#1460=ORIENTED_EDGE('',*,*,#1135,.T.);
#1461=ORIENTED_EDGE('',*,*,#1136,.T.);
#1462=ORIENTED_EDGE('',*,*,#1054,.T.);
#1463=ORIENTED_EDGE('',*,*,#1137,.T.);
#1464=ORIENTED_EDGE('',*,*,#1130,.F.);
#1465=ORIENTED_EDGE('',*,*,#1138,.T.);
#1466=ORIENTED_EDGE('',*,*,#1139,.T.);
#1467=ORIENTED_EDGE('',*,*,#1064,.T.);
#1468=ORIENTED_EDGE('',*,*,#1140,.T.);
#1469=ORIENTED_EDGE('',*,*,#1141,.T.);
#1470=ORIENTED_EDGE('',*,*,#1062,.T.);
#1471=ORIENTED_EDGE('',*,*,#1142,.T.);
#1472=ORIENTED_EDGE('',*,*,#1051,.F.);
#1473=ORIENTED_EDGE('',*,*,#1143,.T.);
#1474=ORIENTED_EDGE('',*,*,#1039,.T.);
#1475=ORIENTED_EDGE('',*,*,#1144,.T.);
#1476=ORIENTED_EDGE('',*,*,#1053,.F.);
#1477=ORIENTED_EDGE('',*,*,#1145,.T.);
#1478=ORIENTED_EDGE('',*,*,#1035,.T.);
#1479=ORIENTED_EDGE('',*,*,#1146,.T.);
#1480=ORIENTED_EDGE('',*,*,#1046,.F.);
#1481=ORIENTED_EDGE('',*,*,#1147,.T.);
#1482=ORIENTED_EDGE('',*,*,#1148,.T.);
#1483=ORIENTED_EDGE('',*,*,#1040,.T.);
#1484=ORIENTED_EDGE('',*,*,#1149,.T.);
#1485=ORIENTED_EDGE('',*,*,#1038,.T.);
#1486=ORIENTED_EDGE('',*,*,#1150,.T.);
#1487=ORIENTED_EDGE('',*,*,#1036,.T.);
#1488=ORIENTED_EDGE('',*,*,#1151,.T.);
#1489=ORIENTED_EDGE('',*,*,#1152,.T.);
#1490=ORIENTED_EDGE('',*,*,#1153,.T.);
#1491=ORIENTED_EDGE('',*,*,#1037,.T.);
#1492=ORIENTED_EDGE('',*,*,#1154,.T.);
#1493=ORIENTED_EDGE('',*,*,#1107,.F.);
#1494=ORIENTED_EDGE('',*,*,#1103,.F.);
#1495=ORIENTED_EDGE('',*,*,#1155,.T.);
#1496=ORIENTED_EDGE('',*,*,#1156,.T.);
#1497=ORIENTED_EDGE('',*,*,#1093,.F.);
#1498=ORIENTED_EDGE('',*,*,#1157,.F.);
#1499=ORIENTED_EDGE('',*,*,#1158,.F.);
#1500=ORIENTED_EDGE('',*,*,#1155,.F.);
#1501=ORIENTED_EDGE('',*,*,#1122,.F.);
#1502=ORIENTED_EDGE('',*,*,#1080,.F.);
#1503=ORIENTED_EDGE('',*,*,#1159,.T.);
#1504=ORIENTED_EDGE('',*,*,#1157,.T.);
#1505=ORIENTED_EDGE('',*,*,#1160,.T.);
#1506=ORIENTED_EDGE('',*,*,#1115,.F.);
#1507=ORIENTED_EDGE('',*,*,#1111,.F.);
#1508=ORIENTED_EDGE('',*,*,#1106,.F.);
#1509=ORIENTED_EDGE('',*,*,#1161,.T.);
#1510=ORIENTED_EDGE('',*,*,#1081,.F.);
#1511=ORIENTED_EDGE('',*,*,#1077,.F.);
#1512=ORIENTED_EDGE('',*,*,#1072,.F.);
#1513=ORIENTED_EDGE('',*,*,#1162,.T.);
#1514=ORIENTED_EDGE('',*,*,#1163,.F.);
#1515=ORIENTED_EDGE('',*,*,#1164,.T.);
#1516=ORIENTED_EDGE('',*,*,#1165,.T.);
#1517=ORIENTED_EDGE('',*,*,#1073,.F.);
#1518=ORIENTED_EDGE('',*,*,#1128,.F.);
#1519=ORIENTED_EDGE('',*,*,#1166,.F.);
#1520=ORIENTED_EDGE('',*,*,#1167,.F.);
#1521=ORIENTED_EDGE('',*,*,#1137,.F.);
#1522=ORIENTED_EDGE('',*,*,#1060,.F.);
#1523=ORIENTED_EDGE('',*,*,#1168,.T.);
#1524=ORIENTED_EDGE('',*,*,#1166,.T.);
#1525=ORIENTED_EDGE('',*,*,#1169,.T.);
#1526=ORIENTED_EDGE('',*,*,#1061,.F.);
#1527=ORIENTED_EDGE('',*,*,#1057,.F.);
#1528=ORIENTED_EDGE('',*,*,#1048,.F.);
#1529=ORIENTED_EDGE('',*,*,#1170,.T.);
#1530=ORIENTED_EDGE('',*,*,#1171,.F.);
#1531=ORIENTED_EDGE('',*,*,#1172,.T.);
#1532=ORIENTED_EDGE('',*,*,#1173,.T.);
#1533=ORIENTED_EDGE('',*,*,#1174,.F.);
#1534=ORIENTED_EDGE('',*,*,#1175,.T.);
#1535=ORIENTED_EDGE('',*,*,#1176,.F.);
#1536=ORIENTED_EDGE('',*,*,#1177,.T.);
#1537=ORIENTED_EDGE('',*,*,#1178,.T.);
#1538=ORIENTED_EDGE('',*,*,#1163,.T.);
#1539=ORIENTED_EDGE('',*,*,#1049,.F.);
#1540=ORIENTED_EDGE('',*,*,#1044,.F.);
#1541=ORIENTED_EDGE('',*,*,#1179,.F.);
#1542=ORIENTED_EDGE('',*,*,#1180,.F.);
#1543=ORIENTED_EDGE('',*,*,#1146,.F.);
#1544=ORIENTED_EDGE('',*,*,#1153,.F.);
#1545=ORIENTED_EDGE('',*,*,#1181,.T.);
#1546=ORIENTED_EDGE('',*,*,#1179,.T.);
#1547=ORIENTED_EDGE('',*,*,#1095,.F.);
#1548=ORIENTED_EDGE('',*,*,#1104,.F.);
#1549=ORIENTED_EDGE('',*,*,#1112,.F.);
#1550=ORIENTED_EDGE('',*,*,#1116,.F.);
#1551=ORIENTED_EDGE('',*,*,#1098,.F.);
#1552=ORIENTED_EDGE('',*,*,#1091,.F.);
#1553=ORIENTED_EDGE('',*,*,#1085,.F.);
#1554=ORIENTED_EDGE('',*,*,#1127,.F.);
#1555=ORIENTED_EDGE('',*,*,#1135,.F.);
#1556=ORIENTED_EDGE('',*,*,#1141,.F.);
#1557=ORIENTED_EDGE('',*,*,#1050,.F.);
#1558=ORIENTED_EDGE('',*,*,#1144,.F.);
#1559=ORIENTED_EDGE('',*,*,#1151,.F.);
#1560=ORIENTED_EDGE('',*,*,#1145,.F.);
#1561=ORIENTED_EDGE('',*,*,#1045,.F.);
#1562=ORIENTED_EDGE('',*,*,#1058,.F.);
#1563=ORIENTED_EDGE('',*,*,#1136,.F.);
#1564=ORIENTED_EDGE('',*,*,#1129,.F.);
#1565=ORIENTED_EDGE('',*,*,#1078,.F.);
#1566=ORIENTED_EDGE('',*,*,#1121,.F.);
#1567=ORIENTED_EDGE('',*,*,#1182,.F.);
#1568=ORIENTED_EDGE('',*,*,#1183,.T.);
#1569=ORIENTED_EDGE('',*,*,#1025,.T.);
#1570=ORIENTED_EDGE('',*,*,#1183,.F.);
#1571=ORIENTED_EDGE('',*,*,#1184,.F.);
#1572=ORIENTED_EDGE('',*,*,#1185,.T.);
#1573=ORIENTED_EDGE('',*,*,#1027,.T.);
#1574=ORIENTED_EDGE('',*,*,#1185,.F.);
#1575=ORIENTED_EDGE('',*,*,#1186,.F.);
#1576=ORIENTED_EDGE('',*,*,#1187,.F.);
#1577=ORIENTED_EDGE('',*,*,#1188,.F.);
#1578=ORIENTED_EDGE('',*,*,#1189,.F.);
#1579=ORIENTED_EDGE('',*,*,#1190,.F.);
#1580=ORIENTED_EDGE('',*,*,#1191,.T.);
#1581=ORIENTED_EDGE('',*,*,#1029,.T.);
#1582=ORIENTED_EDGE('',*,*,#1191,.F.);
#1583=ORIENTED_EDGE('',*,*,#1192,.F.);
#1584=ORIENTED_EDGE('',*,*,#1193,.T.);
#1585=ORIENTED_EDGE('',*,*,#1186,.T.);
#1586=ORIENTED_EDGE('',*,*,#1193,.F.);
#1587=ORIENTED_EDGE('',*,*,#1194,.F.);
#1588=ORIENTED_EDGE('',*,*,#1195,.T.);
#1589=ORIENTED_EDGE('',*,*,#1188,.T.);
#1590=ORIENTED_EDGE('',*,*,#1195,.F.);
#1591=ORIENTED_EDGE('',*,*,#1114,.F.);
#1592=ORIENTED_EDGE('',*,*,#1196,.T.);
#1593=ORIENTED_EDGE('',*,*,#1197,.T.);
#1594=ORIENTED_EDGE('',*,*,#1117,.F.);
#1595=ORIENTED_EDGE('',*,*,#1139,.F.);
#1596=ORIENTED_EDGE('',*,*,#1198,.T.);
#1597=ORIENTED_EDGE('',*,*,#1199,.T.);
#1598=ORIENTED_EDGE('',*,*,#1142,.F.);
#1599=ORIENTED_EDGE('',*,*,#1200,.T.);
#1600=ORIENTED_EDGE('',*,*,#1201,.T.);
#1601=ORIENTED_EDGE('',*,*,#1202,.T.);
#1602=ORIENTED_EDGE('',*,*,#1171,.T.);
#1603=ORIENTED_EDGE('',*,*,#1203,.T.);
#1604=ORIENTED_EDGE('',*,*,#1154,.F.);
#1605=ORIENTED_EDGE('',*,*,#1150,.F.);
#1606=ORIENTED_EDGE('',*,*,#1148,.F.);
#1607=ORIENTED_EDGE('',*,*,#1204,.T.);
#1608=ORIENTED_EDGE('',*,*,#1140,.F.);
#1609=ORIENTED_EDGE('',*,*,#1134,.F.);
#1610=ORIENTED_EDGE('',*,*,#1132,.F.);
#1611=ORIENTED_EDGE('',*,*,#1126,.F.);
#1612=ORIENTED_EDGE('',*,*,#1205,.T.);
#1613=ORIENTED_EDGE('',*,*,#1206,.T.);
#1614=ORIENTED_EDGE('',*,*,#1133,.F.);
#1615=ORIENTED_EDGE('',*,*,#1143,.F.);
#1616=ORIENTED_EDGE('',*,*,#1207,.T.);
#1617=ORIENTED_EDGE('',*,*,#1208,.T.);
#1618=ORIENTED_EDGE('',*,*,#1149,.F.);
#1619=ORIENTED_EDGE('',*,*,#1097,.F.);
#1620=ORIENTED_EDGE('',*,*,#1197,.F.);
#1621=ORIENTED_EDGE('',*,*,#1209,.F.);
#1622=ORIENTED_EDGE('',*,*,#1120,.F.);
#1623=ORIENTED_EDGE('',*,*,#1124,.F.);
#1624=ORIENTED_EDGE('',*,*,#1210,.T.);
#1625=ORIENTED_EDGE('',*,*,#1205,.F.);
#1626=ORIENTED_EDGE('',*,*,#1086,.F.);
#1627=ORIENTED_EDGE('',*,*,#1211,.T.);
#1628=ORIENTED_EDGE('',*,*,#1165,.F.);
#1629=ORIENTED_EDGE('',*,*,#1212,.F.);
#1630=ORIENTED_EDGE('',*,*,#1213,.F.);
#1631=ORIENTED_EDGE('',*,*,#1214,.F.);
#1632=ORIENTED_EDGE('',*,*,#1215,.T.);
#1633=ORIENTED_EDGE('',*,*,#1216,.T.);
#1634=ORIENTED_EDGE('',*,*,#1201,.F.);
#1635=ORIENTED_EDGE('',*,*,#1217,.T.);
#1636=ORIENTED_EDGE('',*,*,#1125,.F.);
#1637=ORIENTED_EDGE('',*,*,#1092,.F.);
#1638=ORIENTED_EDGE('',*,*,#1119,.F.);
#1639=ORIENTED_EDGE('',*,*,#1052,.F.);
#1640=ORIENTED_EDGE('',*,*,#1199,.F.);
#1641=ORIENTED_EDGE('',*,*,#1218,.F.);
#1642=ORIENTED_EDGE('',*,*,#1207,.F.);
#1643=ORIENTED_EDGE('',*,*,#1161,.F.);
#1644=ORIENTED_EDGE('',*,*,#1105,.F.);
#1645=ORIENTED_EDGE('',*,*,#1156,.F.);
#1646=ORIENTED_EDGE('',*,*,#1158,.T.);
#1647=ORIENTED_EDGE('',*,*,#1159,.F.);
#1648=ORIENTED_EDGE('',*,*,#1079,.F.);
#1649=ORIENTED_EDGE('',*,*,#1219,.T.);
#1650=ORIENTED_EDGE('',*,*,#1169,.F.);
#1651=ORIENTED_EDGE('',*,*,#1162,.F.);
#1652=ORIENTED_EDGE('',*,*,#1071,.F.);
#1653=ORIENTED_EDGE('',*,*,#1167,.T.);
#1654=ORIENTED_EDGE('',*,*,#1168,.F.);
#1655=ORIENTED_EDGE('',*,*,#1059,.F.);
#1656=ORIENTED_EDGE('',*,*,#1220,.T.);
#1657=ORIENTED_EDGE('',*,*,#1180,.T.);
#1658=ORIENTED_EDGE('',*,*,#1181,.F.);
#1659=ORIENTED_EDGE('',*,*,#1152,.F.);
#1660=ORIENTED_EDGE('',*,*,#1203,.F.);
#1661=ORIENTED_EDGE('',*,*,#1170,.F.);
#1662=ORIENTED_EDGE('',*,*,#1047,.F.);
#1663=ORIENTED_EDGE('',*,*,#1221,.T.);
#1664=ORIENTED_EDGE('',*,*,#1160,.F.);
#1665=ORIENTED_EDGE('',*,*,#1211,.F.);
#1666=ORIENTED_EDGE('',*,*,#1118,.F.);
#1667=ORIENTED_EDGE('',*,*,#1209,.T.);
#1668=ORIENTED_EDGE('',*,*,#1196,.F.);
#1669=ORIENTED_EDGE('',*,*,#1113,.F.);
#1670=ORIENTED_EDGE('',*,*,#1222,.T.);
#1671=ORIENTED_EDGE('',*,*,#1217,.F.);
#1672=ORIENTED_EDGE('',*,*,#1200,.F.);
#1673=ORIENTED_EDGE('',*,*,#1131,.F.);
#1674=ORIENTED_EDGE('',*,*,#1206,.F.);
#1675=ORIENTED_EDGE('',*,*,#1210,.F.);
#1676=ORIENTED_EDGE('',*,*,#1123,.F.);
#1677=ORIENTED_EDGE('',*,*,#1223,.T.);
#1678=ORIENTED_EDGE('',*,*,#1204,.F.);
#1679=ORIENTED_EDGE('',*,*,#1147,.F.);
#1680=ORIENTED_EDGE('',*,*,#1208,.F.);
#1681=ORIENTED_EDGE('',*,*,#1218,.T.);
#1682=ORIENTED_EDGE('',*,*,#1198,.F.);
#1683=ORIENTED_EDGE('',*,*,#1138,.F.);
#1684=ORIENTED_EDGE('',*,*,#1224,.T.);
#1685=ORIENTED_EDGE('',*,*,#1225,.T.);
#1686=ORIENTED_EDGE('',*,*,#1226,.T.);
#1687=ORIENTED_EDGE('',*,*,#1227,.T.);
#1688=ORIENTED_EDGE('',*,*,#1228,.T.);
#1689=ORIENTED_EDGE('',*,*,#1213,.T.);
#1690=ORIENTED_EDGE('',*,*,#1229,.F.);
#1691=ORIENTED_EDGE('',*,*,#1228,.F.);
#1692=ORIENTED_EDGE('',*,*,#1230,.T.);
#1693=ORIENTED_EDGE('',*,*,#1231,.F.);
#1694=ORIENTED_EDGE('',*,*,#1214,.T.);
#1695=ORIENTED_EDGE('',*,*,#1232,.F.);
#1696=ORIENTED_EDGE('',*,*,#1233,.T.);
#1697=ORIENTED_EDGE('',*,*,#1215,.F.);
#1698=ORIENTED_EDGE('',*,*,#1231,.T.);
#1699=ORIENTED_EDGE('',*,*,#1234,.T.);
#1700=ORIENTED_EDGE('',*,*,#1235,.T.);
#1701=ORIENTED_EDGE('',*,*,#1235,.F.);
#1702=ORIENTED_EDGE('',*,*,#1236,.T.);
#1703=ORIENTED_EDGE('',*,*,#1237,.T.);
#1704=ORIENTED_EDGE('',*,*,#1238,.T.);
#1705=ORIENTED_EDGE('',*,*,#1239,.F.);
#1706=ORIENTED_EDGE('',*,*,#1172,.F.);
#1707=ORIENTED_EDGE('',*,*,#1202,.F.);
#1708=ORIENTED_EDGE('',*,*,#1216,.F.);
#1709=ORIENTED_EDGE('',*,*,#1233,.F.);
#1710=ORIENTED_EDGE('',*,*,#1240,.F.);
#1711=ORIENTED_EDGE('',*,*,#1241,.F.);
#1712=ORIENTED_EDGE('',*,*,#1242,.F.);
#1713=ORIENTED_EDGE('',*,*,#1243,.F.);
#1714=ORIENTED_EDGE('',*,*,#1244,.F.);
#1715=ORIENTED_EDGE('',*,*,#1245,.F.);
#1716=ORIENTED_EDGE('',*,*,#1246,.F.);
#1717=ORIENTED_EDGE('',*,*,#1229,.T.);
#1718=ORIENTED_EDGE('',*,*,#1212,.T.);
#1719=ORIENTED_EDGE('',*,*,#1164,.F.);
#1720=ORIENTED_EDGE('',*,*,#1178,.F.);
#1721=ORIENTED_EDGE('',*,*,#1226,.F.);
#1722=ORIENTED_EDGE('',*,*,#1247,.T.);
#1723=ORIENTED_EDGE('',*,*,#1248,.T.);
#1724=ORIENTED_EDGE('',*,*,#1249,.F.);
#1725=ORIENTED_EDGE('',*,*,#1250,.T.);
#1726=ORIENTED_EDGE('',*,*,#1251,.T.);
#1727=ORIENTED_EDGE('',*,*,#1252,.F.);
#1728=ORIENTED_EDGE('',*,*,#1253,.F.);
#1729=ORIENTED_EDGE('',*,*,#1173,.F.);
#1730=ORIENTED_EDGE('',*,*,#1239,.T.);
#1731=ORIENTED_EDGE('',*,*,#1243,.T.);
#1732=ORIENTED_EDGE('',*,*,#1177,.F.);
#1733=ORIENTED_EDGE('',*,*,#1254,.F.);
#1734=ORIENTED_EDGE('',*,*,#1255,.F.);
#1735=ORIENTED_EDGE('',*,*,#1256,.T.);
#1736=ORIENTED_EDGE('',*,*,#1257,.F.);
#1737=ORIENTED_EDGE('',*,*,#1258,.F.);
#1738=ORIENTED_EDGE('',*,*,#1259,.F.);
#1739=ORIENTED_EDGE('',*,*,#1251,.F.);
#1740=ORIENTED_EDGE('',*,*,#1260,.F.);
#1741=ORIENTED_EDGE('',*,*,#1261,.F.);
#1742=ORIENTED_EDGE('',*,*,#1262,.F.);
#1743=ORIENTED_EDGE('',*,*,#1237,.F.);
#1744=ORIENTED_EDGE('',*,*,#1263,.F.);
#1745=ORIENTED_EDGE('',*,*,#1264,.F.);
#1746=ORIENTED_EDGE('',*,*,#1265,.F.);
#1747=ORIENTED_EDGE('',*,*,#1266,.F.);
#1748=ORIENTED_EDGE('',*,*,#1267,.F.);
#1749=ORIENTED_EDGE('',*,*,#1268,.F.);
#1750=ORIENTED_EDGE('',*,*,#1269,.F.);
#1751=ORIENTED_EDGE('',*,*,#1248,.F.);
#1752=ORIENTED_EDGE('',*,*,#1270,.F.);
#1753=ORIENTED_EDGE('',*,*,#1271,.F.);
#1754=ORIENTED_EDGE('',*,*,#1272,.F.);
#1755=ORIENTED_EDGE('',*,*,#1256,.F.);
#1756=ORIENTED_EDGE('',*,*,#1273,.F.);
#1757=ORIENTED_EDGE('',*,*,#1261,.T.);
#1758=ORIENTED_EDGE('',*,*,#1274,.T.);
#1759=ORIENTED_EDGE('',*,*,#1241,.T.);
#1760=ORIENTED_EDGE('',*,*,#1275,.F.);
#1761=ORIENTED_EDGE('',*,*,#1260,.T.);
#1762=ORIENTED_EDGE('',*,*,#1250,.F.);
#1763=ORIENTED_EDGE('',*,*,#1242,.T.);
#1764=ORIENTED_EDGE('',*,*,#1274,.F.);
#1765=ORIENTED_EDGE('',*,*,#1258,.T.);
#1766=ORIENTED_EDGE('',*,*,#1276,.T.);
#1767=ORIENTED_EDGE('',*,*,#1277,.F.);
#1768=ORIENTED_EDGE('',*,*,#1278,.T.);
#1769=ORIENTED_EDGE('',*,*,#1268,.T.);
#1770=ORIENTED_EDGE('',*,*,#1279,.T.);
#1771=ORIENTED_EDGE('',*,*,#1280,.F.);
#1772=ORIENTED_EDGE('',*,*,#1281,.T.);
#1773=ORIENTED_EDGE('',*,*,#1267,.T.);
#1774=ORIENTED_EDGE('',*,*,#1282,.F.);
#1775=ORIENTED_EDGE('',*,*,#1283,.F.);
#1776=ORIENTED_EDGE('',*,*,#1279,.F.);
#1777=ORIENTED_EDGE('',*,*,#1259,.T.);
#1778=ORIENTED_EDGE('',*,*,#1278,.F.);
#1779=ORIENTED_EDGE('',*,*,#1284,.F.);
#1780=ORIENTED_EDGE('',*,*,#1285,.F.);
#1781=ORIENTED_EDGE('',*,*,#1273,.T.);
#1782=ORIENTED_EDGE('',*,*,#1255,.T.);
#1783=ORIENTED_EDGE('',*,*,#1286,.F.);
#1784=ORIENTED_EDGE('',*,*,#1287,.T.);
#1785=ORIENTED_EDGE('',*,*,#1288,.F.);
#1786=ORIENTED_EDGE('',*,*,#1252,.T.);
#1787=ORIENTED_EDGE('',*,*,#1266,.T.);
#1788=ORIENTED_EDGE('',*,*,#1285,.T.);
#1789=ORIENTED_EDGE('',*,*,#1289,.F.);
#1790=ORIENTED_EDGE('',*,*,#1282,.T.);
#1791=ORIENTED_EDGE('',*,*,#1174,.T.);
#1792=ORIENTED_EDGE('',*,*,#1253,.T.);
#1793=ORIENTED_EDGE('',*,*,#1288,.T.);
#1794=ORIENTED_EDGE('',*,*,#1290,.T.);
#1795=ORIENTED_EDGE('',*,*,#1286,.T.);
#1796=ORIENTED_EDGE('',*,*,#1254,.T.);
#1797=ORIENTED_EDGE('',*,*,#1176,.T.);
#1798=ORIENTED_EDGE('',*,*,#1291,.T.);
#1799=ORIENTED_EDGE('',*,*,#1290,.F.);
#1800=ORIENTED_EDGE('',*,*,#1287,.F.);
#1801=ORIENTED_EDGE('',*,*,#1291,.F.);
#1802=ORIENTED_EDGE('',*,*,#1175,.F.);
#1803=ORIENTED_EDGE('',*,*,#1292,.T.);
#1804=ORIENTED_EDGE('',*,*,#1293,.T.);
#1805=ORIENTED_EDGE('',*,*,#1294,.T.);
#1806=ORIENTED_EDGE('',*,*,#1295,.T.);
#1807=ORIENTED_EDGE('',*,*,#1296,.T.);
#1808=ORIENTED_EDGE('',*,*,#1284,.T.);
#1809=ORIENTED_EDGE('',*,*,#1297,.T.);
#1810=ORIENTED_EDGE('',*,*,#1298,.T.);
#1811=ORIENTED_EDGE('',*,*,#1297,.F.);
#1812=ORIENTED_EDGE('',*,*,#1277,.T.);
#1813=ORIENTED_EDGE('',*,*,#1294,.F.);
#1814=ORIENTED_EDGE('',*,*,#1299,.T.);
#1815=ORIENTED_EDGE('',*,*,#1283,.T.);
#1816=ORIENTED_EDGE('',*,*,#1300,.T.);
#1817=ORIENTED_EDGE('',*,*,#1301,.T.);
#1818=ORIENTED_EDGE('',*,*,#1300,.F.);
#1819=ORIENTED_EDGE('',*,*,#1289,.T.);
#1820=ORIENTED_EDGE('',*,*,#1296,.F.);
#1821=ORIENTED_EDGE('',*,*,#1302,.T.);
#1822=ORIENTED_EDGE('',*,*,#1303,.T.);
#1823=ORIENTED_EDGE('',*,*,#1304,.T.);
#1824=ORIENTED_EDGE('',*,*,#1305,.T.);
#1825=ORIENTED_EDGE('',*,*,#1302,.F.);
#1826=ORIENTED_EDGE('',*,*,#1280,.T.);
#1827=ORIENTED_EDGE('',*,*,#1299,.F.);
#1828=ORIENTED_EDGE('',*,*,#1292,.F.);
#1829=ORIENTED_EDGE('',*,*,#1306,.T.);
#1830=ORIENTED_EDGE('',*,*,#1304,.F.);
#1831=ORIENTED_EDGE('',*,*,#1263,.T.);
#1832=ORIENTED_EDGE('',*,*,#1236,.F.);
#1833=ORIENTED_EDGE('',*,*,#1234,.F.);
#1834=ORIENTED_EDGE('',*,*,#1230,.F.);
#1835=ORIENTED_EDGE('',*,*,#1227,.F.);
#1836=ORIENTED_EDGE('',*,*,#1249,.T.);
#1837=ORIENTED_EDGE('',*,*,#1269,.T.);
#1838=ORIENTED_EDGE('',*,*,#1281,.F.);
#1839=ORIENTED_EDGE('',*,*,#1305,.F.);
#1840=ORIENTED_EDGE('',*,*,#1307,.F.);
#1841=ORIENTED_EDGE('',*,*,#1293,.F.);
#1842=ORIENTED_EDGE('',*,*,#1303,.F.);
#1843=ORIENTED_EDGE('',*,*,#1301,.F.);
#1844=ORIENTED_EDGE('',*,*,#1298,.F.);
#1845=ORIENTED_EDGE('',*,*,#1033,.T.);
#1846=ORIENTED_EDGE('',*,*,#1182,.T.);
#1847=ORIENTED_EDGE('',*,*,#1184,.T.);
#1848=ORIENTED_EDGE('',*,*,#1190,.T.);
#1849=ORIENTED_EDGE('',*,*,#1192,.T.);
#1850=ORIENTED_EDGE('',*,*,#1194,.T.);
#1851=ORIENTED_EDGE('',*,*,#1264,.T.);
#1852=ORIENTED_EDGE('',*,*,#1307,.T.);
#1853=ORIENTED_EDGE('',*,*,#1306,.F.);
#1854=ORIENTED_EDGE('',*,*,#1308,.T.);
#1855=ORIENTED_EDGE('',*,*,#1265,.T.);
#1856=ORIENTED_EDGE('',*,*,#1308,.F.);
#1857=ORIENTED_EDGE('',*,*,#1295,.F.);
#1858=ORIENTED_EDGE('',*,*,#1276,.F.);
#1859=ORIENTED_EDGE('',*,*,#1272,.T.);
#1860=ORIENTED_EDGE('',*,*,#1309,.T.);
#1861=ORIENTED_EDGE('',*,*,#1244,.T.);
#1862=ORIENTED_EDGE('',*,*,#1257,.T.);
#1863=ORIENTED_EDGE('',*,*,#1262,.T.);
#1864=ORIENTED_EDGE('',*,*,#1275,.T.);
#1865=ORIENTED_EDGE('',*,*,#1240,.T.);
#1866=ORIENTED_EDGE('',*,*,#1232,.T.);
#1867=ORIENTED_EDGE('',*,*,#1238,.F.);
#1868=ORIENTED_EDGE('',*,*,#1271,.T.);
#1869=ORIENTED_EDGE('',*,*,#1310,.T.);
#1870=ORIENTED_EDGE('',*,*,#1245,.T.);
#1871=ORIENTED_EDGE('',*,*,#1309,.F.);
#1872=ORIENTED_EDGE('',*,*,#1270,.T.);
#1873=ORIENTED_EDGE('',*,*,#1247,.F.);
#1874=ORIENTED_EDGE('',*,*,#1225,.F.);
#1875=ORIENTED_EDGE('',*,*,#1246,.T.);
#1876=ORIENTED_EDGE('',*,*,#1310,.F.);
#1877=ORIENTED_EDGE('',*,*,#1219,.F.);
#1878=ORIENTED_EDGE('',*,*,#1311,.T.);
#1879=ORIENTED_EDGE('',*,*,#1030,.F.);
#1880=ORIENTED_EDGE('',*,*,#1311,.F.);
#1881=ORIENTED_EDGE('',*,*,#1220,.F.);
#1882=ORIENTED_EDGE('',*,*,#1312,.T.);
#1883=ORIENTED_EDGE('',*,*,#1026,.F.);
#1884=ORIENTED_EDGE('',*,*,#1312,.F.);
#1885=ORIENTED_EDGE('',*,*,#1222,.F.);
#1886=ORIENTED_EDGE('',*,*,#1313,.T.);
#1887=ORIENTED_EDGE('',*,*,#1189,.T.);
#1888=ORIENTED_EDGE('',*,*,#1313,.F.);
#1889=ORIENTED_EDGE('',*,*,#1224,.F.);
#1890=ORIENTED_EDGE('',*,*,#1314,.T.);
#1891=ORIENTED_EDGE('',*,*,#1028,.F.);
#1892=ORIENTED_EDGE('',*,*,#1314,.F.);
#1893=ORIENTED_EDGE('',*,*,#1221,.F.);
#1894=ORIENTED_EDGE('',*,*,#1315,.T.);
#1895=ORIENTED_EDGE('',*,*,#1032,.F.);
#1896=ORIENTED_EDGE('',*,*,#1315,.F.);
#1897=ORIENTED_EDGE('',*,*,#1223,.F.);
#1898=ORIENTED_EDGE('',*,*,#1316,.T.);
#1899=ORIENTED_EDGE('',*,*,#1187,.T.);
#1900=ORIENTED_EDGE('',*,*,#1316,.F.);
#1901=PLANE('',#2079);
#1902=PLANE('',#2082);
#1903=PLANE('',#2085);
#1904=PLANE('',#2088);
#1905=PLANE('',#2193);
#1906=PLANE('',#2194);
#1907=PLANE('',#2195);
#1908=PLANE('',#2196);
#1909=PLANE('',#2197);
#1910=PLANE('',#2198);
#1911=PLANE('',#2199);
#1912=PLANE('',#2202);
#1913=PLANE('',#2203);
#1914=PLANE('',#2204);
#1915=PLANE('',#2209);
#1916=PLANE('',#2212);
#1917=PLANE('',#2221);
#1918=PLANE('',#2222);
#1919=PLANE('',#2223);
#1920=PLANE('',#2224);
#1921=PLANE('',#2225);
#1922=PLANE('',#2226);
#1923=PLANE('',#2227);
#1924=PLANE('',#2228);
#1925=PLANE('',#2231);
#1926=PLANE('',#2232);
#1927=PLANE('',#2234);
#1928=PLANE('',#2236);
#1929=PLANE('',#2238);
#1930=PLANE('',#2240);
#1931=PLANE('',#2242);
#1932=PLANE('',#2247);
#1933=PLANE('',#2251);
#1934=PLANE('',#2252);
#1935=PLANE('',#2253);
#1936=PLANE('',#2254);
#1937=PLANE('',#2255);
#1938=PLANE('',#2256);
#1939=PLANE('',#2257);
#1940=PLANE('',#2260);
#1941=PLANE('',#2263);
#1942=PLANE('',#2264);
#1943=PLANE('',#2269);
#1944=PLANE('',#2270);
#1945=PLANE('',#2277);
#1946=PLANE('',#2295);
#1947=PLANE('',#2296);
#1948=PLANE('',#2298);
#1949=PLANE('',#2299);
#1950=PLANE('',#2300);
#1951=PLANE('',#2301);
#1952=PLANE('',#2302);
#1953=ADVANCED_FACE('',(#485,#467),#1901,.T.);
#1954=ADVANCED_FACE('',(#486,#468),#1902,.T.);
#1955=ADVANCED_FACE('',(#487,#469),#1903,.T.);
#1956=ADVANCED_FACE('',(#488,#470),#1904,.T.);
#1957=ADVANCED_FACE('',(#489),#411,.F.);
#1958=ADVANCED_FACE('',(#490),#23,.F.);
#1959=ADVANCED_FACE('',(#491),#24,.F.);
#1960=ADVANCED_FACE('',(#492),#25,.F.);
#1961=ADVANCED_FACE('',(#493),#412,.F.);
#1962=ADVANCED_FACE('',(#494),#413,.F.);
#1963=ADVANCED_FACE('',(#495),#414,.F.);
#1964=ADVANCED_FACE('',(#496),#26,.F.);
#1965=ADVANCED_FACE('',(#497),#415,.F.);
#1966=ADVANCED_FACE('',(#498),#416,.F.);
#1967=ADVANCED_FACE('',(#499),#27,.F.);
#1968=ADVANCED_FACE('',(#500),#28,.F.);
#1969=ADVANCED_FACE('',(#501),#29,.F.);
#1970=ADVANCED_FACE('',(#502),#417,.F.);
#1971=ADVANCED_FACE('',(#503),#30,.F.);
#1972=ADVANCED_FACE('',(#504),#418,.F.);
#1973=ADVANCED_FACE('',(#505),#419,.F.);
#1974=ADVANCED_FACE('',(#506),#31,.F.);
#1975=ADVANCED_FACE('',(#507),#420,.F.);
#1976=ADVANCED_FACE('',(#508),#32,.F.);
#1977=ADVANCED_FACE('',(#509),#421,.F.);
#1978=ADVANCED_FACE('',(#510),#422,.F.);
#1979=ADVANCED_FACE('',(#511),#423,.F.);
#1980=ADVANCED_FACE('',(#512),#33,.F.);
#1981=ADVANCED_FACE('',(#513),#424,.F.);
#1982=ADVANCED_FACE('',(#514),#425,.F.);
#1983=ADVANCED_FACE('',(#515),#34,.F.);
#1984=ADVANCED_FACE('',(#516),#426,.F.);
#1985=ADVANCED_FACE('',(#517),#427,.F.);
#1986=ADVANCED_FACE('',(#518),#428,.F.);
#1987=ADVANCED_FACE('',(#519),#429,.F.);
#1988=ADVANCED_FACE('',(#520),#430,.F.);
#1989=ADVANCED_FACE('',(#521),#431,.F.);
#1990=ADVANCED_FACE('',(#522),#432,.F.);
#1991=ADVANCED_FACE('',(#523),#433,.F.);
#1992=ADVANCED_FACE('',(#524),#434,.F.);
#1993=ADVANCED_FACE('',(#525),#435,.F.);
#1994=ADVANCED_FACE('',(#526),#436,.F.);
#1995=ADVANCED_FACE('',(#527),#437,.F.);
#1996=ADVANCED_FACE('',(#528),#438,.F.);
#1997=ADVANCED_FACE('',(#529),#439,.F.);
#1998=ADVANCED_FACE('',(#530),#440,.F.);
#1999=ADVANCED_FACE('',(#531),#441,.F.);
#2000=ADVANCED_FACE('',(#532),#442,.F.);
#2001=ADVANCED_FACE('',(#533),#443,.F.);
#2002=ADVANCED_FACE('',(#534),#1905,.T.);
#2003=ADVANCED_FACE('',(#535),#1906,.T.);
#2004=ADVANCED_FACE('',(#536),#1907,.T.);
#2005=ADVANCED_FACE('',(#537),#1908,.T.);
#2006=ADVANCED_FACE('',(#538),#1909,.T.);
#2007=ADVANCED_FACE('',(#539),#1910,.T.);
#2008=ADVANCED_FACE('',(#540),#1911,.T.);
#2009=ADVANCED_FACE('',(#541),#1912,.T.);
#2010=ADVANCED_FACE('',(#542),#1913,.T.);
#2011=ADVANCED_FACE('',(#543),#1914,.T.);
#2012=ADVANCED_FACE('',(#544),#444,.F.);
#2013=ADVANCED_FACE('',(#545),#445,.F.);
#2014=ADVANCED_FACE('',(#546,#471),#1915,.T.);
#2015=ADVANCED_FACE('',(#547,#472),#1916,.T.);
#2016=ADVANCED_FACE('',(#548),#446,.F.);
#2017=ADVANCED_FACE('',(#549),#447,.F.);
#2018=ADVANCED_FACE('',(#550),#448,.F.);
#2019=ADVANCED_FACE('',(#551),#1917,.T.);
#2020=ADVANCED_FACE('',(#552),#1918,.T.);
#2021=ADVANCED_FACE('',(#553),#1919,.T.);
#2022=ADVANCED_FACE('',(#554),#1920,.T.);
#2023=ADVANCED_FACE('',(#555),#1921,.T.);
#2024=ADVANCED_FACE('',(#556),#1922,.T.);
#2025=ADVANCED_FACE('',(#557),#1923,.T.);
#2026=ADVANCED_FACE('',(#558),#1924,.T.);
#2027=ADVANCED_FACE('',(#559),#1925,.T.);
#2028=ADVANCED_FACE('',(#560,#473),#1926,.T.);
#2029=ADVANCED_FACE('',(#561,#474),#1927,.T.);
#2030=ADVANCED_FACE('',(#562,#475),#1928,.T.);
#2031=ADVANCED_FACE('',(#563,#476),#1929,.T.);
#2032=ADVANCED_FACE('',(#564,#477),#1930,.T.);
#2033=ADVANCED_FACE('',(#565,#478),#1931,.T.);
#2034=ADVANCED_FACE('',(#566),#449,.F.);
#2035=ADVANCED_FACE('',(#567),#1932,.T.);
#2036=ADVANCED_FACE('',(#568),#450,.F.);
#2037=ADVANCED_FACE('',(#569),#1933,.T.);
#2038=ADVANCED_FACE('',(#570),#1934,.F.);
#2039=ADVANCED_FACE('',(#571),#1935,.F.);
#2040=ADVANCED_FACE('',(#572),#1936,.F.);
#2041=ADVANCED_FACE('',(#573),#1937,.F.);
#2042=ADVANCED_FACE('',(#574),#1938,.F.);
#2043=ADVANCED_FACE('',(#575),#1939,.T.);
#2044=ADVANCED_FACE('',(#576),#1940,.T.);
#2045=ADVANCED_FACE('',(#577),#1941,.F.);
#2046=ADVANCED_FACE('',(#578),#1942,.F.);
#2047=ADVANCED_FACE('',(#579),#451,.T.);
#2048=ADVANCED_FACE('',(#580),#452,.T.);
#2049=ADVANCED_FACE('',(#581),#1943,.T.);
#2050=ADVANCED_FACE('',(#582),#1944,.T.);
#2051=ADVANCED_FACE('',(#583),#453,.T.);
#2052=ADVANCED_FACE('',(#584),#454,.F.);
#2053=ADVANCED_FACE('',(#585),#455,.F.);
#2054=ADVANCED_FACE('',(#586),#1945,.F.);
#2055=ADVANCED_FACE('',(#587),#456,.T.);
#2056=ADVANCED_FACE('',(#588),#457,.T.);
#2057=ADVANCED_FACE('',(#589),#35,.T.);
#2058=ADVANCED_FACE('',(#590),#458,.T.);
#2059=ADVANCED_FACE('',(#591),#36,.T.);
#2060=ADVANCED_FACE('',(#592),#459,.T.);
#2061=ADVANCED_FACE('',(#593),#37,.T.);
#2062=ADVANCED_FACE('',(#594),#38,.T.);
#2063=ADVANCED_FACE('',(#595),#1946,.T.);
#2064=ADVANCED_FACE('',(#596,#479,#480,#481,#482,#483,#484),#1947,.T.);
#2065=ADVANCED_FACE('',(#597),#460,.T.);
#2066=ADVANCED_FACE('',(#598),#1948,.T.);
#2067=ADVANCED_FACE('',(#599),#1949,.F.);
#2068=ADVANCED_FACE('',(#600),#1950,.F.);
#2069=ADVANCED_FACE('',(#601),#1951,.F.);
#2070=ADVANCED_FACE('',(#602),#1952,.F.);
#2071=ADVANCED_FACE('',(#603),#461,.F.);
#2072=ADVANCED_FACE('',(#604),#462,.F.);
#2073=ADVANCED_FACE('',(#605),#463,.F.);
#2074=ADVANCED_FACE('',(#606),#464,.F.);
#2075=ADVANCED_FACE('',(#607),#465,.F.);
#2076=ADVANCED_FACE('',(#608),#466,.F.);
#2077=CLOSED_SHELL('',(#1953,#1954,#1955,#1956,#1957,#1958,#1959,#1960,
#1961,#1962,#1963,#1964,#1965,#1966,#1967,#1968,#1969,#1970,#1971,#1972,
#1973,#1974,#1975,#1976,#1977,#1978,#1979,#1980,#1981,#1982,#1983,#1984,
#1985,#1986,#1987,#1988,#1989,#1990,#1991,#1992,#1993,#1994,#1995,#1996,
#1997,#1998,#1999,#2000,#2001,#2002,#2003,#2004,#2005,#2006,#2007,#2008,
#2009,#2010,#2011,#2012,#2013,#2014,#2015,#2016,#2017,#2018,#2019,#2020,
#2021,#2022,#2023,#2024,#2025,#2026,#2027,#2028,#2029,#2030,#2031,#2032,
#2033,#2034,#2035,#2036,#2037,#2038,#2039,#2040,#2041,#2042,#2043,#2044,
#2045,#2046,#2047,#2048,#2049,#2050,#2051,#2052,#2053,#2054,#2055,#2056,
#2057,#2058,#2059,#2060,#2061,#2062,#2063,#2064,#2065,#2066,#2067,#2068,
#2069,#2070,#2071,#2072,#2073,#2074,#2075,#2076));
#2078=AXIS2_PLACEMENT_3D('',#2957,#2309,#2310);
#2079=AXIS2_PLACEMENT_3D('',#2958,#2311,#2312);
#2080=AXIS2_PLACEMENT_3D('',#2960,#2313,#2314);
#2081=AXIS2_PLACEMENT_3D('',#2962,#2315,#2316);
#2082=AXIS2_PLACEMENT_3D('',#2963,#2317,#2318);
#2083=AXIS2_PLACEMENT_3D('',#2965,#2319,#2320);
#2084=AXIS2_PLACEMENT_3D('',#2967,#2321,#2322);
#2085=AXIS2_PLACEMENT_3D('',#2968,#2323,#2324);
#2086=AXIS2_PLACEMENT_3D('',#2970,#2325,#2326);
#2087=AXIS2_PLACEMENT_3D('',#2972,#2327,#2328);
#2088=AXIS2_PLACEMENT_3D('',#2973,#2329,#2330);
#2089=AXIS2_PLACEMENT_3D('',#2975,#2331,#2332);
#2090=AXIS2_PLACEMENT_3D('',#2977,#2333,#2334);
#2091=AXIS2_PLACEMENT_3D('',#2978,#2335,#2336);
#2092=AXIS2_PLACEMENT_3D('',#2980,#2337,#2338);
#2093=AXIS2_PLACEMENT_3D('',#2982,#2340,#2341);
#2094=AXIS2_PLACEMENT_3D('',#2985,#2342,#2343);
#2095=AXIS2_PLACEMENT_3D('',#2987,#2344,#2345);
#2096=AXIS2_PLACEMENT_3D('',#2988,#2346,#2347);
#2097=AXIS2_PLACEMENT_3D('',#2989,#2348,#2349);
#2098=AXIS2_PLACEMENT_3D('',#2992,#2350,#2351);
#2099=AXIS2_PLACEMENT_3D('',#2994,#2352,#2353);
#2100=AXIS2_PLACEMENT_3D('',#2995,#2354,#2355);
#2101=AXIS2_PLACEMENT_3D('',#2996,#2356,#2357);
#2102=AXIS2_PLACEMENT_3D('',#2999,#2358,#2359);
#2103=AXIS2_PLACEMENT_3D('',#3001,#2360,#2361);
#2104=AXIS2_PLACEMENT_3D('',#3002,#2362,#2363);
#2105=AXIS2_PLACEMENT_3D('',#3003,#2364,#2365);
#2106=AXIS2_PLACEMENT_3D('',#3008,#2368,#2369);
#2107=AXIS2_PLACEMENT_3D('',#3009,#2370,#2371);
#2108=AXIS2_PLACEMENT_3D('',#3012,#2372,#2373);
#2109=AXIS2_PLACEMENT_3D('',#3015,#2376,#2377);
#2110=AXIS2_PLACEMENT_3D('',#3020,#2379,#2380);
#2111=AXIS2_PLACEMENT_3D('',#3023,#2382,#2383);
#2112=AXIS2_PLACEMENT_3D('',#3024,#2384,#2385);
#2113=AXIS2_PLACEMENT_3D('',#3027,#2386,#2387);
#2114=AXIS2_PLACEMENT_3D('',#3029,#2388,#2389);
#2115=AXIS2_PLACEMENT_3D('',#3030,#2390,#2391);
#2116=AXIS2_PLACEMENT_3D('',#3031,#2392,#2393);
#2117=AXIS2_PLACEMENT_3D('',#3034,#2396,#2397);
#2118=AXIS2_PLACEMENT_3D('',#3037,#2398,#2399);
#2119=AXIS2_PLACEMENT_3D('',#3040,#2402,#2403);
#2120=AXIS2_PLACEMENT_3D('',#3043,#2404,#2405);
#2121=AXIS2_PLACEMENT_3D('',#3045,#2406,#2407);
#2122=AXIS2_PLACEMENT_3D('',#3046,#2408,#2409);
#2123=AXIS2_PLACEMENT_3D('',#3047,#2410,#2411);
#2124=AXIS2_PLACEMENT_3D('',#3050,#2412,#2413);
#2125=AXIS2_PLACEMENT_3D('',#3052,#2414,#2415);
#2126=AXIS2_PLACEMENT_3D('',#3053,#2416,#2417);
#2127=AXIS2_PLACEMENT_3D('',#3054,#2418,#2419);
#2128=AXIS2_PLACEMENT_3D('',#3057,#2420,#2421);
#2129=AXIS2_PLACEMENT_3D('',#3059,#2422,#2423);
#2130=AXIS2_PLACEMENT_3D('',#3060,#2424,#2425);
#2131=AXIS2_PLACEMENT_3D('',#3061,#2426,#2427);
#2132=AXIS2_PLACEMENT_3D('',#3064,#2428,#2429);
#2133=AXIS2_PLACEMENT_3D('',#3067,#2432,#2433);
#2134=AXIS2_PLACEMENT_3D('',#3070,#2434,#2435);
#2135=AXIS2_PLACEMENT_3D('',#3072,#2436,#2437);
#2136=AXIS2_PLACEMENT_3D('',#3073,#2438,#2439);
#2137=AXIS2_PLACEMENT_3D('',#3074,#2440,#2441);
#2138=AXIS2_PLACEMENT_3D('',#3077,#2444,#2445);
#2139=AXIS2_PLACEMENT_3D('',#3080,#2446,#2447);
#2140=AXIS2_PLACEMENT_3D('',#3083,#2450,#2451);
#2141=AXIS2_PLACEMENT_3D('',#3086,#2452,#2453);
#2142=AXIS2_PLACEMENT_3D('',#3088,#2454,#2455);
#2143=AXIS2_PLACEMENT_3D('',#3089,#2456,#2457);
#2144=AXIS2_PLACEMENT_3D('',#3090,#2458,#2459);
#2145=AXIS2_PLACEMENT_3D('',#3095,#2462,#2463);
#2146=AXIS2_PLACEMENT_3D('',#3096,#2464,#2465);
#2147=AXIS2_PLACEMENT_3D('',#3099,#2466,#2467);
#2148=AXIS2_PLACEMENT_3D('',#3101,#2468,#2469);
#2149=AXIS2_PLACEMENT_3D('',#3102,#2470,#2471);
#2150=AXIS2_PLACEMENT_3D('',#3103,#2472,#2473);
#2151=AXIS2_PLACEMENT_3D('',#3106,#2476,#2477);
#2152=AXIS2_PLACEMENT_3D('',#3111,#2479,#2480);
#2153=AXIS2_PLACEMENT_3D('',#3114,#2482,#2483);
#2154=AXIS2_PLACEMENT_3D('',#3115,#2484,#2485);
#2155=AXIS2_PLACEMENT_3D('',#3120,#2488,#2489);
#2156=AXIS2_PLACEMENT_3D('',#3121,#2490,#2491);
#2157=AXIS2_PLACEMENT_3D('',#3124,#2492,#2493);
#2158=AXIS2_PLACEMENT_3D('',#3126,#2494,#2495);
#2159=AXIS2_PLACEMENT_3D('',#3127,#2496,#2497);
#2160=AXIS2_PLACEMENT_3D('',#3128,#2498,#2499);
#2161=AXIS2_PLACEMENT_3D('',#3131,#2502,#2503);
#2162=AXIS2_PLACEMENT_3D('',#3134,#2504,#2505);
#2163=AXIS2_PLACEMENT_3D('',#3137,#2508,#2509);
#2164=AXIS2_PLACEMENT_3D('',#3140,#2510,#2511);
#2165=AXIS2_PLACEMENT_3D('',#3142,#2512,#2513);
#2166=AXIS2_PLACEMENT_3D('',#3143,#2514,#2515);
#2167=AXIS2_PLACEMENT_3D('',#3144,#2516,#2517);
#2168=AXIS2_PLACEMENT_3D('',#3147,#2520,#2521);
#2169=AXIS2_PLACEMENT_3D('',#3150,#2522,#2523);
#2170=AXIS2_PLACEMENT_3D('',#3153,#2526,#2527);
#2171=AXIS2_PLACEMENT_3D('',#3156,#2530,#2531);
#2172=AXIS2_PLACEMENT_3D('',#3159,#2532,#2533);
#2173=AXIS2_PLACEMENT_3D('',#3162,#2536,#2537);
#2174=AXIS2_PLACEMENT_3D('',#3165,#2540,#2541);
#2175=AXIS2_PLACEMENT_3D('',#3168,#2542,#2543);
#2176=AXIS2_PLACEMENT_3D('',#3171,#2546,#2547);
#2177=AXIS2_PLACEMENT_3D('',#3174,#2550,#2551);
#2178=AXIS2_PLACEMENT_3D('',#3179,#2554,#2555);
#2179=AXIS2_PLACEMENT_3D('',#3180,#2556,#2557);
#2180=AXIS2_PLACEMENT_3D('',#3183,#2558,#2559);
#2181=AXIS2_PLACEMENT_3D('',#3186,#2562,#2563);
#2182=AXIS2_PLACEMENT_3D('',#3189,#2566,#2567);
#2183=AXIS2_PLACEMENT_3D('',#3192,#2570,#2571);
#2184=AXIS2_PLACEMENT_3D('',#3195,#2572,#2573);
#2185=AXIS2_PLACEMENT_3D('',#3198,#2576,#2577);
#2186=AXIS2_PLACEMENT_3D('',#3201,#2580,#2581);
#2187=AXIS2_PLACEMENT_3D('',#3204,#2584,#2585);
#2188=AXIS2_PLACEMENT_3D('',#3207,#2588,#2589);
#2189=AXIS2_PLACEMENT_3D('',#3210,#2590,#2591);
#2190=AXIS2_PLACEMENT_3D('',#3213,#2594,#2595);
#2191=AXIS2_PLACEMENT_3D('',#3216,#2598,#2599);
#2192=AXIS2_PLACEMENT_3D('',#3219,#2600,#2601);
#2193=AXIS2_PLACEMENT_3D('',#3222,#2604,#2605);
#2194=AXIS2_PLACEMENT_3D('',#3226,#2608,#2609);
#2195=AXIS2_PLACEMENT_3D('',#3230,#2612,#2613);
#2196=AXIS2_PLACEMENT_3D('',#3232,#2615,#2616);
#2197=AXIS2_PLACEMENT_3D('',#3243,#2623,#2624);
#2198=AXIS2_PLACEMENT_3D('',#3247,#2627,#2628);
#2199=AXIS2_PLACEMENT_3D('',#3249,#2630,#2631);
#2200=AXIS2_PLACEMENT_3D('',#3260,#2637,#2638);
#2201=AXIS2_PLACEMENT_3D('',#3264,#2640,#2641);
#2202=AXIS2_PLACEMENT_3D('',#3268,#2644,#2645);
#2203=AXIS2_PLACEMENT_3D('',#3272,#2648,#2649);
#2204=AXIS2_PLACEMENT_3D('',#3274,#2651,#2652);
#2205=AXIS2_PLACEMENT_3D('',#3275,#2653,#2654);
#2206=AXIS2_PLACEMENT_3D('',#3277,#2655,#2656);
#2207=AXIS2_PLACEMENT_3D('',#3279,#2658,#2659);
#2208=AXIS2_PLACEMENT_3D('',#3281,#2660,#2661);
#2209=AXIS2_PLACEMENT_3D('',#3283,#2663,#2664);
#2210=AXIS2_PLACEMENT_3D('',#3285,#2665,#2666);
#2211=AXIS2_PLACEMENT_3D('',#3287,#2667,#2668);
#2212=AXIS2_PLACEMENT_3D('',#3288,#2669,#2670);
#2213=AXIS2_PLACEMENT_3D('',#3290,#2671,#2672);
#2214=AXIS2_PLACEMENT_3D('',#3292,#2673,#2674);
#2215=AXIS2_PLACEMENT_3D('',#3293,#2675,#2676);
#2216=AXIS2_PLACEMENT_3D('',#3295,#2677,#2678);
#2217=AXIS2_PLACEMENT_3D('',#3297,#2680,#2681);
#2218=AXIS2_PLACEMENT_3D('',#3299,#2682,#2683);
#2219=AXIS2_PLACEMENT_3D('',#3301,#2685,#2686);
#2220=AXIS2_PLACEMENT_3D('',#3303,#2687,#2688);
#2221=AXIS2_PLACEMENT_3D('',#3305,#2690,#2691);
#2222=AXIS2_PLACEMENT_3D('',#3309,#2694,#2695);
#2223=AXIS2_PLACEMENT_3D('',#3313,#2698,#2699);
#2224=AXIS2_PLACEMENT_3D('',#3321,#2705,#2706);
#2225=AXIS2_PLACEMENT_3D('',#3325,#2709,#2710);
#2226=AXIS2_PLACEMENT_3D('',#3329,#2713,#2714);
#2227=AXIS2_PLACEMENT_3D('',#3331,#2716,#2717);
#2228=AXIS2_PLACEMENT_3D('',#3333,#2719,#2720);
#2229=AXIS2_PLACEMENT_3D('',#3338,#2723,#2724);
#2230=AXIS2_PLACEMENT_3D('',#3342,#2726,#2727);
#2231=AXIS2_PLACEMENT_3D('',#3345,#2730,#2731);
#2232=AXIS2_PLACEMENT_3D('',#3347,#2733,#2734);
#2233=AXIS2_PLACEMENT_3D('',#3349,#2735,#2736);
#2234=AXIS2_PLACEMENT_3D('',#3350,#2737,#2738);
#2235=AXIS2_PLACEMENT_3D('',#3352,#2739,#2740);
#2236=AXIS2_PLACEMENT_3D('',#3353,#2741,#2742);
#2237=AXIS2_PLACEMENT_3D('',#3355,#2743,#2744);
#2238=AXIS2_PLACEMENT_3D('',#3356,#2745,#2746);
#2239=AXIS2_PLACEMENT_3D('',#3358,#2747,#2748);
#2240=AXIS2_PLACEMENT_3D('',#3359,#2749,#2750);
#2241=AXIS2_PLACEMENT_3D('',#3361,#2751,#2752);
#2242=AXIS2_PLACEMENT_3D('',#3362,#2753,#2754);
#2243=AXIS2_PLACEMENT_3D('',#3364,#2755,#2756);
#2244=AXIS2_PLACEMENT_3D('',#3365,#2757,#2758);
#2245=AXIS2_PLACEMENT_3D('',#3368,#2759,#2760);
#2246=AXIS2_PLACEMENT_3D('',#3372,#2762,#2763);
#2247=AXIS2_PLACEMENT_3D('',#3375,#2766,#2767);
#2248=AXIS2_PLACEMENT_3D('',#3379,#2770,#2771);
#2249=AXIS2_PLACEMENT_3D('',#3382,#2772,#2773);
#2250=AXIS2_PLACEMENT_3D('',#3385,#2775,#2776);
#2251=AXIS2_PLACEMENT_3D('',#3387,#2778,#2779);
#2252=AXIS2_PLACEMENT_3D('',#3393,#2783,#2784);
#2253=AXIS2_PLACEMENT_3D('',#3401,#2789,#2790);
#2254=AXIS2_PLACEMENT_3D('',#3409,#2795,#2796);
#2255=AXIS2_PLACEMENT_3D('',#3415,#2800,#2801);
#2256=AXIS2_PLACEMENT_3D('',#3423,#2806,#2807);
#2257=AXIS2_PLACEMENT_3D('',#3431,#2812,#2813);
#2258=AXIS2_PLACEMENT_3D('',#3434,#2814,#2815);
#2259=AXIS2_PLACEMENT_3D('',#3444,#2821,#2822);
#2260=AXIS2_PLACEMENT_3D('',#3446,#2824,#2825);
#2261=AXIS2_PLACEMENT_3D('',#3449,#2826,#2827);
#2262=AXIS2_PLACEMENT_3D('',#3453,#2829,#2830);
#2263=AXIS2_PLACEMENT_3D('',#3461,#2836,#2837);
#2264=AXIS2_PLACEMENT_3D('',#3464,#2840,#2841);
#2265=AXIS2_PLACEMENT_3D('',#3465,#2842,#2843);
#2266=AXIS2_PLACEMENT_3D('',#3469,#2845,#2846);
#2267=AXIS2_PLACEMENT_3D('',#3471,#2848,#2849);
#2268=AXIS2_PLACEMENT_3D('',#3475,#2851,#2852);
#2269=AXIS2_PLACEMENT_3D('',#3477,#2854,#2855);
#2270=AXIS2_PLACEMENT_3D('',#3481,#2858,#2859);
#2271=AXIS2_PLACEMENT_3D('',#3486,#2862,#2863);
#2272=AXIS2_PLACEMENT_3D('',#3489,#2865,#2866);
#2273=AXIS2_PLACEMENT_3D('',#3490,#2867,#2868);
#2274=AXIS2_PLACEMENT_3D('',#3491,#2869,#2870);
#2275=AXIS2_PLACEMENT_3D('',#3492,#2871,#2872);
#2276=AXIS2_PLACEMENT_3D('',#3494,#2874,#2875);
#2277=AXIS2_PLACEMENT_3D('',#3496,#2877,#2878);
#2278=AXIS2_PLACEMENT_3D('',#3497,#2879,#2880);
#2279=AXIS2_PLACEMENT_3D('',#3500,#2881,#2882);
#2280=AXIS2_PLACEMENT_3D('',#3503,#2884,#2885);
#2281=AXIS2_PLACEMENT_3D('',#3505,#2887,#2888);
#2282=AXIS2_PLACEMENT_3D('',#3507,#2889,#2890);
#2283=AXIS2_PLACEMENT_3D('',#3508,#2891,#2892);
#2284=AXIS2_PLACEMENT_3D('',#3510,#2894,#2895);
#2285=AXIS2_PLACEMENT_3D('',#3511,#2896,#2897);
#2286=AXIS2_PLACEMENT_3D('',#3513,#2898,#2899);
#2287=AXIS2_PLACEMENT_3D('',#3514,#2900,#2901);
#2288=AXIS2_PLACEMENT_3D('',#3516,#2903,#2904);
#2289=AXIS2_PLACEMENT_3D('',#3517,#2905,#2906);
#2290=AXIS2_PLACEMENT_3D('',#3518,#2907,#2908);
#2291=AXIS2_PLACEMENT_3D('',#3521,#2910,#2911);
#2292=AXIS2_PLACEMENT_3D('',#3523,#2913,#2914);
#2293=AXIS2_PLACEMENT_3D('',#3524,#2915,#2916);
#2294=AXIS2_PLACEMENT_3D('',#3525,#2917,#2918);
#2295=AXIS2_PLACEMENT_3D('',#3526,#2919,#2920);
#2296=AXIS2_PLACEMENT_3D('',#3528,#2922,#2923);
#2297=AXIS2_PLACEMENT_3D('',#3529,#2924,#2925);
#2298=AXIS2_PLACEMENT_3D('',#3531,#2927,#2928);
#2299=AXIS2_PLACEMENT_3D('',#3532,#2929,#2930);
#2300=AXIS2_PLACEMENT_3D('',#3534,#2932,#2933);
#2301=AXIS2_PLACEMENT_3D('',#3535,#2934,#2935);
#2302=AXIS2_PLACEMENT_3D('',#3537,#2937,#2938);
#2303=AXIS2_PLACEMENT_3D('',#3538,#2939,#2940);
#2304=AXIS2_PLACEMENT_3D('',#3540,#2942,#2943);
#2305=AXIS2_PLACEMENT_3D('',#3542,#2945,#2946);
#2306=AXIS2_PLACEMENT_3D('',#3544,#2948,#2949);
#2307=AXIS2_PLACEMENT_3D('',#3546,#2951,#2952);
#2308=AXIS2_PLACEMENT_3D('',#3548,#2954,#2955);
#2309=DIRECTION('axis',(0.,0.,1.));
#2310=DIRECTION('refdir',(1.,0.,0.));
#2311=DIRECTION('center_axis',(0.,0.,-1.));
#2312=DIRECTION('ref_axis',(1.,0.,0.));
#2313=DIRECTION('center_axis',(0.,0.,1.));
#2314=DIRECTION('ref_axis',(1.,0.,0.));
#2315=DIRECTION('center_axis',(0.,0.,1.));
#2316=DIRECTION('ref_axis',(-1.,0.,0.));
#2317=DIRECTION('center_axis',(0.,0.,-1.));
#2318=DIRECTION('ref_axis',(1.,0.,0.));
#2319=DIRECTION('center_axis',(0.,0.,1.));
#2320=DIRECTION('ref_axis',(1.,0.,0.));
#2321=DIRECTION('center_axis',(0.,0.,1.));
#2322=DIRECTION('ref_axis',(-1.,0.,0.));
#2323=DIRECTION('center_axis',(0.,0.,-1.));
#2324=DIRECTION('ref_axis',(1.,0.,0.));
#2325=DIRECTION('center_axis',(0.,0.,1.));
#2326=DIRECTION('ref_axis',(1.,0.,0.));
#2327=DIRECTION('center_axis',(0.,0.,1.));
#2328=DIRECTION('ref_axis',(-1.,0.,0.));
#2329=DIRECTION('center_axis',(0.,0.,-1.));
#2330=DIRECTION('ref_axis',(1.,0.,0.));
#2331=DIRECTION('center_axis',(0.,0.,1.));
#2332=DIRECTION('ref_axis',(1.,0.,0.));
#2333=DIRECTION('center_axis',(0.,0.,1.));
#2334=DIRECTION('ref_axis',(-1.,0.,0.));
#2335=DIRECTION('center_axis',(0.,0.,1.));
#2336=DIRECTION('ref_axis',(1.,0.,0.));
#2337=DIRECTION('center_axis',(-3.50117636274095E-17,0.,1.));
#2338=DIRECTION('ref_axis',(1.,0.,0.));
#2339=DIRECTION('',(0.,0.,1.));
#2340=DIRECTION('center_axis',(-0.816496580927727,0.408248290463863,-0.408248290463861));
#2341=DIRECTION('ref_axis',(0.577350269189626,0.577350269189626,-0.577350269189626));
#2342=DIRECTION('center_axis',(-1.,-5.92118946466749E-15,0.));
#2343=DIRECTION('ref_axis',(0.,0.,-1.));
#2344=DIRECTION('center_axis',(0.,-1.,0.));
#2345=DIRECTION('ref_axis',(1.,0.,0.));
#2346=DIRECTION('center_axis',(0.,0.,1.));
#2347=DIRECTION('ref_axis',(0.,1.,0.));
#2348=DIRECTION('center_axis',(-0.408248290463865,0.40824829046386,-0.816496580927727));
#2349=DIRECTION('ref_axis',(0.577350269189628,-0.577350269189623,-0.577350269189626));
#2350=DIRECTION('center_axis',(0.,1.,0.));
#2351=DIRECTION('ref_axis',(0.,0.,-1.));
#2352=DIRECTION('center_axis',(-1.,0.,0.));
#2353=DIRECTION('ref_axis',(0.,-1.,0.));
#2354=DIRECTION('center_axis',(0.,0.,1.));
#2355=DIRECTION('ref_axis',(1.,0.,0.));
#2356=DIRECTION('center_axis',(-0.408248290463867,-0.408248290463863,-0.816496580927724));
#2357=DIRECTION('ref_axis',(0.57735026918963,0.577350269189621,-0.577350269189627));
#2358=DIRECTION('center_axis',(-1.,0.,0.));
#2359=DIRECTION('ref_axis',(0.,0.,-1.));
#2360=DIRECTION('center_axis',(0.,-1.,5.9211894646675E-15));
#2361=DIRECTION('ref_axis',(1.,0.,0.));
#2362=DIRECTION('center_axis',(0.,0.,1.));
#2363=DIRECTION('ref_axis',(0.,1.,0.));
#2364=DIRECTION('center_axis',(0.,-1.,0.));
#2365=DIRECTION('ref_axis',(0.707106781186549,0.,-0.707106781186546));
#2366=DIRECTION('',(0.,1.,0.));
#2367=DIRECTION('',(0.,-1.,0.));
#2368=DIRECTION('center_axis',(0.707106781186548,-0.707106781186548,0.));
#2369=DIRECTION('ref_axis',(0.707106781186547,0.707106781186547,0.));
#2370=DIRECTION('center_axis',(0.,0.,1.));
#2371=DIRECTION('ref_axis',(0.707106781186552,0.707106781186543,0.));
#2372=DIRECTION('center_axis',(0.,0.,1.));
#2373=DIRECTION('ref_axis',(0.707106781186552,0.707106781186543,0.));
#2374=DIRECTION('',(0.,0.,-1.));
#2375=DIRECTION('',(0.,0.,1.));
#2376=DIRECTION('center_axis',(0.,1.,0.));
#2377=DIRECTION('ref_axis',(0.707106781186549,0.,-0.707106781186546));
#2378=DIRECTION('',(0.,-1.,0.));
#2379=DIRECTION('center_axis',(0.707106781186546,-0.707106781186549,0.));
#2380=DIRECTION('ref_axis',(-0.707106781186549,-0.707106781186546,0.));
#2381=DIRECTION('',(0.,1.,0.));
#2382=DIRECTION('center_axis',(0.707106781186546,0.707106781186549,0.));
#2383=DIRECTION('ref_axis',(0.707106781186549,-0.707106781186546,0.));
#2384=DIRECTION('center_axis',(0.408248290463864,-0.408248290463863,-0.816496580927725));
#2385=DIRECTION('ref_axis',(-0.577350269189626,0.577350269189626,-0.577350269189626));
#2386=DIRECTION('center_axis',(5.9211894646675E-15,-1.,0.));
#2387=DIRECTION('ref_axis',(0.,0.,-1.));
#2388=DIRECTION('center_axis',(1.,0.,0.));
#2389=DIRECTION('ref_axis',(0.,1.,0.));
#2390=DIRECTION('center_axis',(0.,0.,1.));
#2391=DIRECTION('ref_axis',(-1.,0.,0.));
#2392=DIRECTION('center_axis',(1.,0.,0.));
#2393=DIRECTION('ref_axis',(0.,0.707106781186549,-0.707106781186546));
#2394=DIRECTION('',(-1.,0.,0.));
#2395=DIRECTION('',(1.,0.,0.));
#2396=DIRECTION('center_axis',(0.,0.,-1.));
#2397=DIRECTION('ref_axis',(-0.707106781186543,0.707106781186552,0.));
#2398=DIRECTION('center_axis',(0.,0.,1.));
#2399=DIRECTION('ref_axis',(-0.707106781186543,0.707106781186552,0.));
#2400=DIRECTION('',(0.,0.,-1.));
#2401=DIRECTION('',(0.,0.,1.));
#2402=DIRECTION('center_axis',(0.408248290463863,-0.816496580927726,-0.408248290463864));
#2403=DIRECTION('ref_axis',(0.577350269189626,0.577350269189626,-0.577350269189626));
#2404=DIRECTION('center_axis',(-1.,-5.9211894646675E-15,0.));
#2405=DIRECTION('ref_axis',(0.,0.,-1.));
#2406=DIRECTION('center_axis',(0.,-1.,0.));
#2407=DIRECTION('ref_axis',(1.,0.,0.));
#2408=DIRECTION('center_axis',(0.,0.,1.));
#2409=DIRECTION('ref_axis',(0.,1.,0.));
#2410=DIRECTION('center_axis',(-0.408248290463864,0.408248290463861,-0.816496580927726));
#2411=DIRECTION('ref_axis',(0.577350269189627,-0.577350269189625,-0.577350269189625));
#2412=DIRECTION('center_axis',(0.,1.,0.));
#2413=DIRECTION('ref_axis',(0.,0.,-1.));
#2414=DIRECTION('center_axis',(-1.,0.,0.));
#2415=DIRECTION('ref_axis',(0.,-1.,0.));
#2416=DIRECTION('center_axis',(0.,0.,1.));
#2417=DIRECTION('ref_axis',(1.,0.,0.));
#2418=DIRECTION('center_axis',(-0.816496580927726,-0.408248290463864,0.408248290463862));
#2419=DIRECTION('ref_axis',(-0.577350269189625,0.577350269189627,-0.577350269189625));
#2420=DIRECTION('center_axis',(1.,0.,0.));
#2421=DIRECTION('ref_axis',(0.,1.,0.));
#2422=DIRECTION('center_axis',(0.,0.,1.));
#2423=DIRECTION('ref_axis',(-1.,0.,0.));
#2424=DIRECTION('center_axis',(0.,-1.,0.));
#2425=DIRECTION('ref_axis',(0.,0.,-1.));
#2426=DIRECTION('center_axis',(0.,0.,1.));
#2427=DIRECTION('ref_axis',(-0.707106781186547,0.707106781186548,0.));
#2428=DIRECTION('center_axis',(0.,0.,1.));
#2429=DIRECTION('ref_axis',(-0.707106781186547,0.707106781186548,0.));
#2430=DIRECTION('',(0.,0.,-1.));
#2431=DIRECTION('',(0.,0.,1.));
#2432=DIRECTION('center_axis',(0.408248290463863,0.408248290463864,-0.816496580927726));
#2433=DIRECTION('ref_axis',(-0.577350269189626,-0.577350269189627,-0.577350269189625));
#2434=DIRECTION('center_axis',(1.,-1.8503717077086E-16,0.));
#2435=DIRECTION('ref_axis',(0.,0.,-1.));
#2436=DIRECTION('center_axis',(0.,1.,0.));
#2437=DIRECTION('ref_axis',(-1.,0.,0.));
#2438=DIRECTION('center_axis',(0.,0.,1.));
#2439=DIRECTION('ref_axis',(0.,-1.,0.));
#2440=DIRECTION('center_axis',(-9.51866973567944E-17,1.,0.));
#2441=DIRECTION('ref_axis',(-0.707106781186548,0.,-0.707106781186547));
#2442=DIRECTION('',(9.51866973567944E-17,-1.,0.));
#2443=DIRECTION('',(-9.51866973567944E-17,1.,0.));
#2444=DIRECTION('center_axis',(0.,0.,-1.));
#2445=DIRECTION('ref_axis',(-0.707106781186547,-0.707106781186548,0.));
#2446=DIRECTION('center_axis',(0.,0.,1.));
#2447=DIRECTION('ref_axis',(-0.707106781186547,-0.707106781186548,0.));
#2448=DIRECTION('',(0.,0.,-1.));
#2449=DIRECTION('',(0.,0.,1.));
#2450=DIRECTION('center_axis',(-0.408248290463864,0.408248290463862,-0.816496580927726));
#2451=DIRECTION('ref_axis',(0.577350269189627,-0.577350269189625,-0.577350269189625));
#2452=DIRECTION('center_axis',(0.,0.,1.));
#2453=DIRECTION('ref_axis',(1.,0.,0.));
#2454=DIRECTION('center_axis',(0.,1.,0.));
#2455=DIRECTION('ref_axis',(0.,0.,-1.));
#2456=DIRECTION('center_axis',(-1.,0.,0.));
#2457=DIRECTION('ref_axis',(0.,-1.,0.));
#2458=DIRECTION('center_axis',(0.,1.,0.));
#2459=DIRECTION('ref_axis',(0.707106781186549,0.,-0.707106781186546));
#2460=DIRECTION('',(0.,-1.,0.));
#2461=DIRECTION('',(0.,1.,0.));
#2462=DIRECTION('center_axis',(0.707106781186547,0.707106781186548,0.));
#2463=DIRECTION('ref_axis',(0.707106781186548,-0.707106781186547,0.));
#2464=DIRECTION('center_axis',(-0.816496580927726,0.408248290463863,0.408248290463863));
#2465=DIRECTION('ref_axis',(-0.577350269189626,-0.577350269189626,-0.577350269189625));
#2466=DIRECTION('center_axis',(0.,0.,1.));
#2467=DIRECTION('ref_axis',(0.,-1.,0.));
#2468=DIRECTION('center_axis',(1.,0.,0.));
#2469=DIRECTION('ref_axis',(0.,0.,-1.));
#2470=DIRECTION('center_axis',(0.,1.,0.));
#2471=DIRECTION('ref_axis',(-1.,0.,0.));
#2472=DIRECTION('center_axis',(1.,0.,0.));
#2473=DIRECTION('ref_axis',(0.,-0.707106781186548,-0.707106781186547));
#2474=DIRECTION('',(-1.,0.,0.));
#2475=DIRECTION('',(1.,0.,0.));
#2476=DIRECTION('center_axis',(0.,-1.,0.));
#2477=DIRECTION('ref_axis',(-0.707106781186548,0.,-0.707106781186547));
#2478=DIRECTION('',(0.,-1.,0.));
#2479=DIRECTION('center_axis',(-0.707106781186547,-0.707106781186548,0.));
#2480=DIRECTION('ref_axis',(-0.707106781186548,0.707106781186547,0.));
#2481=DIRECTION('',(0.,1.,0.));
#2482=DIRECTION('center_axis',(-0.707106781186547,0.707106781186548,0.));
#2483=DIRECTION('ref_axis',(0.707106781186548,0.707106781186547,0.));
#2484=DIRECTION('center_axis',(0.,-1.,0.));
#2485=DIRECTION('ref_axis',(-0.707106781186548,0.,-0.707106781186547));
#2486=DIRECTION('',(0.,-1.,0.));
#2487=DIRECTION('',(0.,1.,0.));
#2488=DIRECTION('center_axis',(-0.707106781186547,0.707106781186548,5.23364152894592E-16));
#2489=DIRECTION('ref_axis',(0.707106781186548,0.707106781186547,-5.23364152894592E-16));
#2490=DIRECTION('center_axis',(0.408248290463863,-0.408248290463862,-0.816496580927726));
#2491=DIRECTION('ref_axis',(-0.577350269189626,0.577350269189626,-0.577350269189626));
#2492=DIRECTION('center_axis',(0.,-1.,0.));
#2493=DIRECTION('ref_axis',(0.,0.,-1.));
#2494=DIRECTION('center_axis',(1.,0.,0.));
#2495=DIRECTION('ref_axis',(0.,1.,0.));
#2496=DIRECTION('center_axis',(0.,0.,1.));
#2497=DIRECTION('ref_axis',(-1.,0.,0.));
#2498=DIRECTION('center_axis',(-1.,0.,0.));
#2499=DIRECTION('ref_axis',(0.,0.707106781186547,-0.707106781186548));
#2500=DIRECTION('',(-1.,0.,0.));
#2501=DIRECTION('',(1.,0.,0.));
#2502=DIRECTION('center_axis',(0.,0.,1.));
#2503=DIRECTION('ref_axis',(-0.707106781186549,0.707106781186546,0.));
#2504=DIRECTION('center_axis',(0.,0.,1.));
#2505=DIRECTION('ref_axis',(-0.707106781186549,0.707106781186546,0.));
#2506=DIRECTION('',(0.,0.,-1.));
#2507=DIRECTION('',(0.,0.,1.));
#2508=DIRECTION('center_axis',(-0.816496580927726,0.408248290463863,0.408248290463863));
#2509=DIRECTION('ref_axis',(-0.577350269189626,-0.577350269189626,-0.577350269189625));
#2510=DIRECTION('center_axis',(1.,1.85037170770859E-16,0.));
#2511=DIRECTION('ref_axis',(0.,0.,-1.));
#2512=DIRECTION('center_axis',(0.,1.,0.));
#2513=DIRECTION('ref_axis',(-1.,0.,0.));
#2514=DIRECTION('center_axis',(0.,0.,1.));
#2515=DIRECTION('ref_axis',(0.,-1.,0.));
#2516=DIRECTION('center_axis',(-9.51866973567944E-17,1.,0.));
#2517=DIRECTION('ref_axis',(-0.707106781186548,0.,-0.707106781186547));
#2518=DIRECTION('',(9.51866973567944E-17,-1.,0.));
#2519=DIRECTION('',(-9.51866973567944E-17,1.,0.));
#2520=DIRECTION('center_axis',(0.,0.,-1.));
#2521=DIRECTION('ref_axis',(-0.707106781186548,-0.707106781186547,0.));
#2522=DIRECTION('center_axis',(0.,0.,1.));
#2523=DIRECTION('ref_axis',(-0.707106781186548,-0.707106781186547,0.));
#2524=DIRECTION('',(0.,0.,-1.));
#2525=DIRECTION('',(0.,0.,1.));
#2526=DIRECTION('center_axis',(1.,0.,0.));
#2527=DIRECTION('ref_axis',(0.,-0.707106781186548,-0.707106781186547));
#2528=DIRECTION('',(-1.,0.,0.));
#2529=DIRECTION('',(1.,0.,0.));
#2530=DIRECTION('center_axis',(0.,0.,1.));
#2531=DIRECTION('ref_axis',(-0.707106781186548,-0.707106781186548,0.));
#2532=DIRECTION('center_axis',(0.,0.,1.));
#2533=DIRECTION('ref_axis',(-0.707106781186548,-0.707106781186548,0.));
#2534=DIRECTION('',(0.,0.,-1.));
#2535=DIRECTION('',(0.,0.,1.));
#2536=DIRECTION('center_axis',(1.,0.,0.));
#2537=DIRECTION('ref_axis',(0.,-0.707106781186549,-0.707106781186546));
#2538=DIRECTION('',(-1.,0.,0.));
#2539=DIRECTION('',(1.,0.,0.));
#2540=DIRECTION('center_axis',(0.,0.,-1.));
#2541=DIRECTION('ref_axis',(0.707106781186548,-0.707106781186547,0.));
#2542=DIRECTION('center_axis',(0.,0.,1.));
#2543=DIRECTION('ref_axis',(0.707106781186548,-0.707106781186547,0.));
#2544=DIRECTION('',(0.,0.,-1.));
#2545=DIRECTION('',(0.,0.,1.));
#2546=DIRECTION('center_axis',(1.,0.,0.));
#2547=DIRECTION('ref_axis',(0.,-0.707106781186548,-0.707106781186547));
#2548=DIRECTION('',(1.,0.,0.));
#2549=DIRECTION('',(-1.,0.,0.));
#2550=DIRECTION('center_axis',(-1.,0.,0.));
#2551=DIRECTION('ref_axis',(0.,0.707106781186549,-0.707106781186546));
#2552=DIRECTION('',(-1.,0.,0.));
#2553=DIRECTION('',(1.,0.,0.));
#2554=DIRECTION('center_axis',(0.707106781186548,0.707106781186547,0.));
#2555=DIRECTION('ref_axis',(0.707106781186547,-0.707106781186548,0.));
#2556=DIRECTION('center_axis',(0.,0.,1.));
#2557=DIRECTION('ref_axis',(0.707106781186548,-0.707106781186547,0.));
#2558=DIRECTION('center_axis',(0.,0.,1.));
#2559=DIRECTION('ref_axis',(0.707106781186548,-0.707106781186547,0.));
#2560=DIRECTION('',(0.,0.,-1.));
#2561=DIRECTION('',(0.,0.,1.));
#2562=DIRECTION('center_axis',(0.,-1.,0.));
#2563=DIRECTION('ref_axis',(0.707106781186549,0.,-0.707106781186546));
#2564=DIRECTION('',(0.,1.,0.));
#2565=DIRECTION('',(0.,-1.,0.));
#2566=DIRECTION('center_axis',(0.,-1.,0.));
#2567=DIRECTION('ref_axis',(-0.707106781186548,0.,-0.707106781186547));
#2568=DIRECTION('',(0.,1.,0.));
#2569=DIRECTION('',(0.,-1.,0.));
#2570=DIRECTION('center_axis',(0.,0.,-1.));
#2571=DIRECTION('ref_axis',(0.707106781186552,0.707106781186543,0.));
#2572=DIRECTION('center_axis',(0.,0.,1.));
#2573=DIRECTION('ref_axis',(0.707106781186552,0.707106781186543,0.));
#2574=DIRECTION('',(0.,0.,-1.));
#2575=DIRECTION('',(0.,0.,1.));
#2576=DIRECTION('center_axis',(-1.,0.,0.));
#2577=DIRECTION('ref_axis',(0.,0.707106781186549,-0.707106781186546));
#2578=DIRECTION('',(1.,0.,0.));
#2579=DIRECTION('',(-1.,0.,0.));
#2580=DIRECTION('center_axis',(1.,0.,0.));
#2581=DIRECTION('ref_axis',(0.,-0.707106781186549,-0.707106781186546));
#2582=DIRECTION('',(1.,0.,0.));
#2583=DIRECTION('',(-1.,0.,0.));
#2584=DIRECTION('center_axis',(-1.,0.,0.));
#2585=DIRECTION('ref_axis',(0.,0.707106781186549,-0.707106781186546));
#2586=DIRECTION('',(1.,0.,0.));
#2587=DIRECTION('',(-1.,0.,0.));
#2588=DIRECTION('center_axis',(0.,0.,1.));
#2589=DIRECTION('ref_axis',(0.707106781186548,-0.707106781186548,0.));
#2590=DIRECTION('center_axis',(0.,0.,1.));
#2591=DIRECTION('ref_axis',(0.707106781186548,-0.707106781186548,0.));
#2592=DIRECTION('',(0.,0.,-1.));
#2593=DIRECTION('',(0.,0.,1.));
#2594=DIRECTION('center_axis',(0.,-1.,0.));
#2595=DIRECTION('ref_axis',(0.707106781186549,0.,-0.707106781186546));
#2596=DIRECTION('',(0.,1.,0.));
#2597=DIRECTION('',(0.,-1.,0.));
#2598=DIRECTION('center_axis',(0.,0.,-1.));
#2599=DIRECTION('ref_axis',(0.707106781186552,0.707106781186543,0.));
#2600=DIRECTION('center_axis',(0.,0.,1.));
#2601=DIRECTION('ref_axis',(0.707106781186552,0.707106781186543,0.));
#2602=DIRECTION('',(0.,0.,-1.));
#2603=DIRECTION('',(0.,0.,1.));
#2604=DIRECTION('center_axis',(0.,-1.,0.));
#2605=DIRECTION('ref_axis',(0.,0.,-1.));
#2606=DIRECTION('',(0.,0.,1.));
#2607=DIRECTION('',(-1.,0.,0.));
#2608=DIRECTION('center_axis',(1.,0.,0.));
#2609=DIRECTION('ref_axis',(0.,0.,-1.));
#2610=DIRECTION('',(0.,0.,-1.));
#2611=DIRECTION('',(0.,1.,0.));
#2612=DIRECTION('center_axis',(0.,1.,0.));
#2613=DIRECTION('ref_axis',(0.,0.,1.));
#2614=DIRECTION('',(1.,0.,0.));
#2615=DIRECTION('center_axis',(1.,9.51866973567944E-17,0.));
#2616=DIRECTION('ref_axis',(9.51866973567944E-17,-1.,0.));
#2617=DIRECTION('',(-9.51866973567944E-17,1.,0.));
#2618=DIRECTION('',(-9.51866973567944E-17,1.,0.));
#2619=DIRECTION('',(-9.51866973567944E-17,1.,0.));
#2620=DIRECTION('',(0.,0.,-1.));
#2621=DIRECTION('',(9.51866973567944E-17,-1.,0.));
#2622=DIRECTION('',(0.,0.,-1.));
#2623=DIRECTION('center_axis',(0.,-1.,0.));
#2624=DIRECTION('ref_axis',(0.,0.,-1.));
#2625=DIRECTION('',(0.,0.,-1.));
#2626=DIRECTION('',(1.,0.,0.));
#2627=DIRECTION('center_axis',(1.,0.,0.));
#2628=DIRECTION('ref_axis',(0.,0.,-1.));
#2629=DIRECTION('',(0.,-1.,0.));
#2630=DIRECTION('center_axis',(0.,-1.,0.));
#2631=DIRECTION('ref_axis',(-1.,0.,0.));
#2632=DIRECTION('',(1.,0.,0.));
#2633=DIRECTION('',(1.,0.,0.));
#2634=DIRECTION('',(0.,0.,-1.));
#2635=DIRECTION('',(-1.,0.,0.));
#2636=DIRECTION('',(0.,0.,-1.));
#2637=DIRECTION('center_axis',(0.,-1.,0.));
#2638=DIRECTION('ref_axis',(0.707106781186546,0.,-0.707106781186549));
#2639=DIRECTION('',(-1.,0.,0.));
#2640=DIRECTION('center_axis',(0.,-1.,0.));
#2641=DIRECTION('ref_axis',(-0.707106781186548,0.,-0.707106781186547));
#2642=DIRECTION('',(0.,0.,1.));
#2643=DIRECTION('',(-1.,0.,0.));
#2644=DIRECTION('center_axis',(-1.,0.,0.));
#2645=DIRECTION('ref_axis',(0.,-1.,0.));
#2646=DIRECTION('',(0.,0.,-1.));
#2647=DIRECTION('',(0.,-1.,0.));
#2648=DIRECTION('center_axis',(0.,-1.,0.));
#2649=DIRECTION('ref_axis',(0.,0.,-1.));
#2650=DIRECTION('',(-1.,0.,0.));
#2651=DIRECTION('center_axis',(0.,0.,1.));
#2652=DIRECTION('ref_axis',(1.,0.,0.));
#2653=DIRECTION('center_axis',(0.,0.,1.));
#2654=DIRECTION('ref_axis',(1.,0.,0.));
#2655=DIRECTION('center_axis',(-3.50117636274095E-17,0.,1.));
#2656=DIRECTION('ref_axis',(1.,0.,0.));
#2657=DIRECTION('',(0.,0.,1.));
#2658=DIRECTION('center_axis',(0.,0.,1.));
#2659=DIRECTION('ref_axis',(1.,0.,0.));
#2660=DIRECTION('center_axis',(-3.50117636274095E-17,0.,1.));
#2661=DIRECTION('ref_axis',(1.,0.,0.));
#2662=DIRECTION('',(0.,0.,1.));
#2663=DIRECTION('center_axis',(0.,0.,-1.));
#2664=DIRECTION('ref_axis',(1.,0.,0.));
#2665=DIRECTION('center_axis',(0.,0.,1.));
#2666=DIRECTION('ref_axis',(1.,0.,0.));
#2667=DIRECTION('center_axis',(0.,0.,-1.));
#2668=DIRECTION('ref_axis',(-1.,0.,0.));
#2669=DIRECTION('center_axis',(0.,0.,-1.));
#2670=DIRECTION('ref_axis',(1.,0.,0.));
#2671=DIRECTION('center_axis',(0.,0.,1.));
#2672=DIRECTION('ref_axis',(1.,0.,0.));
#2673=DIRECTION('center_axis',(0.,0.,-1.));
#2674=DIRECTION('ref_axis',(-1.,0.,0.));
#2675=DIRECTION('center_axis',(0.,0.,1.));
#2676=DIRECTION('ref_axis',(1.,0.,0.));
#2677=DIRECTION('center_axis',(-3.50117636274095E-17,0.,1.));
#2678=DIRECTION('ref_axis',(1.,0.,0.));
#2679=DIRECTION('',(0.,0.,1.));
#2680=DIRECTION('center_axis',(0.,0.,1.));
#2681=DIRECTION('ref_axis',(1.,0.,0.));
#2682=DIRECTION('center_axis',(-3.50117636274095E-17,0.,1.));
#2683=DIRECTION('ref_axis',(1.,0.,0.));
#2684=DIRECTION('',(0.,0.,1.));
#2685=DIRECTION('center_axis',(0.,0.,1.));
#2686=DIRECTION('ref_axis',(1.,0.,0.));
#2687=DIRECTION('center_axis',(-3.50117636274095E-17,0.,1.));
#2688=DIRECTION('ref_axis',(1.,0.,0.));
#2689=DIRECTION('',(0.,0.,1.));
#2690=DIRECTION('center_axis',(0.,1.,0.));
#2691=DIRECTION('ref_axis',(0.,0.,1.));
#2692=DIRECTION('',(1.,0.,0.));
#2693=DIRECTION('',(0.,0.,-1.));
#2694=DIRECTION('center_axis',(0.,-1.,0.));
#2695=DIRECTION('ref_axis',(0.,0.,-1.));
#2696=DIRECTION('',(-1.,0.,0.));
#2697=DIRECTION('',(0.,0.,-1.));
#2698=DIRECTION('center_axis',(-1.,0.,0.));
#2699=DIRECTION('ref_axis',(0.,1.,0.));
#2700=DIRECTION('',(0.,-1.,0.));
#2701=DIRECTION('',(0.,0.,1.));
#2702=DIRECTION('',(0.,1.,0.));
#2703=DIRECTION('',(0.,-1.,0.));
#2704=DIRECTION('',(0.,-1.,0.));
#2705=DIRECTION('center_axis',(0.,1.,0.));
#2706=DIRECTION('ref_axis',(0.,0.,1.));
#2707=DIRECTION('',(0.,0.,1.));
#2708=DIRECTION('',(1.,0.,0.));
#2709=DIRECTION('center_axis',(0.,1.,0.));
#2710=DIRECTION('ref_axis',(0.,0.,1.));
#2711=DIRECTION('',(0.,0.,1.));
#2712=DIRECTION('',(1.,0.,0.));
#2713=DIRECTION('center_axis',(1.,0.,0.));
#2714=DIRECTION('ref_axis',(0.,0.,-1.));
#2715=DIRECTION('',(0.,1.,0.));
#2716=DIRECTION('center_axis',(-1.,0.,0.));
#2717=DIRECTION('ref_axis',(0.,0.,1.));
#2718=DIRECTION('',(0.,1.,0.));
#2719=DIRECTION('center_axis',(0.,1.,0.));
#2720=DIRECTION('ref_axis',(1.,0.,0.));
#2721=DIRECTION('',(-1.,0.,0.));
#2722=DIRECTION('',(1.,0.,0.));
#2723=DIRECTION('center_axis',(0.,1.,0.));
#2724=DIRECTION('ref_axis',(-0.707106781186548,0.,-0.707106781186547));
#2725=DIRECTION('',(-1.,0.,0.));
#2726=DIRECTION('center_axis',(0.,1.,0.));
#2727=DIRECTION('ref_axis',(0.707106781186548,0.,-0.707106781186547));
#2728=DIRECTION('',(1.,0.,0.));
#2729=DIRECTION('',(-1.,0.,0.));
#2730=DIRECTION('center_axis',(-1.,0.,0.));
#2731=DIRECTION('ref_axis',(0.,0.,1.));
#2732=DIRECTION('',(0.,-1.,0.));
#2733=DIRECTION('center_axis',(0.,0.,1.));
#2734=DIRECTION('ref_axis',(1.,0.,0.));
#2735=DIRECTION('center_axis',(0.,0.,-1.));
#2736=DIRECTION('ref_axis',(-1.,0.,0.));
#2737=DIRECTION('center_axis',(0.,0.,1.));
#2738=DIRECTION('ref_axis',(1.,0.,0.));
#2739=DIRECTION('center_axis',(0.,0.,-1.));
#2740=DIRECTION('ref_axis',(-1.,0.,0.));
#2741=DIRECTION('center_axis',(0.,0.,1.));
#2742=DIRECTION('ref_axis',(1.,0.,0.));
#2743=DIRECTION('center_axis',(0.,0.,-1.));
#2744=DIRECTION('ref_axis',(-1.,0.,0.));
#2745=DIRECTION('center_axis',(0.,0.,1.));
#2746=DIRECTION('ref_axis',(1.,0.,0.));
#2747=DIRECTION('center_axis',(0.,0.,-1.));
#2748=DIRECTION('ref_axis',(-1.,0.,0.));
#2749=DIRECTION('center_axis',(0.,0.,1.));
#2750=DIRECTION('ref_axis',(1.,0.,0.));
#2751=DIRECTION('center_axis',(0.,0.,-1.));
#2752=DIRECTION('ref_axis',(-1.,0.,0.));
#2753=DIRECTION('center_axis',(0.,0.,1.));
#2754=DIRECTION('ref_axis',(1.,0.,0.));
#2755=DIRECTION('center_axis',(0.,0.,-1.));
#2756=DIRECTION('ref_axis',(-1.,0.,0.));
#2757=DIRECTION('center_axis',(0.,1.,0.));
#2758=DIRECTION('ref_axis',(-0.707106781186548,0.,-0.707106781186547));
#2759=DIRECTION('center_axis',(-7.21861524463691E-17,1.,0.));
#2760=DIRECTION('ref_axis',(-0.707106781186548,0.,-0.707106781186547));
#2761=DIRECTION('',(0.,-1.,0.));
#2762=DIRECTION('center_axis',(0.,-1.,0.));
#2763=DIRECTION('ref_axis',(-0.707106781186548,0.,-0.707106781186547));
#2764=DIRECTION('',(0.,1.,0.));
#2765=DIRECTION('',(0.,-1.,0.));
#2766=DIRECTION('center_axis',(0.,0.,1.));
#2767=DIRECTION('ref_axis',(1.,0.,0.));
#2768=DIRECTION('',(1.,0.,0.));
#2769=DIRECTION('',(0.,-1.,0.));
#2770=DIRECTION('center_axis',(0.,1.,0.));
#2771=DIRECTION('ref_axis',(0.707106781186548,0.,-0.707106781186547));
#2772=DIRECTION('center_axis',(-7.21861524463691E-17,1.,0.));
#2773=DIRECTION('ref_axis',(0.707106781186548,0.,-0.707106781186547));
#2774=DIRECTION('',(0.,1.,0.));
#2775=DIRECTION('center_axis',(0.,-1.,0.));
#2776=DIRECTION('ref_axis',(0.707106781186548,0.,-0.707106781186547));
#2777=DIRECTION('',(0.,1.,0.));
#2778=DIRECTION('center_axis',(-1.,0.,0.));
#2779=DIRECTION('ref_axis',(0.,0.,1.));
#2780=DIRECTION('',(0.,0.,1.));
#2781=DIRECTION('',(0.,1.,0.));
#2782=DIRECTION('',(0.,0.,-1.));
#2783=DIRECTION('center_axis',(0.,0.,-1.));
#2784=DIRECTION('ref_axis',(-1.,0.,0.));
#2785=DIRECTION('',(0.,1.,0.));
#2786=DIRECTION('',(1.,7.21861524463691E-17,0.));
#2787=DIRECTION('',(0.,-1.,0.));
#2788=DIRECTION('',(1.,0.,0.));
#2789=DIRECTION('center_axis',(0.,0.,-1.));
#2790=DIRECTION('ref_axis',(-1.,0.,0.));
#2791=DIRECTION('',(0.,-1.,0.));
#2792=DIRECTION('',(1.,0.,0.));
#2793=DIRECTION('',(0.,1.,0.));
#2794=DIRECTION('',(-1.,-7.21861524463691E-17,0.));
#2795=DIRECTION('center_axis',(-1.,0.,0.));
#2796=DIRECTION('ref_axis',(0.,0.,-1.));
#2797=DIRECTION('',(0.,0.,1.));
#2798=DIRECTION('',(0.,-1.,0.));
#2799=DIRECTION('',(0.,0.,1.));
#2800=DIRECTION('center_axis',(1.,0.,0.));
#2801=DIRECTION('ref_axis',(0.,0.,1.));
#2802=DIRECTION('',(0.,0.,1.));
#2803=DIRECTION('',(0.,1.,0.));
#2804=DIRECTION('',(0.,0.,1.));
#2805=DIRECTION('',(0.,1.,0.));
#2806=DIRECTION('center_axis',(-1.,0.,0.));
#2807=DIRECTION('ref_axis',(0.,0.,-1.));
#2808=DIRECTION('',(0.,-1.,0.));
#2809=DIRECTION('',(0.,0.,-1.));
#2810=DIRECTION('',(0.,-1.,0.));
#2811=DIRECTION('',(0.,0.,1.));
#2812=DIRECTION('center_axis',(0.,0.,1.));
#2813=DIRECTION('ref_axis',(1.,0.,0.));
#2814=DIRECTION('center_axis',(0.,0.,-1.));
#2815=DIRECTION('ref_axis',(0.707106781186548,0.707106781186548,0.));
#2816=DIRECTION('',(1.,-1.40047054509638E-16,0.));
#2817=DIRECTION('',(-1.,0.,0.));
#2818=DIRECTION('',(0.,1.,0.));
#2819=DIRECTION('',(1.,7.21861524463691E-17,0.));
#2820=DIRECTION('',(-1.,0.,0.));
#2821=DIRECTION('center_axis',(0.,0.,-1.));
#2822=DIRECTION('ref_axis',(0.707106781186547,-0.707106781186548,0.));
#2823=DIRECTION('',(1.30326987483511E-16,-1.,0.));
#2824=DIRECTION('center_axis',(0.,0.,1.));
#2825=DIRECTION('ref_axis',(1.,0.,0.));
#2826=DIRECTION('center_axis',(0.,0.,-1.));
#2827=DIRECTION('ref_axis',(-0.707106781186549,0.707106781186546,0.));
#2828=DIRECTION('',(-6.51634937417553E-17,1.,0.));
#2829=DIRECTION('center_axis',(0.,0.,-1.));
#2830=DIRECTION('ref_axis',(-0.707106781186548,-0.707106781186548,0.));
#2831=DIRECTION('',(-1.,0.,0.));
#2832=DIRECTION('',(1.,7.21861524463691E-17,0.));
#2833=DIRECTION('',(0.,-1.,0.));
#2834=DIRECTION('',(-1.,0.,0.));
#2835=DIRECTION('',(1.,-1.40047054509638E-16,0.));
#2836=DIRECTION('center_axis',(1.,0.,0.));
#2837=DIRECTION('ref_axis',(0.,-1.,0.));
#2838=DIRECTION('',(0.,0.,-1.));
#2839=DIRECTION('',(0.,0.,-1.));
#2840=DIRECTION('center_axis',(0.,1.,0.));
#2841=DIRECTION('ref_axis',(1.,0.,0.));
#2842=DIRECTION('center_axis',(0.,0.,1.));
#2843=DIRECTION('ref_axis',(0.707106781186548,0.707106781186548,0.));
#2844=DIRECTION('',(0.,0.,-1.));
#2845=DIRECTION('center_axis',(0.,0.,-1.));
#2846=DIRECTION('ref_axis',(0.707106781186548,0.707106781186548,0.));
#2847=DIRECTION('',(0.,0.,1.));
#2848=DIRECTION('center_axis',(0.,0.,-1.));
#2849=DIRECTION('ref_axis',(-0.707106781186548,-0.707106781186548,0.));
#2850=DIRECTION('',(0.,0.,-1.));
#2851=DIRECTION('center_axis',(0.,0.,-1.));
#2852=DIRECTION('ref_axis',(-0.707106781186548,-0.707106781186548,0.));
#2853=DIRECTION('',(0.,0.,1.));
#2854=DIRECTION('center_axis',(-1.,-6.51634937417553E-17,0.));
#2855=DIRECTION('ref_axis',(-6.51634937417553E-17,1.,0.));
#2856=DIRECTION('',(0.,0.,1.));
#2857=DIRECTION('',(-6.51634937417553E-17,1.,-2.28148884002252E-33));
#2858=DIRECTION('center_axis',(1.40047054509638E-16,1.,0.));
#2859=DIRECTION('ref_axis',(1.,-1.40047054509638E-16,0.));
#2860=DIRECTION('',(1.,-1.40047054509638E-16,3.50117636274095E-17));
#2861=DIRECTION('',(0.,0.,-1.));
#2862=DIRECTION('center_axis',(1.40047054509638E-16,1.,0.));
#2863=DIRECTION('ref_axis',(-0.707106781186548,0.,-0.707106781186547));
#2864=DIRECTION('',(1.,-1.40047054509638E-16,0.));
#2865=DIRECTION('center_axis',(1.40047054509638E-16,1.,0.));
#2866=DIRECTION('ref_axis',(0.707106781186546,0.,-0.707106781186549));
#2867=DIRECTION('center_axis',(0.,0.,-1.));
#2868=DIRECTION('ref_axis',(-0.707106781186549,0.707106781186546,0.));
#2869=DIRECTION('center_axis',(0.,0.,-1.));
#2870=DIRECTION('ref_axis',(-0.707106781186549,0.707106781186546,0.));
#2871=DIRECTION('center_axis',(0.,1.,0.));
#2872=DIRECTION('ref_axis',(0.707106781186546,0.,-0.707106781186549));
#2873=DIRECTION('',(0.,-1.,0.));
#2874=DIRECTION('center_axis',(0.,-1.,0.));
#2875=DIRECTION('ref_axis',(-0.707106781186548,0.,-0.707106781186547));
#2876=DIRECTION('',(0.,1.,0.));
#2877=DIRECTION('center_axis',(0.,0.,-1.));
#2878=DIRECTION('ref_axis',(-1.,0.,0.));
#2879=DIRECTION('center_axis',(-1.30326987483511E-16,1.,-4.56297768004504E-33));
#2880=DIRECTION('ref_axis',(0.707106781186546,0.,-0.707106781186549));
#2881=DIRECTION('center_axis',(0.,1.,0.));
#2882=DIRECTION('ref_axis',(1.,0.,0.));
#2883=DIRECTION('',(-1.30326987483511E-16,1.,-4.56297768004504E-33));
#2884=DIRECTION('center_axis',(0.,-1.,0.));
#2885=DIRECTION('ref_axis',(0.,0.,-1.));
#2886=DIRECTION('',(1.30326987483511E-16,-1.,4.56297768004504E-33));
#2887=DIRECTION('center_axis',(1.,-1.40047054509638E-16,3.50117636274095E-17));
#2888=DIRECTION('ref_axis',(0.,0.707106781186546,-0.707106781186549));
#2889=DIRECTION('center_axis',(1.,5.5511151231258E-16,0.));
#2890=DIRECTION('ref_axis',(0.,0.,-1.));
#2891=DIRECTION('center_axis',(-1.,0.,0.));
#2892=DIRECTION('ref_axis',(0.,1.,0.));
#2893=DIRECTION('',(-1.,1.40047054509638E-16,-3.50117636274095E-17));
#2894=DIRECTION('center_axis',(0.40824829046386,-0.816496580927727,-0.408248290463864));
#2895=DIRECTION('ref_axis',(0.577350269189624,0.577350269189624,-0.577350269189629));
#2896=DIRECTION('center_axis',(-6.51634937417553E-17,1.,-2.28148884002252E-33));
#2897=DIRECTION('ref_axis',(-0.707106781186546,0.,-0.707106781186549));
#2898=DIRECTION('center_axis',(0.,1.,0.));
#2899=DIRECTION('ref_axis',(0.,0.,-1.));
#2900=DIRECTION('center_axis',(0.,-1.,0.));
#2901=DIRECTION('ref_axis',(-1.,0.,0.));
#2902=DIRECTION('',(6.51634937417553E-17,-1.,2.28148884002252E-33));
#2903=DIRECTION('center_axis',(-0.408248290463862,-0.816496580927726,-0.408248290463863));
#2904=DIRECTION('ref_axis',(-0.577350269189627,0.577350269189623,-0.577350269189627));
#2905=DIRECTION('center_axis',(1.,0.,3.50117636274095E-17));
#2906=DIRECTION('ref_axis',(0.,-0.707106781186548,-0.707106781186548));
#2907=DIRECTION('center_axis',(1.,4.44089209850062E-15,0.));
#2908=DIRECTION('ref_axis',(4.44089209850062E-15,-1.,0.));
#2909=DIRECTION('',(1.,0.,3.50117636274095E-17));
#2910=DIRECTION('center_axis',(-1.,0.,0.));
#2911=DIRECTION('ref_axis',(0.,0.,-1.));
#2912=DIRECTION('',(-1.,0.,-3.50117636274095E-17));
#2913=DIRECTION('center_axis',(0.408248290463862,-0.816496580927727,0.408248290463863));
#2914=DIRECTION('ref_axis',(-0.577350269189625,-0.577350269189625,-0.577350269189628));
#2915=DIRECTION('center_axis',(-0.408248290463866,0.408248290463861,-0.816496580927725));
#2916=DIRECTION('ref_axis',(0.577350269189629,-0.577350269189623,-0.577350269189626));
#2917=DIRECTION('center_axis',(0.,0.,-1.));
#2918=DIRECTION('ref_axis',(0.707106781186546,-0.707106781186549,0.));
#2919=DIRECTION('center_axis',(0.,-1.,0.));
#2920=DIRECTION('ref_axis',(-1.,0.,0.));
#2921=DIRECTION('',(0.,0.,-1.));
#2922=DIRECTION('center_axis',(3.50117636274095E-17,0.,-1.));
#2923=DIRECTION('ref_axis',(-1.,0.,-3.50117636274095E-17));
#2924=DIRECTION('center_axis',(0.,0.,-1.));
#2925=DIRECTION('ref_axis',(0.707106781186547,-0.707106781186548,0.));
#2926=DIRECTION('',(0.,0.,1.));
#2927=DIRECTION('center_axis',(1.,1.30326987483511E-16,0.));
#2928=DIRECTION('ref_axis',(1.30326987483511E-16,-1.,0.));
#2929=DIRECTION('center_axis',(0.,1.,0.));
#2930=DIRECTION('ref_axis',(1.,0.,0.));
#2931=DIRECTION('',(0.,0.,-1.));
#2932=DIRECTION('center_axis',(7.21861524463691E-17,-1.,0.));
#2933=DIRECTION('ref_axis',(-1.,-7.21861524463691E-17,0.));
#2934=DIRECTION('center_axis',(-1.,0.,0.));
#2935=DIRECTION('ref_axis',(0.,1.,0.));
#2936=DIRECTION('',(0.,0.,-1.));
#2937=DIRECTION('center_axis',(7.21861524463691E-17,-1.,0.));
#2938=DIRECTION('ref_axis',(-1.,-7.21861524463691E-17,0.));
#2939=DIRECTION('center_axis',(0.,0.,-1.));
#2940=DIRECTION('ref_axis',(-1.,0.,0.));
#2941=DIRECTION('',(0.,0.,-1.));
#2942=DIRECTION('center_axis',(0.,0.,-1.));
#2943=DIRECTION('ref_axis',(-1.,0.,0.));
#2944=DIRECTION('',(0.,0.,-1.));
#2945=DIRECTION('center_axis',(0.,0.,-1.));
#2946=DIRECTION('ref_axis',(-1.,0.,0.));
#2947=DIRECTION('',(0.,0.,-1.));
#2948=DIRECTION('center_axis',(0.,0.,-1.));
#2949=DIRECTION('ref_axis',(-1.,0.,0.));
#2950=DIRECTION('',(0.,0.,-1.));
#2951=DIRECTION('center_axis',(0.,0.,-1.));
#2952=DIRECTION('ref_axis',(-1.,0.,0.));
#2953=DIRECTION('',(0.,0.,-1.));
#2954=DIRECTION('center_axis',(0.,0.,-1.));
#2955=DIRECTION('ref_axis',(-1.,0.,0.));
#2956=DIRECTION('',(0.,0.,-1.));
#2957=CARTESIAN_POINT('',(0.,0.,0.));
#2958=CARTESIAN_POINT('Origin',(-5.55111512312578E-16,55.325,-5.40532318));
#2959=CARTESIAN_POINT('',(-3.5,55.325,-5.40532318));
#2960=CARTESIAN_POINT('Origin',(-5.46369886507495E-16,55.325,-5.40532318));
#2961=CARTESIAN_POINT('',(1.85,55.325,-5.40532318));
#2962=CARTESIAN_POINT('Origin',(0.,55.325,-5.40532318));
#2963=CARTESIAN_POINT('Origin',(52.,26.825,-5.40532318));
#2964=CARTESIAN_POINT('',(48.5,26.825,-5.40532318));
#2965=CARTESIAN_POINT('Origin',(52.,26.825,-5.40532318));
#2966=CARTESIAN_POINT('',(53.85,26.825,-5.40532318));
#2967=CARTESIAN_POINT('Origin',(52.,26.825,-5.40532318));
#2968=CARTESIAN_POINT('Origin',(-5.55111512312578E-16,26.825,-5.40532318));
#2969=CARTESIAN_POINT('',(-3.5,26.825,-5.40532318));
#2970=CARTESIAN_POINT('Origin',(-5.46369886507495E-16,26.825,-5.40532318));
#2971=CARTESIAN_POINT('',(1.85,26.825,-5.40532318));
#2972=CARTESIAN_POINT('Origin',(0.,26.825,-5.40532318));
#2973=CARTESIAN_POINT('Origin',(52.,55.325,-5.40532318));
#2974=CARTESIAN_POINT('',(48.5,55.325,-5.40532318));
#2975=CARTESIAN_POINT('Origin',(52.,55.325,-5.40532318));
#2976=CARTESIAN_POINT('',(53.85,55.325,-5.40532318));
#2977=CARTESIAN_POINT('Origin',(52.,55.325,-5.40532318));
#2978=CARTESIAN_POINT('Origin',(52.,55.325,-15.60532318));
#2979=CARTESIAN_POINT('',(48.5,55.325,-15.60532318));
#2980=CARTESIAN_POINT('Origin',(52.,55.325,-15.60532318));
#2981=CARTESIAN_POINT('',(48.5,55.325,-15.60532318));
#2982=CARTESIAN_POINT('Origin',(54.21,49.5000007748604,-12.10532318));
#2983=CARTESIAN_POINT('',(54.21,49.5000007748604,-13.60532318));
#2984=CARTESIAN_POINT('',(54.21,51.0000007748604,-12.10532318));
#2985=CARTESIAN_POINT('Origin',(54.21,49.5000007748604,-12.10532318));
#2986=CARTESIAN_POINT('',(55.71,49.5000007748604,-12.10532318));
#2987=CARTESIAN_POINT('Origin',(54.21,49.5000007748604,-12.10532318));
#2988=CARTESIAN_POINT('Origin',(54.21,49.5000007748604,-12.10532318));
#2989=CARTESIAN_POINT('Origin',(54.21,33.0250193503915,-12.10532318));
#2990=CARTESIAN_POINT('',(54.21,33.0250193503915,-13.60532318));
#2991=CARTESIAN_POINT('',(55.71,33.0250193503915,-12.10532318));
#2992=CARTESIAN_POINT('Origin',(54.21,33.0250193503915,-12.10532318));
#2993=CARTESIAN_POINT('',(54.21,31.5250193503915,-12.10532318));
#2994=CARTESIAN_POINT('Origin',(54.21,33.0250193503915,-12.10532318));
#2995=CARTESIAN_POINT('Origin',(54.21,33.0250193503915,-12.10532318));
#2996=CARTESIAN_POINT('Origin',(46.5000007152557,57.61,-12.10532318));
#2997=CARTESIAN_POINT('',(46.5000007152557,57.61,-13.60532318));
#2998=CARTESIAN_POINT('',(46.5000007152557,59.11,-12.10532318));
#2999=CARTESIAN_POINT('Origin',(46.5000007152557,57.61,-12.10532318));
#3000=CARTESIAN_POINT('',(48.0000007152557,57.61,-12.10532318));
#3001=CARTESIAN_POINT('Origin',(46.5000007152557,57.61,-12.10532318));
#3002=CARTESIAN_POINT('Origin',(46.5000007152557,57.61,-12.10532318));
#3003=CARTESIAN_POINT('Origin',(46.5000007152557,26.2230988196866,-12.10532318));
#3004=CARTESIAN_POINT('',(48.0000007152557,51.0000007748604,-12.10532318));
#3005=CARTESIAN_POINT('',(48.0000007152557,26.2230988196866,-12.10532318));
#3006=CARTESIAN_POINT('',(46.5000007152557,49.5000007748604,-13.60532318));
#3007=CARTESIAN_POINT('',(46.5000007152557,26.2230988196866,-13.60532318));
#3008=CARTESIAN_POINT('Origin',(46.5000007152557,49.5000007748604,-12.10532318));
#3009=CARTESIAN_POINT('Origin',(46.5000007152557,57.61,-7.60532318));
#3010=CARTESIAN_POINT('',(48.0000007152557,57.61,-1.70532318));
#3011=CARTESIAN_POINT('',(46.5000007152557,59.11,-1.70532318));
#3012=CARTESIAN_POINT('Origin',(46.5000007152557,57.61,-1.70532318));
#3013=CARTESIAN_POINT('',(46.5000007152557,59.11,-7.60532318));
#3014=CARTESIAN_POINT('',(48.0000007152557,57.61,-7.60532318));
#3015=CARTESIAN_POINT('Origin',(46.5000007301569,11.4925096751957,-12.10532318));
#3016=CARTESIAN_POINT('',(46.5000007301569,33.0250193503915,-13.60532318));
#3017=CARTESIAN_POINT('',(46.5000007301569,20.5000003576279,-13.60532318));
#3018=CARTESIAN_POINT('',(46.5000007301569,11.4925096751957,-13.60532318));
#3019=CARTESIAN_POINT('',(48.0000007301569,22.0000003576279,-12.10532318));
#3020=CARTESIAN_POINT('Origin',(46.5000007301569,20.5000003576279,-12.10532318));
#3021=CARTESIAN_POINT('',(48.0000007301569,31.5250193503915,-12.10532318));
#3022=CARTESIAN_POINT('',(48.0000007301569,11.4925096751957,-12.10532318));
#3023=CARTESIAN_POINT('Origin',(46.5000007301569,33.0250193503915,-12.10532318));
#3024=CARTESIAN_POINT('Origin',(5.50046764975672,57.61,-12.10532318));
#3025=CARTESIAN_POINT('',(5.50046764975672,57.61,-13.60532318));
#3026=CARTESIAN_POINT('',(4.00046764975672,57.61,-12.10532318));
#3027=CARTESIAN_POINT('Origin',(5.50046764975672,57.61,-12.10532318));
#3028=CARTESIAN_POINT('',(5.50046764975672,59.11,-12.10532318));
#3029=CARTESIAN_POINT('Origin',(5.50046764975672,57.61,-12.10532318));
#3030=CARTESIAN_POINT('Origin',(5.50046764975672,57.61,-12.10532318));
#3031=CARTESIAN_POINT('Origin',(25.,57.61,-12.10532318));
#3032=CARTESIAN_POINT('',(25.,59.11,-12.10532318));
#3033=CARTESIAN_POINT('',(25.,57.61,-13.60532318));
#3034=CARTESIAN_POINT('Origin',(5.50046764975672,57.61,-7.60532318));
#3035=CARTESIAN_POINT('',(5.50046764975672,59.11,-1.70532318));
#3036=CARTESIAN_POINT('',(4.00046764975672,57.61,-1.70532318));
#3037=CARTESIAN_POINT('Origin',(5.50046764975672,57.61,-1.70532318));
#3038=CARTESIAN_POINT('',(4.00046764975672,57.61,-7.60532318));
#3039=CARTESIAN_POINT('',(5.50046764975672,59.11,-7.60532318));
#3040=CARTESIAN_POINT('Origin',(54.21,20.5000003576279,-12.10532318));
#3041=CARTESIAN_POINT('',(54.21,20.5000003576279,-13.60532318));
#3042=CARTESIAN_POINT('',(54.21,22.0000003576279,-12.10532318));
#3043=CARTESIAN_POINT('Origin',(54.21,20.5000003576279,-12.10532318));
#3044=CARTESIAN_POINT('',(55.71,20.5000003576279,-12.10532318));
#3045=CARTESIAN_POINT('Origin',(54.21,20.5000003576279,-12.10532318));
#3046=CARTESIAN_POINT('Origin',(54.21,20.5000003576279,-12.10532318));
#3047=CARTESIAN_POINT('Origin',(54.21,6.00000004470348,-12.10532318));
#3048=CARTESIAN_POINT('',(54.21,6.00000004470348,-13.60532318));
#3049=CARTESIAN_POINT('',(55.71,6.00000004470349,-12.10532318));
#3050=CARTESIAN_POINT('Origin',(54.21,6.00000004470349,-12.10532318));
#3051=CARTESIAN_POINT('',(54.21,4.50000004470348,-12.10532318));
#3052=CARTESIAN_POINT('Origin',(54.21,6.00000004470348,-12.10532318));
#3053=CARTESIAN_POINT('Origin',(54.21,6.00000004470348,-12.10532318));
#3054=CARTESIAN_POINT('Origin',(-2.21,49.5000007748604,-12.10532318));
#3055=CARTESIAN_POINT('',(-2.21,51.0000007748604,-12.10532318));
#3056=CARTESIAN_POINT('',(-2.21,49.5000007748604,-13.60532318));
#3057=CARTESIAN_POINT('Origin',(-2.21,49.5000007748604,-12.10532318));
#3058=CARTESIAN_POINT('',(-3.71,49.5000007748604,-12.10532318));
#3059=CARTESIAN_POINT('Origin',(-2.21,49.5000007748604,-12.10532318));
#3060=CARTESIAN_POINT('Origin',(-2.21,49.5000007748604,-12.10532318));
#3061=CARTESIAN_POINT('Origin',(-2.21,49.5000007748604,-7.60532318));
#3062=CARTESIAN_POINT('',(-2.21,51.0000007748604,-1.70532318));
#3063=CARTESIAN_POINT('',(-3.71,49.5000007748604,-1.70532318));
#3064=CARTESIAN_POINT('Origin',(-2.21,49.5000007748604,-1.70532318));
#3065=CARTESIAN_POINT('',(-3.71,49.5000007748604,-7.60532318));
#3066=CARTESIAN_POINT('',(-2.21,51.0000007748604,-7.60532318));
#3067=CARTESIAN_POINT('Origin',(-2.21,33.0000004470348,-12.10532318));
#3068=CARTESIAN_POINT('',(-2.21,33.0000004470348,-13.60532318));
#3069=CARTESIAN_POINT('',(-2.21,31.5000004470348,-12.10532318));
#3070=CARTESIAN_POINT('Origin',(-2.21,33.0000004470348,-12.10532318));
#3071=CARTESIAN_POINT('',(-3.71,33.0000004470348,-12.10532318));
#3072=CARTESIAN_POINT('Origin',(-2.21,33.0000004470348,-12.10532318));
#3073=CARTESIAN_POINT('Origin',(-2.21,33.0000004470348,-12.10532318));
#3074=CARTESIAN_POINT('Origin',(-2.21,26.035,-12.10532318));
#3075=CARTESIAN_POINT('',(-3.71,26.035,-12.10532318));
#3076=CARTESIAN_POINT('',(-2.21,26.035,-13.60532318));
#3077=CARTESIAN_POINT('Origin',(-2.21,33.0000004470348,-7.60532318));
#3078=CARTESIAN_POINT('',(-3.71,33.0000004470348,-1.70532318));
#3079=CARTESIAN_POINT('',(-2.21,31.5000004470348,-1.70532318));
#3080=CARTESIAN_POINT('Origin',(-2.21,33.0000004470348,-1.70532318));
#3081=CARTESIAN_POINT('',(-2.21,31.5000004470348,-7.60532318));
#3082=CARTESIAN_POINT('',(-3.71,33.0000004470348,-7.60532318));
#3083=CARTESIAN_POINT('Origin',(46.5000007301569,-3.54,-12.10532318));
#3084=CARTESIAN_POINT('',(48.0000007301569,-3.54,-12.10532318));
#3085=CARTESIAN_POINT('',(46.5000007301569,-5.04,-12.10532318));
#3086=CARTESIAN_POINT('Origin',(46.5000007301569,-3.54,-12.10532318));
#3087=CARTESIAN_POINT('',(46.5000007301569,-3.54,-13.60532318));
#3088=CARTESIAN_POINT('Origin',(46.5000007301569,-3.54,-12.10532318));
#3089=CARTESIAN_POINT('Origin',(46.5000007301569,-3.54,-12.10532318));
#3090=CARTESIAN_POINT('Origin',(46.5000007301569,-2.01999997764826,-12.10532318));
#3091=CARTESIAN_POINT('',(46.5000007301569,6.00000004470348,-13.60532318));
#3092=CARTESIAN_POINT('',(46.5000007301569,-2.01999997764826,-13.60532318));
#3093=CARTESIAN_POINT('',(48.0000007301569,4.50000004470348,-12.10532318));
#3094=CARTESIAN_POINT('',(48.0000007301569,-2.01999997764826,-12.10532318));
#3095=CARTESIAN_POINT('Origin',(46.5000007301569,6.00000004470348,-12.10532318));
#3096=CARTESIAN_POINT('Origin',(5.50000004470348,-3.54,-12.10532318));
#3097=CARTESIAN_POINT('',(5.50000004470348,-5.04,-12.10532318));
#3098=CARTESIAN_POINT('',(4.00000004470348,-3.54,-12.10532318));
#3099=CARTESIAN_POINT('Origin',(5.50000004470348,-3.54,-12.10532318));
#3100=CARTESIAN_POINT('',(5.50000004470348,-3.54,-13.60532318));
#3101=CARTESIAN_POINT('Origin',(5.50000004470348,-3.54,-12.10532318));
#3102=CARTESIAN_POINT('Origin',(5.50000004470348,-3.54,-12.10532318));
#3103=CARTESIAN_POINT('Origin',(-4.71,-3.54,-12.10532318));
#3104=CARTESIAN_POINT('',(-4.71,-3.54,-13.60532318));
#3105=CARTESIAN_POINT('',(-4.71,-5.04,-12.10532318));
#3106=CARTESIAN_POINT('Origin',(5.50000004470348,8.47290101742738,-12.10532318));
#3107=CARTESIAN_POINT('',(4.00000004470348,31.5000004470348,-12.10532318));
#3108=CARTESIAN_POINT('',(4.00000004470348,21.9858020348548,-12.10532318));
#3109=CARTESIAN_POINT('',(4.00000004470348,8.47290101742738,-12.10532318));
#3110=CARTESIAN_POINT('',(5.50000004470348,20.4858020348548,-13.60532318));
#3111=CARTESIAN_POINT('Origin',(5.50000004470348,20.4858020348548,-12.10532318));
#3112=CARTESIAN_POINT('',(5.50000004470348,33.0000004470348,-13.60532318));
#3113=CARTESIAN_POINT('',(5.50000004470348,8.47290101742738,-13.60532318));
#3114=CARTESIAN_POINT('Origin',(5.50000004470348,33.0000004470348,-12.10532318));
#3115=CARTESIAN_POINT('Origin',(5.50000004470348,-6.19779688643448,-12.10532318));
#3116=CARTESIAN_POINT('',(4.00000004470348,4.00000004470348,-12.10532318));
#3117=CARTESIAN_POINT('',(4.00000004470348,-6.19779688643448,-12.10532318));
#3118=CARTESIAN_POINT('',(5.50000004470348,5.50000004470348,-13.60532318));
#3119=CARTESIAN_POINT('',(5.50000004470348,-6.19779688643448,-13.60532318));
#3120=CARTESIAN_POINT('Origin',(5.50000004470348,5.50000004470348,-12.10532318));
#3121=CARTESIAN_POINT('Origin',(-2.21,20.4858020348548,-12.10532318));
#3122=CARTESIAN_POINT('',(-2.21,20.4858020348548,-13.60532318));
#3123=CARTESIAN_POINT('',(-3.71,20.4858020348548,-12.10532318));
#3124=CARTESIAN_POINT('Origin',(-2.21,20.4858020348548,-12.10532318));
#3125=CARTESIAN_POINT('',(-2.21,21.9858020348548,-12.10532318));
#3126=CARTESIAN_POINT('Origin',(-2.21,20.4858020348548,-12.10532318));
#3127=CARTESIAN_POINT('Origin',(-2.21,20.4858020348548,-12.10532318));
#3128=CARTESIAN_POINT('Origin',(-4.88571307700682,20.4858020348548,-12.10532318));
#3129=CARTESIAN_POINT('',(-4.88571307700682,21.9858020348548,-12.10532318));
#3130=CARTESIAN_POINT('',(-4.88571307700682,20.4858020348548,-13.60532318));
#3131=CARTESIAN_POINT('Origin',(-2.21,20.4858020348548,-7.60532318));
#3132=CARTESIAN_POINT('',(-2.21,21.9858020348548,-1.70532318));
#3133=CARTESIAN_POINT('',(-3.71,20.4858020348548,-1.70532318));
#3134=CARTESIAN_POINT('Origin',(-2.21,20.4858020348548,-1.70532318));
#3135=CARTESIAN_POINT('',(-3.71,20.4858020348548,-7.60532318));
#3136=CARTESIAN_POINT('',(-2.21,21.9858020348548,-7.60532318));
#3137=CARTESIAN_POINT('Origin',(-2.21,5.50000004470348,-12.10532318));
#3138=CARTESIAN_POINT('',(-2.21,5.50000004470348,-13.60532318));
#3139=CARTESIAN_POINT('',(-2.21,4.00000004470348,-12.10532318));
#3140=CARTESIAN_POINT('Origin',(-2.21,5.50000004470348,-12.10532318));
#3141=CARTESIAN_POINT('',(-3.71,5.50000004470348,-12.10532318));
#3142=CARTESIAN_POINT('Origin',(-2.21,5.50000004470348,-12.10532318));
#3143=CARTESIAN_POINT('Origin',(-2.21,5.50000004470348,-12.10532318));
#3144=CARTESIAN_POINT('Origin',(-2.21,26.035,-12.10532318));
#3145=CARTESIAN_POINT('',(-3.71,26.035,-12.10532318));
#3146=CARTESIAN_POINT('',(-2.21,26.035,-13.60532318));
#3147=CARTESIAN_POINT('Origin',(-2.21,5.50000004470348,-7.60532318));
#3148=CARTESIAN_POINT('',(-3.71,5.50000004470348,-1.70532318));
#3149=CARTESIAN_POINT('',(-2.21,4.00000004470348,-1.70532318));
#3150=CARTESIAN_POINT('Origin',(-2.21,5.50000004470348,-1.70532318));
#3151=CARTESIAN_POINT('',(-2.21,4.00000004470348,-7.60532318));
#3152=CARTESIAN_POINT('',(-3.71,5.50000004470348,-7.60532318));
#3153=CARTESIAN_POINT('Origin',(-1.35499997764826,5.50000004470348,-12.10532318));
#3154=CARTESIAN_POINT('',(-1.35499997764826,5.50000004470348,-13.60532318));
#3155=CARTESIAN_POINT('',(-1.35499997764826,4.00000004470348,-12.10532318));
#3156=CARTESIAN_POINT('Origin',(5.50000004470348,-3.54,-7.60532318));
#3157=CARTESIAN_POINT('',(4.00000004470348,-3.54,-1.70532318));
#3158=CARTESIAN_POINT('',(5.50000004470348,-5.04,-1.70532318));
#3159=CARTESIAN_POINT('Origin',(5.50000004470348,-3.54,-1.70532318));
#3160=CARTESIAN_POINT('',(5.50000004470348,-5.04,-7.60532318));
#3161=CARTESIAN_POINT('',(4.00000004470348,-3.54,-7.60532318));
#3162=CARTESIAN_POINT('Origin',(-1.35499997764826,33.0000004470348,-12.10532318));
#3163=CARTESIAN_POINT('',(-1.35499997764826,33.0000004470348,-13.60532318));
#3164=CARTESIAN_POINT('',(-1.35499997764826,31.5000004470348,-12.10532318));
#3165=CARTESIAN_POINT('Origin',(46.5000007301569,-3.54,-7.60532318));
#3166=CARTESIAN_POINT('',(46.5000007301569,-5.04,-1.70532318));
#3167=CARTESIAN_POINT('',(48.0000007301569,-3.54,-1.70532318));
#3168=CARTESIAN_POINT('Origin',(46.5000007301569,-3.54,-1.70532318));
#3169=CARTESIAN_POINT('',(48.0000007301569,-3.54,-7.60532318));
#3170=CARTESIAN_POINT('',(46.5000007301569,-5.04,-7.60532318));
#3171=CARTESIAN_POINT('Origin',(25.2772279086008,6.00000004470348,-12.10532318));
#3172=CARTESIAN_POINT('',(25.2772279086008,4.50000004470348,-12.10532318));
#3173=CARTESIAN_POINT('',(25.2772279086008,6.00000004470348,-13.60532318));
#3174=CARTESIAN_POINT('Origin',(-4.88571307700682,49.5000007748604,-12.10532318));
#3175=CARTESIAN_POINT('',(4.00046764975672,51.0000007748604,-12.10532318));
#3176=CARTESIAN_POINT('',(-4.88571307700682,51.0000007748604,-12.10532318));
#3177=CARTESIAN_POINT('',(5.50046764975672,49.5000007748604,-13.60532318));
#3178=CARTESIAN_POINT('',(-4.88571307700682,49.5000007748604,-13.60532318));
#3179=CARTESIAN_POINT('Origin',(5.50046764975672,49.5000007748604,-12.10532318));
#3180=CARTESIAN_POINT('Origin',(54.21,6.00000004470348,-7.60532318));
#3181=CARTESIAN_POINT('',(54.21,4.50000004470348,-1.70532318));
#3182=CARTESIAN_POINT('',(55.71,6.00000004470348,-1.70532318));
#3183=CARTESIAN_POINT('Origin',(54.21,6.00000004470348,-1.70532318));
#3184=CARTESIAN_POINT('',(55.71,6.00000004470348,-7.60532318));
#3185=CARTESIAN_POINT('',(54.21,4.50000004470348,-7.60532318));
#3186=CARTESIAN_POINT('Origin',(54.21,-6.04,-12.10532318));
#3187=CARTESIAN_POINT('',(55.71,-6.04,-12.10532318));
#3188=CARTESIAN_POINT('',(54.21,-6.04,-13.60532318));
#3189=CARTESIAN_POINT('Origin',(5.50046764975672,22.4800003874302,-12.10532318));
#3190=CARTESIAN_POINT('',(5.50046764975672,22.4800003874302,-13.60532318));
#3191=CARTESIAN_POINT('',(4.00046764975672,22.4800003874302,-12.10532318));
#3192=CARTESIAN_POINT('Origin',(54.21,20.5000003576279,-7.60532318));
#3193=CARTESIAN_POINT('',(55.71,20.5000003576279,-1.70532318));
#3194=CARTESIAN_POINT('',(54.21,22.0000003576279,-1.70532318));
#3195=CARTESIAN_POINT('Origin',(54.21,20.5000003576279,-1.70532318));
#3196=CARTESIAN_POINT('',(54.21,22.0000003576279,-7.60532318));
#3197=CARTESIAN_POINT('',(55.71,20.5000003576279,-7.60532318));
#3198=CARTESIAN_POINT('Origin',(21.6450003650785,20.5000003576279,-12.10532318));
#3199=CARTESIAN_POINT('',(21.6450003650785,20.5000003576279,-13.60532318));
#3200=CARTESIAN_POINT('',(21.6450003650785,22.0000003576279,-12.10532318));
#3201=CARTESIAN_POINT('Origin',(25.2772279086008,33.0250193503915,-12.10532318));
#3202=CARTESIAN_POINT('',(25.2772279086008,31.5250193503915,-12.10532318));
#3203=CARTESIAN_POINT('',(25.2772279086008,33.0250193503915,-13.60532318));
#3204=CARTESIAN_POINT('Origin',(21.1450003576279,49.5000007748604,-12.10532318));
#3205=CARTESIAN_POINT('',(21.1450003576279,49.5000007748604,-13.60532318));
#3206=CARTESIAN_POINT('',(21.1450003576279,51.0000007748604,-12.10532318));
#3207=CARTESIAN_POINT('Origin',(54.21,33.0250193503915,-7.60532318));
#3208=CARTESIAN_POINT('',(54.21,31.5250193503915,-1.70532318));
#3209=CARTESIAN_POINT('',(55.71,33.0250193503915,-1.70532318));
#3210=CARTESIAN_POINT('Origin',(54.21,33.0250193503915,-1.70532318));
#3211=CARTESIAN_POINT('',(55.71,33.0250193503915,-7.60532318));
#3212=CARTESIAN_POINT('',(54.21,31.5250193503915,-7.60532318));
#3213=CARTESIAN_POINT('Origin',(54.21,-6.04,-12.10532318));
#3214=CARTESIAN_POINT('',(55.71,-6.04,-12.10532318));
#3215=CARTESIAN_POINT('',(54.21,-6.04,-13.60532318));
#3216=CARTESIAN_POINT('Origin',(54.21,49.5000007748604,-7.60532318));
#3217=CARTESIAN_POINT('',(55.71,49.5000007748604,-1.70532318));
#3218=CARTESIAN_POINT('',(54.21,51.0000007748604,-1.70532318));
#3219=CARTESIAN_POINT('Origin',(54.21,49.5000007748604,-1.70532318));
#3220=CARTESIAN_POINT('',(54.21,51.0000007748604,-7.60532318));
#3221=CARTESIAN_POINT('',(55.71,49.5000007748604,-7.60532318));
#3222=CARTESIAN_POINT('Origin',(-4.06142615401364,21.9858020348548,-13.60532318));
#3223=CARTESIAN_POINT('',(4.00000004470348,21.9858020348548,-1.70532318));
#3224=CARTESIAN_POINT('',(4.00000004470348,21.9858020348548,-13.60532318));
#3225=CARTESIAN_POINT('',(-4.06142615401364,21.9858020348548,-1.70532318));
#3226=CARTESIAN_POINT('Origin',(4.00000004470348,23.9858020348547,-13.60532318));
#3227=CARTESIAN_POINT('',(4.00000004470348,31.5000004470348,-1.70532318));
#3228=CARTESIAN_POINT('',(4.00000004470348,31.5000004470348,-13.60532318));
#3229=CARTESIAN_POINT('',(4.00000004470348,30.0000004470348,-1.70532318));
#3230=CARTESIAN_POINT('Origin',(3.00000004470348,31.5000004470348,-13.60532318));
#3231=CARTESIAN_POINT('',(3.00000004470348,31.5000004470348,-1.70532318));
#3232=CARTESIAN_POINT('Origin',(-3.71,59.11,-1.60532318));
#3233=CARTESIAN_POINT('',(-3.71,-5.04,-1.70532318));
#3234=CARTESIAN_POINT('',(-3.71,31.0550000223517,-1.70532318));
#3235=CARTESIAN_POINT('',(-3.71,44.5550002235174,-1.70532318));
#3236=CARTESIAN_POINT('',(-3.71,59.11,-1.70532318));
#3237=CARTESIAN_POINT('',(-3.71,57.4265496035584,-1.70532318));
#3238=CARTESIAN_POINT('',(-3.71,59.11,1.39467682));
#3239=CARTESIAN_POINT('',(-3.71,59.11,-1.60532318));
#3240=CARTESIAN_POINT('',(-3.71,-5.04,1.39467682));
#3241=CARTESIAN_POINT('',(-3.71,43.0725,1.39467682));
#3242=CARTESIAN_POINT('',(-3.71,-5.04,-1.60532318));
#3243=CARTESIAN_POINT('Origin',(-4.06142615401364,51.0000007748604,-13.60532318));
#3244=CARTESIAN_POINT('',(4.00046764975672,51.0000007748604,-1.70532318));
#3245=CARTESIAN_POINT('',(4.00046764975672,51.0000007748604,-13.60532318));
#3246=CARTESIAN_POINT('',(3.45246764975672,51.0000007748604,-1.70532318));
#3247=CARTESIAN_POINT('Origin',(4.00046764975672,52.0000007748604,-13.60532318));
#3248=CARTESIAN_POINT('',(4.00046764975672,52.0000007748604,-1.70532318));
#3249=CARTESIAN_POINT('Origin',(55.71,59.11,-1.60532318));
#3250=CARTESIAN_POINT('',(29.5812338248784,59.11,-1.70532318));
#3251=CARTESIAN_POINT('',(55.71,59.11,-1.70532318));
#3252=CARTESIAN_POINT('',(53.8106799068083,59.11,-1.70532318));
#3253=CARTESIAN_POINT('',(55.71,59.11,1.39467682));
#3254=CARTESIAN_POINT('',(55.71,59.11,-1.60532318));
#3255=CARTESIAN_POINT('',(43.6762650357142,59.11,1.39467682));
#3256=CARTESIAN_POINT('',(40.855,59.11,1.39467682));
#3257=CARTESIAN_POINT('',(43.6762650357142,59.11,0.97367682));
#3258=CARTESIAN_POINT('',(43.6762650357142,59.11,-0.81582318));
#3259=CARTESIAN_POINT('',(42.6762650357142,59.11,-0.0263231800000005));
#3260=CARTESIAN_POINT('Origin',(42.6762650357142,59.11,0.97367682));
#3261=CARTESIAN_POINT('',(17.2733835464974,59.11,-0.0263231800000005));
#3262=CARTESIAN_POINT('',(36.4916917732487,59.11,-0.0263231800000005));
#3263=CARTESIAN_POINT('',(16.2733835464974,59.11,0.97367682));
#3264=CARTESIAN_POINT('Origin',(17.2733835464974,59.11,0.97367682));
#3265=CARTESIAN_POINT('',(16.2733835464974,59.11,1.39467682));
#3266=CARTESIAN_POINT('',(16.2733835464974,59.11,0.94467682));
#3267=CARTESIAN_POINT('',(40.855,59.11,1.39467682));
#3268=CARTESIAN_POINT('Origin',(48.0000007152557,59.4861976393732,-13.60532318));
#3269=CARTESIAN_POINT('',(48.0000007152557,51.0000007748604,-1.70532318));
#3270=CARTESIAN_POINT('',(48.0000007152557,51.0000007748604,-13.60532318));
#3271=CARTESIAN_POINT('',(48.0000007152557,59.4861976393732,-1.70532318));
#3272=CARTESIAN_POINT('Origin',(48.0000007152557,51.0000007748604,-13.60532318));
#3273=CARTESIAN_POINT('',(48.0000007152557,51.0000007748604,-1.70532318));
#3274=CARTESIAN_POINT('Origin',(-5.71,-7.04,-13.60532318));
#3275=CARTESIAN_POINT('Origin',(-5.46369886507495E-16,55.325,-15.60532318));
#3276=CARTESIAN_POINT('',(-3.5,55.325,-15.60532318));
#3277=CARTESIAN_POINT('Origin',(-5.46369886507495E-16,55.325,-15.60532318));
#3278=CARTESIAN_POINT('',(-3.5,55.325,-15.60532318));
#3279=CARTESIAN_POINT('Origin',(52.,26.825,-15.60532318));
#3280=CARTESIAN_POINT('',(48.5,26.825,-15.60532318));
#3281=CARTESIAN_POINT('Origin',(52.,26.825,-15.60532318));
#3282=CARTESIAN_POINT('',(48.5,26.825,-15.60532318));
#3283=CARTESIAN_POINT('Origin',(52.,0.,-5.60532318));
#3284=CARTESIAN_POINT('',(48.5,4.28626379701573E-16,-5.60532318));
#3285=CARTESIAN_POINT('Origin',(52.,0.,-5.60532318));
#3286=CARTESIAN_POINT('',(53.85,-2.2655965784226E-16,-5.60532318));
#3287=CARTESIAN_POINT('Origin',(52.,0.,-5.60532318));
#3288=CARTESIAN_POINT('Origin',(-5.55111512312578E-16,0.,-5.60532318));
#3289=CARTESIAN_POINT('',(-3.5,4.28626379701574E-16,-5.60532318));
#3290=CARTESIAN_POINT('Origin',(-5.46369886507495E-16,0.,-5.60532318));
#3291=CARTESIAN_POINT('',(1.85,-2.2655965784226E-16,-5.60532318));
#3292=CARTESIAN_POINT('Origin',(0.,0.,-5.60532318));
#3293=CARTESIAN_POINT('Origin',(-5.46369886507495E-16,26.825,-15.60532318));
#3294=CARTESIAN_POINT('',(-3.5,26.825,-15.60532318));
#3295=CARTESIAN_POINT('Origin',(-5.46369886507495E-16,26.825,-15.60532318));
#3296=CARTESIAN_POINT('',(-3.5,26.825,-15.60532318));
#3297=CARTESIAN_POINT('Origin',(52.,0.,-15.60532318));
#3298=CARTESIAN_POINT('',(48.5,4.28626379701573E-16,-15.60532318));
#3299=CARTESIAN_POINT('Origin',(52.,0.,-15.60532318));
#3300=CARTESIAN_POINT('',(48.5,-4.28626379701573E-16,-15.60532318));
#3301=CARTESIAN_POINT('Origin',(-5.46369886507495E-16,0.,-15.60532318));
#3302=CARTESIAN_POINT('',(-3.5,4.28626379701574E-16,-15.60532318));
#3303=CARTESIAN_POINT('Origin',(-5.46369886507495E-16,0.,-15.60532318));
#3304=CARTESIAN_POINT('',(-3.5,-4.28626379701574E-16,-15.60532318));
#3305=CARTESIAN_POINT('Origin',(3.00000004470348,4.00000004470348,-13.60532318));
#3306=CARTESIAN_POINT('',(4.00000004470348,4.00000004470348,-1.70532318));
#3307=CARTESIAN_POINT('',(3.00000004470348,4.00000004470348,-1.70532318));
#3308=CARTESIAN_POINT('',(4.00000004470348,4.00000004470348,-13.60532318));
#3309=CARTESIAN_POINT('Origin',(49.0000007301569,22.0000003576279,-13.60532318));
#3310=CARTESIAN_POINT('',(48.0000007301569,22.0000003576279,-1.70532318));
#3311=CARTESIAN_POINT('',(49.0000007301569,22.0000003576279,-1.70532318));
#3312=CARTESIAN_POINT('',(48.0000007301569,22.0000003576279,-13.60532318));
#3313=CARTESIAN_POINT('Origin',(55.71,-5.04,-1.60532318));
#3314=CARTESIAN_POINT('',(55.71,-5.04,-1.70532318));
#3315=CARTESIAN_POINT('',(55.71,-3.10889843204137,-1.70532318));
#3316=CARTESIAN_POINT('',(55.71,-5.04,1.39467682));
#3317=CARTESIAN_POINT('',(55.71,-5.04,-1.60532318));
#3318=CARTESIAN_POINT('',(55.71,10.9975,1.39467682));
#3319=CARTESIAN_POINT('',(55.71,23.4800003874302,-1.70532318));
#3320=CARTESIAN_POINT('',(55.71,9.48000017881393,-1.70532318));
#3321=CARTESIAN_POINT('Origin',(56.2644558172015,4.50000004470348,-13.60532318));
#3322=CARTESIAN_POINT('',(48.0000007301569,4.50000004470348,-1.70532318));
#3323=CARTESIAN_POINT('',(48.0000007301569,4.50000004470348,-13.60532318));
#3324=CARTESIAN_POINT('',(49.0000007301569,4.50000004470348,-1.70532318));
#3325=CARTESIAN_POINT('Origin',(56.2644558172015,31.5250193503915,-13.60532318));
#3326=CARTESIAN_POINT('',(48.0000007301569,31.5250193503915,-1.70532318));
#3327=CARTESIAN_POINT('',(48.0000007301569,31.5250193503915,-13.60532318));
#3328=CARTESIAN_POINT('',(56.2644558172015,31.5250193503915,-1.70532318));
#3329=CARTESIAN_POINT('Origin',(4.00000004470348,-5.35559377286897,-13.60532318));
#3330=CARTESIAN_POINT('',(4.00000004470348,3.00000004470348,-1.70532318));
#3331=CARTESIAN_POINT('Origin',(48.0000007301569,3.00000004470348,-13.60532318));
#3332=CARTESIAN_POINT('',(48.0000007301569,-5.35559377286897,-1.70532318));
#3333=CARTESIAN_POINT('Origin',(-3.71,-5.04,-1.60532318));
#3334=CARTESIAN_POINT('',(-2.1163909646375,-5.04,-1.70532318));
#3335=CARTESIAN_POINT('',(6.14203253972652,-5.04,1.39467682));
#3336=CARTESIAN_POINT('',(11.145,-5.04,1.39467682));
#3337=CARTESIAN_POINT('',(6.93801234333632,-5.04,1.));
#3338=CARTESIAN_POINT('Origin',(6.93801234333632,-5.04,2.));
#3339=CARTESIAN_POINT('',(12.0000002086163,-5.04,1.));
#3340=CARTESIAN_POINT('',(1.11400617166816,-5.04,1.));
#3341=CARTESIAN_POINT('',(12.795980012226,-5.04,1.39467682));
#3342=CARTESIAN_POINT('Origin',(12.0000002086163,-5.04,2.));
#3343=CARTESIAN_POINT('',(11.145,-5.04,1.39467682));
#3344=CARTESIAN_POINT('',(22.6450003650785,-5.04,-1.70532318));
#3345=CARTESIAN_POINT('Origin',(48.0000007301569,30.0250193503915,-13.60532318));
#3346=CARTESIAN_POINT('',(48.0000007301569,24.0000003576279,-1.70532318));
#3347=CARTESIAN_POINT('Origin',(-0.530713054655076,26.9929012409448,-1.70532318));
#3348=CARTESIAN_POINT('',(1.85,26.825,-1.70532318));
#3349=CARTESIAN_POINT('Origin',(0.,26.825,-1.70532318));
#3350=CARTESIAN_POINT('Origin',(-0.30447925212846,55.7430992071168,-1.70532318));
#3351=CARTESIAN_POINT('',(1.85,55.325,-1.70532318));
#3352=CARTESIAN_POINT('Origin',(0.,55.325,-1.70532318));
#3353=CARTESIAN_POINT('Origin',(51.9113598136166,55.7430992071168,-1.70532318));
#3354=CARTESIAN_POINT('',(53.85,55.325,-1.70532318));
#3355=CARTESIAN_POINT('Origin',(52.,55.325,-1.70532318));
#3356=CARTESIAN_POINT('Origin',(-0.522781929275007,-1.17779686408274,-1.70532318));
#3357=CARTESIAN_POINT('',(1.85,-2.2655965784226E-16,-1.70532318));
#3358=CARTESIAN_POINT('Origin',(0.,0.,-1.70532318));
#3359=CARTESIAN_POINT('Origin',(52.6322282736792,-1.17779686408274,-1.70532318));
#3360=CARTESIAN_POINT('',(53.85,-2.2655965784226E-16,-1.70532318));
#3361=CARTESIAN_POINT('Origin',(52.,0.,-1.70532318));
#3362=CARTESIAN_POINT('Origin',(52.6322282736792,27.0125098540097,-1.70532318));
#3363=CARTESIAN_POINT('',(53.85,26.825,-1.70532318));
#3364=CARTESIAN_POINT('Origin',(52.,26.825,-1.70532318));
#3365=CARTESIAN_POINT('Origin',(6.93801234333632,-3.789503981074,2.));
#3366=CARTESIAN_POINT('',(6.14203253972652,-6.09,1.39467682));
#3367=CARTESIAN_POINT('',(5.93801234333632,-6.09,2.));
#3368=CARTESIAN_POINT('Origin',(6.93801234333632,-6.09,2.));
#3369=CARTESIAN_POINT('',(5.93801234333632,-7.04,2.));
#3370=CARTESIAN_POINT('',(5.93801234333632,-3.789503981074,2.));
#3371=CARTESIAN_POINT('',(6.93801234333632,-7.04,1.));
#3372=CARTESIAN_POINT('Origin',(6.93801234333632,-7.04,2.));
#3373=CARTESIAN_POINT('',(6.93801234333632,-3.789503981074,1.));
#3374=CARTESIAN_POINT('',(6.14203253972652,-3.789503981074,1.39467682));
#3375=CARTESIAN_POINT('Origin',(5.93801234333632,-3.789503981074,1.));
#3376=CARTESIAN_POINT('',(12.0000002086163,-7.04,1.));
#3377=CARTESIAN_POINT('',(31.8240061716682,-7.04,1.));
#3378=CARTESIAN_POINT('',(12.0000002086163,-3.789503981074,1.));
#3379=CARTESIAN_POINT('Origin',(12.0000002086163,-3.789503981074,2.));
#3380=CARTESIAN_POINT('',(12.795980012226,-6.09,1.39467682));
#3381=CARTESIAN_POINT('',(13.0000002086163,-6.09,2.));
#3382=CARTESIAN_POINT('Origin',(12.0000002086163,-6.09,2.));
#3383=CARTESIAN_POINT('',(12.795980012226,-3.789503981074,1.39467682));
#3384=CARTESIAN_POINT('',(13.0000002086163,-7.04,2.));
#3385=CARTESIAN_POINT('Origin',(12.0000002086163,-7.04,2.));
#3386=CARTESIAN_POINT('',(13.0000002086163,-3.789503981074,2.));
#3387=CARTESIAN_POINT('Origin',(13.0000002086163,-3.789503981074,0.));
#3388=CARTESIAN_POINT('',(13.0000002086163,-7.04,2.89467682));
#3389=CARTESIAN_POINT('',(13.0000002086163,-7.04,-0.80266159));
#3390=CARTESIAN_POINT('',(13.0000002086163,-6.09,2.89467682));
#3391=CARTESIAN_POINT('',(13.0000002086163,11.622748009463,2.89467682));
#3392=CARTESIAN_POINT('',(13.0000002086163,-6.09,1.74733841));
#3393=CARTESIAN_POINT('Origin',(26.,27.035,1.39467682));
#3394=CARTESIAN_POINT('',(43.6762650357142,60.16,1.39467682));
#3395=CARTESIAN_POINT('',(43.6762650357142,44.0725,1.39467682));
#3396=CARTESIAN_POINT('',(56.76,-6.09,1.39467682));
#3397=CARTESIAN_POINT('',(41.38,-6.09,1.39467682));
#3398=CARTESIAN_POINT('',(56.76,60.16,1.39467682));
#3399=CARTESIAN_POINT('',(56.76,60.16,1.39467682));
#3400=CARTESIAN_POINT('',(-4.76,60.16,1.39467682));
#3401=CARTESIAN_POINT('Origin',(26.,27.035,1.39467682));
#3402=CARTESIAN_POINT('',(16.2733835464974,60.16,1.39467682));
#3403=CARTESIAN_POINT('',(16.2733835464974,44.0725,1.39467682));
#3404=CARTESIAN_POINT('',(-4.76,60.16,1.39467682));
#3405=CARTESIAN_POINT('',(-4.76,60.16,1.39467682));
#3406=CARTESIAN_POINT('',(-4.76,-6.09,1.39467682));
#3407=CARTESIAN_POINT('',(-4.76,-6.09,1.39467682));
#3408=CARTESIAN_POINT('',(56.76,-6.09,1.39467682));
#3409=CARTESIAN_POINT('Origin',(5.93801234333632,-3.789503981074,3.50000062));
#3410=CARTESIAN_POINT('',(5.93801234333632,-6.09,2.89467682));
#3411=CARTESIAN_POINT('',(5.93801234333632,-6.09,3.49733872));
#3412=CARTESIAN_POINT('',(5.93801234333632,-7.04,2.89467682));
#3413=CARTESIAN_POINT('',(5.93801234333632,11.622748009463,2.89467682));
#3414=CARTESIAN_POINT('',(5.93801234333632,-7.04,0.94733872));
#3415=CARTESIAN_POINT('Origin',(43.6762650357142,61.11,0.49467682));
#3416=CARTESIAN_POINT('',(43.6762650357142,60.16,2.89467682));
#3417=CARTESIAN_POINT('',(43.6762650357142,60.16,1.49467682));
#3418=CARTESIAN_POINT('',(43.6762650357142,61.11,2.89467682));
#3419=CARTESIAN_POINT('',(43.6762650357142,44.0725,2.89467682));
#3420=CARTESIAN_POINT('',(43.6762650357142,61.11,0.97367682));
#3421=CARTESIAN_POINT('',(43.6762650357142,61.11,-0.55532318));
#3422=CARTESIAN_POINT('',(43.6762650357142,61.11,0.97367682));
#3423=CARTESIAN_POINT('Origin',(16.2733835464974,61.11,3.49467682));
#3424=CARTESIAN_POINT('',(16.2733835464974,61.11,0.97367682));
#3425=CARTESIAN_POINT('',(16.2733835464974,61.11,0.97367682));
#3426=CARTESIAN_POINT('',(16.2733835464974,61.11,2.89467682));
#3427=CARTESIAN_POINT('',(16.2733835464974,61.11,-0.81582318));
#3428=CARTESIAN_POINT('',(16.2733835464974,60.16,2.89467682));
#3429=CARTESIAN_POINT('',(16.2733835464974,44.0725,2.89467682));
#3430=CARTESIAN_POINT('',(16.2733835464974,60.16,3.49467682));
#3431=CARTESIAN_POINT('Origin',(26.,27.035,2.89467682));
#3432=CARTESIAN_POINT('',(56.71,61.11,2.89467682));
#3433=CARTESIAN_POINT('',(57.71,60.11,2.89467682));
#3434=CARTESIAN_POINT('Origin',(56.71,60.11,2.89467682));
#3435=CARTESIAN_POINT('',(10.145,61.11,2.89467682));
#3436=CARTESIAN_POINT('',(56.76,60.16,2.89467682));
#3437=CARTESIAN_POINT('',(10.62,60.16,2.89467682));
#3438=CARTESIAN_POINT('',(56.76,-6.09,2.89467682));
#3439=CARTESIAN_POINT('',(56.76,43.5975,2.89467682));
#3440=CARTESIAN_POINT('',(41.38,-6.09,2.89467682));
#3441=CARTESIAN_POINT('',(56.71,-7.04,2.89467682));
#3442=CARTESIAN_POINT('',(14.0000002086163,-7.04,2.89467682));
#3443=CARTESIAN_POINT('',(57.71,-6.04,2.89467682));
#3444=CARTESIAN_POINT('Origin',(56.71,-6.04,2.89467682));
#3445=CARTESIAN_POINT('',(57.71,44.0725,2.89467682));
#3446=CARTESIAN_POINT('Origin',(26.,27.035,2.89467682));
#3447=CARTESIAN_POINT('',(-5.71,60.11,2.89467682));
#3448=CARTESIAN_POINT('',(-4.71,61.11,2.89467682));
#3449=CARTESIAN_POINT('Origin',(-4.71,60.11,2.89467682));
#3450=CARTESIAN_POINT('',(-5.71,-6.04,2.89467682));
#3451=CARTESIAN_POINT('',(-5.71,9.9975,2.89467682));
#3452=CARTESIAN_POINT('',(-4.71,-7.04,2.89467682));
#3453=CARTESIAN_POINT('Origin',(-4.71,-6.04,2.89467682));
#3454=CARTESIAN_POINT('',(41.855,-7.04,2.89467682));
#3455=CARTESIAN_POINT('',(-4.76,-6.09,2.89467682));
#3456=CARTESIAN_POINT('',(15.9690061716682,-6.09,2.89467682));
#3457=CARTESIAN_POINT('',(-4.76,60.16,2.89467682));
#3458=CARTESIAN_POINT('',(-4.76,10.4725,2.89467682));
#3459=CARTESIAN_POINT('',(10.62,60.16,2.89467682));
#3460=CARTESIAN_POINT('',(10.145,61.11,2.89467682));
#3461=CARTESIAN_POINT('Origin',(56.76,60.16,3.49467682));
#3462=CARTESIAN_POINT('',(56.76,60.16,3.49467682));
#3463=CARTESIAN_POINT('',(56.76,-6.09,3.49467682));
#3464=CARTESIAN_POINT('Origin',(-4.76,60.16,3.49467682));
#3465=CARTESIAN_POINT('Origin',(56.71,60.11,-1.60532318));
#3466=CARTESIAN_POINT('',(57.71,60.11,-14.60532318));
#3467=CARTESIAN_POINT('',(57.71,60.11,-1.60532318));
#3468=CARTESIAN_POINT('',(56.71,61.11,-14.60532318));
#3469=CARTESIAN_POINT('Origin',(56.71,60.11,-14.60532318));
#3470=CARTESIAN_POINT('',(56.71,61.11,-1.60532318));
#3471=CARTESIAN_POINT('Origin',(-4.71,-6.04,-1.60532318));
#3472=CARTESIAN_POINT('',(-5.71,-6.04,-14.60532318));
#3473=CARTESIAN_POINT('',(-5.71,-6.04,-1.60532318));
#3474=CARTESIAN_POINT('',(-4.71,-7.04,-14.60532318));
#3475=CARTESIAN_POINT('Origin',(-4.71,-6.04,-14.60532318));
#3476=CARTESIAN_POINT('',(-4.71,-7.04,-1.60532318));
#3477=CARTESIAN_POINT('Origin',(-5.71,-7.04,-1.60532318));
#3478=CARTESIAN_POINT('',(-5.71,60.11,-14.60532318));
#3479=CARTESIAN_POINT('',(-5.71,60.11,-1.60532318));
#3480=CARTESIAN_POINT('',(-5.71,-7.04,-14.60532318));
#3481=CARTESIAN_POINT('Origin',(-5.71,61.11,-1.60532318));
#3482=CARTESIAN_POINT('',(-4.71,61.11,-14.60532318));
#3483=CARTESIAN_POINT('',(26.,61.11,-14.60532318));
#3484=CARTESIAN_POINT('',(-4.71,61.11,-1.60532318));
#3485=CARTESIAN_POINT('',(17.2733835464974,61.11,-0.0263231800000005));
#3486=CARTESIAN_POINT('Origin',(17.2733835464974,61.11,0.97367682));
#3487=CARTESIAN_POINT('',(42.6762650357142,61.11,-0.0263231800000005));
#3488=CARTESIAN_POINT('',(5.78169177324869,61.11,-0.0263231800000005));
#3489=CARTESIAN_POINT('Origin',(42.6762650357142,61.11,0.97367682));
#3490=CARTESIAN_POINT('Origin',(-4.71,60.11,-1.60532318));
#3491=CARTESIAN_POINT('Origin',(-4.71,60.11,-14.60532318));
#3492=CARTESIAN_POINT('Origin',(42.6762650357142,61.11,0.97367682));
#3493=CARTESIAN_POINT('',(42.6762650357142,61.11,-0.0263231800000005));
#3494=CARTESIAN_POINT('Origin',(17.2733835464974,61.11,0.97367682));
#3495=CARTESIAN_POINT('',(17.2733835464974,61.11,-0.0263231800000005));
#3496=CARTESIAN_POINT('Origin',(16.2733835464974,61.11,-0.0263231800000005));
#3497=CARTESIAN_POINT('Origin',(56.71,27.035,-14.60532318));
#3498=CARTESIAN_POINT('',(57.71,-6.04,-14.60532318));
#3499=CARTESIAN_POINT('',(56.71,-6.04,-15.60532318));
#3500=CARTESIAN_POINT('Origin',(56.71,-6.04,-14.60532318));
#3501=CARTESIAN_POINT('',(56.71,60.11,-15.60532318));
#3502=CARTESIAN_POINT('',(56.71,27.035,-15.60532318));
#3503=CARTESIAN_POINT('Origin',(56.71,60.11,-14.60532318));
#3504=CARTESIAN_POINT('',(57.71,27.035,-14.60532318));
#3505=CARTESIAN_POINT('Origin',(26.,60.11,-14.60532318));
#3506=CARTESIAN_POINT('',(-4.71,60.11,-15.60532318));
#3507=CARTESIAN_POINT('Origin',(-4.71,60.11,-14.60532318));
#3508=CARTESIAN_POINT('Origin',(56.71,60.11,-14.60532318));
#3509=CARTESIAN_POINT('',(26.,60.11,-15.60532318));
#3510=CARTESIAN_POINT('Origin',(56.71,60.11,-14.60532318));
#3511=CARTESIAN_POINT('Origin',(-4.71,-7.04,-14.60532318));
#3512=CARTESIAN_POINT('',(-4.71,-6.04,-15.60532318));
#3513=CARTESIAN_POINT('Origin',(-4.71,-6.04,-14.60532318));
#3514=CARTESIAN_POINT('Origin',(-4.71,60.11,-14.60532318));
#3515=CARTESIAN_POINT('',(-4.71,-7.04,-15.60532318));
#3516=CARTESIAN_POINT('Origin',(-4.71,60.11,-14.60532318));
#3517=CARTESIAN_POINT('Origin',(57.71,-6.04,-14.60532318));
#3518=CARTESIAN_POINT('Origin',(-4.71,-6.04,-14.60532318));
#3519=CARTESIAN_POINT('',(57.71,-6.04,-15.60532318));
#3520=CARTESIAN_POINT('',(56.71,-7.04,-14.60532318));
#3521=CARTESIAN_POINT('Origin',(56.71,-6.04,-14.60532318));
#3522=CARTESIAN_POINT('',(57.71,-7.04,-14.60532318));
#3523=CARTESIAN_POINT('Origin',(-4.71,-6.04,-14.60532318));
#3524=CARTESIAN_POINT('Origin',(56.71,-6.04,-14.60532318));
#3525=CARTESIAN_POINT('Origin',(56.71,-6.04,-14.60532318));
#3526=CARTESIAN_POINT('Origin',(57.71,-7.04,-1.60532318));
#3527=CARTESIAN_POINT('',(56.71,-7.04,-1.60532318));
#3528=CARTESIAN_POINT('Origin',(57.71,-7.04,-15.60532318));
#3529=CARTESIAN_POINT('Origin',(56.71,-6.04,-1.60532318));
#3530=CARTESIAN_POINT('',(57.71,-6.04,-1.60532318));
#3531=CARTESIAN_POINT('Origin',(57.71,61.11,-1.60532318));
#3532=CARTESIAN_POINT('Origin',(-4.76,60.16,3.49467682));
#3533=CARTESIAN_POINT('',(-4.76,60.16,3.49467682));
#3534=CARTESIAN_POINT('Origin',(56.76,-6.09,3.49467682));
#3535=CARTESIAN_POINT('Origin',(-4.76,-6.09,3.49467682));
#3536=CARTESIAN_POINT('',(-4.76,-6.09,3.49467682));
#3537=CARTESIAN_POINT('Origin',(5.93801234333632,-6.09,3.49467682));
#3538=CARTESIAN_POINT('Origin',(0.,26.825,0.));
#3539=CARTESIAN_POINT('',(1.85,26.825,0.));
#3540=CARTESIAN_POINT('Origin',(0.,55.325,0.));
#3541=CARTESIAN_POINT('',(1.85,55.325,0.));
#3542=CARTESIAN_POINT('Origin',(0.,0.,0.));
#3543=CARTESIAN_POINT('',(1.85,-2.2655965784226E-16,0.));
#3544=CARTESIAN_POINT('Origin',(52.,26.825,0.));
#3545=CARTESIAN_POINT('',(53.85,26.825,0.));
#3546=CARTESIAN_POINT('Origin',(52.,55.325,0.));
#3547=CARTESIAN_POINT('',(53.85,55.325,0.));
#3548=CARTESIAN_POINT('Origin',(52.,0.,0.));
#3549=CARTESIAN_POINT('',(53.85,-2.2655965784226E-16,0.));
#3550=UNCERTAINTY_MEASURE_WITH_UNIT(LENGTH_MEASURE(0.01),#3554,
'DISTANCE_ACCURACY_VALUE',
'Maximum model space distance between geometric entities at asserted c
onnectivities');
#3551=UNCERTAINTY_MEASURE_WITH_UNIT(LENGTH_MEASURE(0.01),#3554,
'DISTANCE_ACCURACY_VALUE',
'Maximum model space distance between geometric entities at asserted c
onnectivities');
#3552=(
GEOMETRIC_REPRESENTATION_CONTEXT(3)
GLOBAL_UNCERTAINTY_ASSIGNED_CONTEXT((#3550))
GLOBAL_UNIT_ASSIGNED_CONTEXT((#3554,#3555,#3556))
REPRESENTATION_CONTEXT('','3D')
);
#3553=(
GEOMETRIC_REPRESENTATION_CONTEXT(3)
GLOBAL_UNCERTAINTY_ASSIGNED_CONTEXT((#3551))
GLOBAL_UNIT_ASSIGNED_CONTEXT((#3554,#3555,#3556))
REPRESENTATION_CONTEXT('','3D')
);
#3554=(
LENGTH_UNIT()
NAMED_UNIT(*)
SI_UNIT(.MILLI.,.METRE.)
);
#3555=(
NAMED_UNIT(*)
PLANE_ANGLE_UNIT()
SI_UNIT($,.RADIAN.)
);
#3556=(
NAMED_UNIT(*)
SI_UNIT($,.STERADIAN.)
SOLID_ANGLE_UNIT()
);
#3557=SHAPE_DEFINITION_REPRESENTATION(#3558,#3559);
#3558=PRODUCT_DEFINITION_SHAPE('',$,#3561);
#3559=SHAPE_REPRESENTATION('',(#2078),#3552);
#3560=PRODUCT_DEFINITION_CONTEXT('part definition',#3565,'design');
#3561=PRODUCT_DEFINITION('2025-09-20-10-25-31-288',
'BIP39_tornillosabajo_v2',#3562,#3560);
#3562=PRODUCT_DEFINITION_FORMATION('',$,#3567);
#3563=PRODUCT_RELATED_PRODUCT_CATEGORY('BIP39_tornillosabajo_v2',
'BIP39_tornillosabajo_v2',(#3567));
#3564=APPLICATION_PROTOCOL_DEFINITION('international standard',
'automotive_design',2009,#3565);
#3565=APPLICATION_CONTEXT(
'Core Data for Automotive Mechanical Design Process');
#3566=PRODUCT_CONTEXT('part definition',#3565,'mechanical');
#3567=PRODUCT('2025-09-20-10-25-31-288','BIP39_tornillosabajo_v2',
'Open CASCADE Model',(#3566));
#3568=PRESENTATION_STYLE_ASSIGNMENT((#3571));
#3569=PRESENTATION_STYLE_ASSIGNMENT((#3572));
#3570=PRESENTATION_STYLE_ASSIGNMENT((#3573));
#3571=SURFACE_STYLE_USAGE(.BOTH.,#3574);
#3572=SURFACE_STYLE_USAGE(.BOTH.,#3575);
#3573=SURFACE_STYLE_USAGE(.BOTH.,#3576);
#3574=SURFACE_SIDE_STYLE('',(#3577));
#3575=SURFACE_SIDE_STYLE('',(#3578));
#3576=SURFACE_SIDE_STYLE('',(#3579));
#3577=SURFACE_STYLE_FILL_AREA(#3580);
#3578=SURFACE_STYLE_FILL_AREA(#3581);
#3579=SURFACE_STYLE_FILL_AREA(#3582);
#3580=FILL_AREA_STYLE('Acero - Satinado',(#3583));
#3581=FILL_AREA_STYLE('Nil\X\F3n 6-6 (blanco)',(#3584));
#3582=FILL_AREA_STYLE('Opaque(170,170,127)',(#3585));
#3583=FILL_AREA_STYLE_COLOUR('Acero - Satinado',#3586);
#3584=FILL_AREA_STYLE_COLOUR('Nil\X\F3n 6-6 (blanco)',#3587);
#3585=FILL_AREA_STYLE_COLOUR('Opaque(170,170,127)',#3588);
#3586=COLOUR_RGB('Acero - Satinado',0.627450980392157,0.627450980392157,
0.627450980392157);
#3587=COLOUR_RGB('Nil\X\F3n 6-6 (blanco)',0.972549019607843,0.968627450980392,
0.929411764705882);
#3588=COLOUR_RGB('Opaque(170,170,127)',0.666666666666667,0.666666666666667,
0.498039215686275);
ENDSEC;
END-ISO-10303-21;
