ISO-10303-21;
HEADER;
/* Generated by software containing ST-Developer
 * from STEP Tools, Inc. (www.steptools.com) 
 */

FILE_DESCRIPTION(
/* description */ ('Open CASCADE Model'),
/* implementation_level */ '2;1');

FILE_NAME(
/* name */ 'BIP39_tornillosabajo_v2_TOP.step',
/* time_stamp */ '2026-05-09T17:57:35+02:00',
/* author */ (''),
/* organization */ (''),
/* preprocessor_version */ 'ST-DEVELOPER v20.1',
/* originating_system */ 'Autodesk Translation Framework v14.24.0.0',
/* authorisation */ '');

FILE_SCHEMA (('AUTOMOTIVE_DESIGN { 1 0 10303 214 3 1 1 }'));
ENDSEC;

DATA;
#10=MECHANICAL_DESIGN_GEOMETRIC_PRESENTATION_REPRESENTATION('',(#13),#2590);
#11=SHAPE_REPRESENTATION_RELATIONSHIP('SRR','None',#2596,#12);
#12=ADVANCED_BREP_SHAPE_REPRESENTATION('',(#14),#2589);
#13=STYLED_ITEM('',(#2607),#14);
#14=MANIFOLD_SOLID_BREP('case top (1)',#1498);
#15=SPHERICAL_SURFACE('',#1588,1.);
#16=SPHERICAL_SURFACE('',#1591,1.);
#17=SPHERICAL_SURFACE('',#1595,1.);
#18=SPHERICAL_SURFACE('',#1598,1.);
#19=LINE('',#2182,#144);
#20=LINE('',#2184,#145);
#21=LINE('',#2188,#146);
#22=LINE('',#2190,#147);
#23=LINE('',#2192,#148);
#24=LINE('',#2193,#149);
#25=LINE('',#2195,#150);
#26=LINE('',#2199,#151);
#27=LINE('',#2201,#152);
#28=LINE('',#2203,#153);
#29=LINE('',#2205,#154);
#30=LINE('',#2206,#155);
#31=LINE('',#2261,#156);
#32=LINE('',#2263,#157);
#33=LINE('',#2269,#158);
#34=LINE('',#2271,#159);
#35=LINE('',#2277,#160);
#36=LINE('',#2279,#161);
#37=LINE('',#2287,#162);
#38=LINE('',#2292,#163);
#39=LINE('',#2302,#164);
#40=LINE('',#2308,#165);
#41=LINE('',#2316,#166);
#42=LINE('',#2319,#167);
#43=LINE('',#2325,#168);
#44=LINE('',#2329,#169);
#45=LINE('',#2336,#170);
#46=LINE('',#2339,#171);
#47=LINE('',#2345,#172);
#48=LINE('',#2348,#173);
#49=LINE('',#2350,#174);
#50=LINE('',#2351,#175);
#51=LINE('',#2361,#176);
#52=LINE('',#2362,#177);
#53=LINE('',#2373,#178);
#54=LINE('',#2374,#179);
#55=LINE('',#2376,#180);
#56=LINE('',#2378,#181);
#57=LINE('',#2382,#182);
#58=LINE('',#2385,#183);
#59=LINE('',#2389,#184);
#60=LINE('',#2391,#185);
#61=LINE('',#2393,#186);
#62=LINE('',#2394,#187);
#63=LINE('',#2397,#188);
#64=LINE('',#2399,#189);
#65=LINE('',#2400,#190);
#66=LINE('',#2402,#191);
#67=LINE('',#2404,#192);
#68=LINE('',#2406,#193);
#69=LINE('',#2407,#194);
#70=LINE('',#2410,#195);
#71=LINE('',#2411,#196);
#72=LINE('',#2414,#197);
#73=LINE('',#2415,#198);
#74=LINE('',#2417,#199);
#75=LINE('',#2419,#200);
#76=LINE('',#2423,#201);
#77=LINE('',#2427,#202);
#78=LINE('',#2429,#203);
#79=LINE('',#2431,#204);
#80=LINE('',#2433,#205);
#81=LINE('',#2434,#206);
#82=LINE('',#2438,#207);
#83=LINE('',#2440,#208);
#84=LINE('',#2441,#209);
#85=LINE('',#2446,#210);
#86=LINE('',#2447,#211);
#87=LINE('',#2448,#212);
#88=LINE('',#2451,#213);
#89=LINE('',#2453,#214);
#90=LINE('',#2454,#215);
#91=LINE('',#2456,#216);
#92=LINE('',#2458,#217);
#93=LINE('',#2460,#218);
#94=LINE('',#2462,#219);
#95=LINE('',#2467,#220);
#96=LINE('',#2468,#221);
#97=LINE('',#2471,#222);
#98=LINE('',#2472,#223);
#99=LINE('',#2476,#224);
#100=LINE('',#2479,#225);
#101=LINE('',#2480,#226);
#102=LINE('',#2483,#227);
#103=LINE('',#2485,#228);
#104=LINE('',#2487,#229);
#105=LINE('',#2489,#230);
#106=LINE('',#2490,#231);
#107=LINE('',#2493,#232);
#108=LINE('',#2495,#233);
#109=LINE('',#2497,#234);
#110=LINE('',#2498,#235);
#111=LINE('',#2501,#236);
#112=LINE('',#2502,#237);
#113=LINE('',#2505,#238);
#114=LINE('',#2506,#239);
#115=LINE('',#2510,#240);
#116=LINE('',#2513,#241);
#117=LINE('',#2514,#242);
#118=LINE('',#2518,#243);
#119=LINE('',#2521,#244);
#120=LINE('',#2522,#245);
#121=LINE('',#2525,#246);
#122=LINE('',#2527,#247);
#123=LINE('',#2528,#248);
#124=LINE('',#2532,#249);
#125=LINE('',#2534,#250);
#126=LINE('',#2536,#251);
#127=LINE('',#2537,#252);
#128=LINE('',#2555,#253);
#129=LINE('',#2556,#254);
#130=LINE('',#2558,#255);
#131=LINE('',#2560,#256);
#132=LINE('',#2563,#257);
#133=LINE('',#2565,#258);
#134=LINE('',#2567,#259);
#135=LINE('',#2569,#260);
#136=LINE('',#2571,#261);
#137=LINE('',#2573,#262);
#138=LINE('',#2575,#263);
#139=LINE('',#2577,#264);
#140=LINE('',#2579,#265);
#141=LINE('',#2580,#266);
#142=LINE('',#2582,#267);
#143=LINE('',#2584,#268);
#144=VECTOR('',#1715,2.5);
#145=VECTOR('',#1718,1.4);
#146=VECTOR('',#1721,10.);
#147=VECTOR('',#1722,10.);
#148=VECTOR('',#1723,10.);
#149=VECTOR('',#1724,10.);
#150=VECTOR('',#1725,10.);
#151=VECTOR('',#1728,10.);
#152=VECTOR('',#1729,10.);
#153=VECTOR('',#1730,10.);
#154=VECTOR('',#1731,10.);
#155=VECTOR('',#1732,10.);
#156=VECTOR('',#1765,2.5);
#157=VECTOR('',#1768,1.4);
#158=VECTOR('',#1777,2.5);
#159=VECTOR('',#1780,1.4);
#160=VECTOR('',#1789,2.5);
#161=VECTOR('',#1792,1.4);
#162=VECTOR('',#1803,2.5);
#163=VECTOR('',#1808,1.4);
#164=VECTOR('',#1823,2.5);
#165=VECTOR('',#1830,1.4);
#166=VECTOR('',#1839,10.);
#167=VECTOR('',#1842,10.);
#168=VECTOR('',#1847,10.);
#169=VECTOR('',#1850,10.);
#170=VECTOR('',#1857,10.);
#171=VECTOR('',#1860,10.);
#172=VECTOR('',#1865,10.);
#173=VECTOR('',#1868,10.);
#174=VECTOR('',#1871,10.);
#175=VECTOR('',#1872,10.);
#176=VECTOR('',#1887,10.);
#177=VECTOR('',#1888,10.);
#178=VECTOR('',#1903,10.);
#179=VECTOR('',#1904,10.);
#180=VECTOR('',#1905,10.);
#181=VECTOR('',#1906,10.);
#182=VECTOR('',#1909,10.);
#183=VECTOR('',#1912,10.);
#184=VECTOR('',#1915,10.);
#185=VECTOR('',#1916,10.);
#186=VECTOR('',#1917,10.);
#187=VECTOR('',#1918,10.);
#188=VECTOR('',#1921,10.);
#189=VECTOR('',#1922,10.);
#190=VECTOR('',#1923,10.);
#191=VECTOR('',#1926,10.);
#192=VECTOR('',#1927,10.);
#193=VECTOR('',#1928,10.);
#194=VECTOR('',#1929,10.);
#195=VECTOR('',#1932,10.);
#196=VECTOR('',#1933,10.);
#197=VECTOR('',#1936,10.);
#198=VECTOR('',#1937,10.);
#199=VECTOR('',#1938,10.);
#200=VECTOR('',#1939,10.);
#201=VECTOR('',#1942,10.);
#202=VECTOR('',#1947,10.);
#203=VECTOR('',#1948,10.);
#204=VECTOR('',#1949,10.);
#205=VECTOR('',#1950,10.);
#206=VECTOR('',#1951,10.);
#207=VECTOR('',#1954,10.);
#208=VECTOR('',#1955,10.);
#209=VECTOR('',#1956,10.);
#210=VECTOR('',#1961,10.);
#211=VECTOR('',#1962,10.);
#212=VECTOR('',#1963,10.);
#213=VECTOR('',#1966,10.);
#214=VECTOR('',#1967,10.);
#215=VECTOR('',#1968,10.);
#216=VECTOR('',#1971,10.);
#217=VECTOR('',#1974,10.);
#218=VECTOR('',#1977,10.);
#219=VECTOR('',#1980,10.);
#220=VECTOR('',#1985,10.);
#221=VECTOR('',#1986,10.);
#222=VECTOR('',#1989,10.);
#223=VECTOR('',#1990,10.);
#224=VECTOR('',#1995,10.);
#225=VECTOR('',#1998,10.);
#226=VECTOR('',#1999,10.);
#227=VECTOR('',#2002,10.);
#228=VECTOR('',#2003,10.);
#229=VECTOR('',#2004,10.);
#230=VECTOR('',#2005,10.);
#231=VECTOR('',#2006,10.);
#232=VECTOR('',#2009,10.);
#233=VECTOR('',#2010,10.);
#234=VECTOR('',#2011,10.);
#235=VECTOR('',#2012,10.);
#236=VECTOR('',#2015,10.);
#237=VECTOR('',#2016,10.);
#238=VECTOR('',#2019,10.);
#239=VECTOR('',#2020,10.);
#240=VECTOR('',#2025,1.);
#241=VECTOR('',#2028,10.);
#242=VECTOR('',#2029,10.);
#243=VECTOR('',#2034,10.);
#244=VECTOR('',#2037,10.);
#245=VECTOR('',#2038,10.);
#246=VECTOR('',#2041,10.);
#247=VECTOR('',#2042,10.);
#248=VECTOR('',#2043,10.);
#249=VECTOR('',#2046,10.);
#250=VECTOR('',#2047,10.);
#251=VECTOR('',#2048,10.);
#252=VECTOR('',#2049,10.);
#253=VECTOR('',#2068,10.);
#254=VECTOR('',#2069,10.);
#255=VECTOR('',#2072,10.);
#256=VECTOR('',#2075,10.);
#257=VECTOR('',#2080,2.75);
#258=VECTOR('',#2083,2.75);
#259=VECTOR('',#2086,2.);
#260=VECTOR('',#2089,2.);
#261=VECTOR('',#2092,2.);
#262=VECTOR('',#2095,2.);
#263=VECTOR('',#2098,2.);
#264=VECTOR('',#2101,2.);
#265=VECTOR('',#2104,10.);
#266=VECTOR('',#2105,10.);
#267=VECTOR('',#2108,10.);
#268=VECTOR('',#2111,10.);
#269=CYLINDRICAL_SURFACE('',#1524,2.5);
#270=CYLINDRICAL_SURFACE('',#1525,1.45);
#271=CYLINDRICAL_SURFACE('',#1543,2.5);
#272=CYLINDRICAL_SURFACE('',#1544,1.45);
#273=CYLINDRICAL_SURFACE('',#1548,2.5);
#274=CYLINDRICAL_SURFACE('',#1549,1.45);
#275=CYLINDRICAL_SURFACE('',#1553,2.5);
#276=CYLINDRICAL_SURFACE('',#1554,1.45);
#277=CYLINDRICAL_SURFACE('',#1558,2.5);
#278=CYLINDRICAL_SURFACE('',#1560,1.45);
#279=CYLINDRICAL_SURFACE('',#1567,2.5);
#280=CYLINDRICAL_SURFACE('',#1570,1.45);
#281=CYLINDRICAL_SURFACE('',#1574,1.);
#282=CYLINDRICAL_SURFACE('',#1577,1.);
#283=CYLINDRICAL_SURFACE('',#1581,1.);
#284=CYLINDRICAL_SURFACE('',#1584,1.);
#285=CYLINDRICAL_SURFACE('',#1616,1.);
#286=CYLINDRICAL_SURFACE('',#1617,1.);
#287=CYLINDRICAL_SURFACE('',#1618,1.);
#288=CYLINDRICAL_SURFACE('',#1619,1.);
#289=CYLINDRICAL_SURFACE('',#1620,1.);
#290=CYLINDRICAL_SURFACE('',#1623,1.);
#291=CYLINDRICAL_SURFACE('',#1630,1.);
#292=CYLINDRICAL_SURFACE('',#1633,1.);
#293=CYLINDRICAL_SURFACE('',#1650,2.75);
#294=CYLINDRICAL_SURFACE('',#1651,2.75);
#295=CYLINDRICAL_SURFACE('',#1652,2.);
#296=CYLINDRICAL_SURFACE('',#1653,2.);
#297=CYLINDRICAL_SURFACE('',#1654,2.);
#298=CYLINDRICAL_SURFACE('',#1655,2.);
#299=CYLINDRICAL_SURFACE('',#1656,2.);
#300=CYLINDRICAL_SURFACE('',#1657,2.);
#301=B_SPLINE_CURVE_WITH_KNOTS('',3,(#2155,#2156,#2157,#2158,#2159,#2160,
#2161,#2162,#2163,#2164,#2165,#2166),.UNSPECIFIED.,.F.,.F.,(4,2,2,2,2,4),
(0.804636526453867,0.866434119526545,0.88867790483813,0.908737163258953,
0.945363775039617,1.03245836203802),.UNSPECIFIED.);
#302=B_SPLINE_CURVE_WITH_KNOTS('',3,(#2169,#2170,#2171,#2172,#2173,#2174,
#2175,#2176,#2177,#2178,#2179,#2180),.UNSPECIFIED.,.F.,.F.,(4,2,2,2,2,4),
(0.576814690869713,0.663909277868117,0.700535889648782,0.720595148069604,
0.74283893338119,0.804636526453867),.UNSPECIFIED.);
#303=B_SPLINE_CURVE_WITH_KNOTS('',3,(#2236,#2237,#2238,#2239,#2240,#2241,
#2242,#2243,#2244,#2245,#2246,#2247),.UNSPECIFIED.,.F.,.F.,(4,2,2,2,2,4),
(0.804636526453867,0.866434119526545,0.888677904838131,0.908737163258953,
0.945363775039617,1.03245836203802),.UNSPECIFIED.);
#304=B_SPLINE_CURVE_WITH_KNOTS('',3,(#2248,#2249,#2250,#2251,#2252,#2253,
#2254,#2255,#2256,#2257,#2258,#2259),.UNSPECIFIED.,.F.,.F.,(4,2,2,2,2,4),
(0.576814690869713,0.663909277868118,0.700535889648782,0.720595148069604,
0.74283893338119,0.804636526453867),.UNSPECIFIED.);
#305=TOROIDAL_SURFACE('',#1520,3.5,1.);
#306=TOROIDAL_SURFACE('',#1540,3.5,1.);
#307=TOROIDAL_SURFACE('',#1545,3.5,1.);
#308=TOROIDAL_SURFACE('',#1550,3.5,1.);
#309=TOROIDAL_SURFACE('',#1555,3.5,1.);
#310=TOROIDAL_SURFACE('',#1564,3.5,1.);
#311=FACE_BOUND('',#426,.T.);
#312=FACE_BOUND('',#429,.T.);
#313=FACE_BOUND('',#432,.T.);
#314=FACE_BOUND('',#435,.T.);
#315=FACE_BOUND('',#440,.T.);
#316=FACE_BOUND('',#441,.T.);
#317=FACE_BOUND('',#442,.T.);
#318=FACE_BOUND('',#443,.T.);
#319=FACE_BOUND('',#444,.T.);
#320=FACE_BOUND('',#445,.T.);
#321=FACE_BOUND('',#446,.T.);
#322=FACE_BOUND('',#447,.T.);
#323=FACE_BOUND('',#448,.T.);
#324=FACE_BOUND('',#449,.T.);
#325=FACE_BOUND('',#450,.T.);
#326=FACE_BOUND('',#451,.T.);
#327=FACE_BOUND('',#452,.T.);
#328=FACE_BOUND('',#466,.T.);
#329=FACE_BOUND('',#472,.T.);
#330=FACE_BOUND('',#511,.T.);
#331=FACE_BOUND('',#512,.T.);
#332=FACE_BOUND('',#513,.T.);
#333=FACE_BOUND('',#514,.T.);
#334=FACE_BOUND('',#515,.T.);
#335=FACE_BOUND('',#516,.T.);
#336=FACE_BOUND('',#517,.T.);
#337=FACE_BOUND('',#518,.T.);
#338=FACE_BOUND('',#519,.T.);
#339=FACE_OUTER_BOUND('',#424,.T.);
#340=FACE_OUTER_BOUND('',#425,.T.);
#341=FACE_OUTER_BOUND('',#427,.T.);
#342=FACE_OUTER_BOUND('',#428,.T.);
#343=FACE_OUTER_BOUND('',#430,.T.);
#344=FACE_OUTER_BOUND('',#431,.T.);
#345=FACE_OUTER_BOUND('',#433,.T.);
#346=FACE_OUTER_BOUND('',#434,.T.);
#347=FACE_OUTER_BOUND('',#436,.T.);
#348=FACE_OUTER_BOUND('',#437,.T.);
#349=FACE_OUTER_BOUND('',#438,.T.);
#350=FACE_OUTER_BOUND('',#439,.T.);
#351=FACE_OUTER_BOUND('',#453,.T.);
#352=FACE_OUTER_BOUND('',#454,.T.);
#353=FACE_OUTER_BOUND('',#455,.T.);
#354=FACE_OUTER_BOUND('',#456,.T.);
#355=FACE_OUTER_BOUND('',#457,.T.);
#356=FACE_OUTER_BOUND('',#458,.T.);
#357=FACE_OUTER_BOUND('',#459,.T.);
#358=FACE_OUTER_BOUND('',#460,.T.);
#359=FACE_OUTER_BOUND('',#461,.T.);
#360=FACE_OUTER_BOUND('',#462,.T.);
#361=FACE_OUTER_BOUND('',#463,.T.);
#362=FACE_OUTER_BOUND('',#464,.T.);
#363=FACE_OUTER_BOUND('',#465,.T.);
#364=FACE_OUTER_BOUND('',#467,.T.);
#365=FACE_OUTER_BOUND('',#468,.T.);
#366=FACE_OUTER_BOUND('',#469,.T.);
#367=FACE_OUTER_BOUND('',#470,.T.);
#368=FACE_OUTER_BOUND('',#471,.T.);
#369=FACE_OUTER_BOUND('',#473,.T.);
#370=FACE_OUTER_BOUND('',#474,.T.);
#371=FACE_OUTER_BOUND('',#475,.T.);
#372=FACE_OUTER_BOUND('',#476,.T.);
#373=FACE_OUTER_BOUND('',#477,.T.);
#374=FACE_OUTER_BOUND('',#478,.T.);
#375=FACE_OUTER_BOUND('',#479,.T.);
#376=FACE_OUTER_BOUND('',#480,.T.);
#377=FACE_OUTER_BOUND('',#481,.T.);
#378=FACE_OUTER_BOUND('',#482,.T.);
#379=FACE_OUTER_BOUND('',#483,.T.);
#380=FACE_OUTER_BOUND('',#484,.T.);
#381=FACE_OUTER_BOUND('',#485,.T.);
#382=FACE_OUTER_BOUND('',#486,.T.);
#383=FACE_OUTER_BOUND('',#487,.T.);
#384=FACE_OUTER_BOUND('',#488,.T.);
#385=FACE_OUTER_BOUND('',#489,.T.);
#386=FACE_OUTER_BOUND('',#490,.T.);
#387=FACE_OUTER_BOUND('',#491,.T.);
#388=FACE_OUTER_BOUND('',#492,.T.);
#389=FACE_OUTER_BOUND('',#493,.T.);
#390=FACE_OUTER_BOUND('',#494,.T.);
#391=FACE_OUTER_BOUND('',#495,.T.);
#392=FACE_OUTER_BOUND('',#496,.T.);
#393=FACE_OUTER_BOUND('',#497,.T.);
#394=FACE_OUTER_BOUND('',#498,.T.);
#395=FACE_OUTER_BOUND('',#499,.T.);
#396=FACE_OUTER_BOUND('',#500,.T.);
#397=FACE_OUTER_BOUND('',#501,.T.);
#398=FACE_OUTER_BOUND('',#502,.T.);
#399=FACE_OUTER_BOUND('',#503,.T.);
#400=FACE_OUTER_BOUND('',#504,.T.);
#401=FACE_OUTER_BOUND('',#505,.T.);
#402=FACE_OUTER_BOUND('',#506,.T.);
#403=FACE_OUTER_BOUND('',#507,.T.);
#404=FACE_OUTER_BOUND('',#508,.T.);
#405=FACE_OUTER_BOUND('',#509,.T.);
#406=FACE_OUTER_BOUND('',#510,.T.);
#407=FACE_OUTER_BOUND('',#520,.T.);
#408=FACE_OUTER_BOUND('',#521,.T.);
#409=FACE_OUTER_BOUND('',#522,.T.);
#410=FACE_OUTER_BOUND('',#523,.T.);
#411=FACE_OUTER_BOUND('',#524,.T.);
#412=FACE_OUTER_BOUND('',#525,.T.);
#413=FACE_OUTER_BOUND('',#526,.T.);
#414=FACE_OUTER_BOUND('',#527,.T.);
#415=FACE_OUTER_BOUND('',#528,.T.);
#416=FACE_OUTER_BOUND('',#529,.T.);
#417=FACE_OUTER_BOUND('',#530,.T.);
#418=FACE_OUTER_BOUND('',#531,.T.);
#419=FACE_OUTER_BOUND('',#532,.T.);
#420=FACE_OUTER_BOUND('',#533,.T.);
#421=FACE_OUTER_BOUND('',#534,.T.);
#422=FACE_OUTER_BOUND('',#535,.T.);
#423=FACE_OUTER_BOUND('',#536,.T.);
#424=EDGE_LOOP('',(#956));
#425=EDGE_LOOP('',(#957));
#426=EDGE_LOOP('',(#958));
#427=EDGE_LOOP('',(#959));
#428=EDGE_LOOP('',(#960));
#429=EDGE_LOOP('',(#961));
#430=EDGE_LOOP('',(#962));
#431=EDGE_LOOP('',(#963));
#432=EDGE_LOOP('',(#964));
#433=EDGE_LOOP('',(#965));
#434=EDGE_LOOP('',(#966));
#435=EDGE_LOOP('',(#967));
#436=EDGE_LOOP('',(#968,#969,#970,#971,#972,#973));
#437=EDGE_LOOP('',(#974,#975,#976,#977));
#438=EDGE_LOOP('',(#978,#979,#980,#981));
#439=EDGE_LOOP('',(#982,#983,#984,#985));
#440=EDGE_LOOP('',(#986,#987,#988,#989,#990,#991,#992,#993));
#441=EDGE_LOOP('',(#994));
#442=EDGE_LOOP('',(#995));
#443=EDGE_LOOP('',(#996));
#444=EDGE_LOOP('',(#997));
#445=EDGE_LOOP('',(#998));
#446=EDGE_LOOP('',(#999));
#447=EDGE_LOOP('',(#1000));
#448=EDGE_LOOP('',(#1001));
#449=EDGE_LOOP('',(#1002));
#450=EDGE_LOOP('',(#1003));
#451=EDGE_LOOP('',(#1004));
#452=EDGE_LOOP('',(#1005));
#453=EDGE_LOOP('',(#1006,#1007,#1008,#1009,#1010,#1011));
#454=EDGE_LOOP('',(#1012,#1013,#1014,#1015));
#455=EDGE_LOOP('',(#1016,#1017,#1018,#1019));
#456=EDGE_LOOP('',(#1020,#1021,#1022,#1023));
#457=EDGE_LOOP('',(#1024,#1025,#1026,#1027));
#458=EDGE_LOOP('',(#1028,#1029,#1030,#1031));
#459=EDGE_LOOP('',(#1032,#1033,#1034,#1035));
#460=EDGE_LOOP('',(#1036,#1037,#1038,#1039));
#461=EDGE_LOOP('',(#1040,#1041,#1042,#1043));
#462=EDGE_LOOP('',(#1044,#1045,#1046,#1047));
#463=EDGE_LOOP('',(#1048,#1049,#1050,#1051));
#464=EDGE_LOOP('',(#1052,#1053,#1054,#1055));
#465=EDGE_LOOP('',(#1056));
#466=EDGE_LOOP('',(#1057));
#467=EDGE_LOOP('',(#1058,#1059,#1060,#1061));
#468=EDGE_LOOP('',(#1062,#1063,#1064,#1065));
#469=EDGE_LOOP('',(#1066));
#470=EDGE_LOOP('',(#1067,#1068,#1069,#1070));
#471=EDGE_LOOP('',(#1071));
#472=EDGE_LOOP('',(#1072));
#473=EDGE_LOOP('',(#1073,#1074,#1075,#1076));
#474=EDGE_LOOP('',(#1077,#1078,#1079,#1080,#1081));
#475=EDGE_LOOP('',(#1082,#1083,#1084,#1085));
#476=EDGE_LOOP('',(#1086,#1087,#1088,#1089));
#477=EDGE_LOOP('',(#1090,#1091,#1092,#1093));
#478=EDGE_LOOP('',(#1094,#1095,#1096));
#479=EDGE_LOOP('',(#1097,#1098,#1099));
#480=EDGE_LOOP('',(#1100,#1101,#1102,#1103));
#481=EDGE_LOOP('',(#1104,#1105,#1106));
#482=EDGE_LOOP('',(#1107,#1108,#1109));
#483=EDGE_LOOP('',(#1110,#1111,#1112,#1113,#1114,#1115,#1116,#1117,#1118,
#1119));
#484=EDGE_LOOP('',(#1120,#1121,#1122,#1123));
#485=EDGE_LOOP('',(#1124,#1125,#1126,#1127));
#486=EDGE_LOOP('',(#1128,#1129,#1130,#1131,#1132,#1133,#1134,#1135,#1136,
#1137,#1138));
#487=EDGE_LOOP('',(#1139,#1140,#1141,#1142));
#488=EDGE_LOOP('',(#1143,#1144,#1145,#1146,#1147,#1148,#1149,#1150,#1151,
#1152));
#489=EDGE_LOOP('',(#1153,#1154,#1155,#1156,#1157,#1158,#1159,#1160,#1161,
#1162));
#490=EDGE_LOOP('',(#1163,#1164,#1165,#1166,#1167));
#491=EDGE_LOOP('',(#1168,#1169,#1170,#1171,#1172));
#492=EDGE_LOOP('',(#1173,#1174,#1175,#1176,#1177,#1178));
#493=EDGE_LOOP('',(#1179,#1180,#1181,#1182));
#494=EDGE_LOOP('',(#1183,#1184,#1185,#1186));
#495=EDGE_LOOP('',(#1187,#1188,#1189,#1190));
#496=EDGE_LOOP('',(#1191,#1192,#1193,#1194));
#497=EDGE_LOOP('',(#1195,#1196,#1197,#1198));
#498=EDGE_LOOP('',(#1199,#1200,#1201,#1202));
#499=EDGE_LOOP('',(#1203,#1204,#1205,#1206));
#500=EDGE_LOOP('',(#1207,#1208,#1209,#1210,#1211,#1212));
#501=EDGE_LOOP('',(#1213,#1214,#1215,#1216,#1217,#1218,#1219,#1220,#1221,
#1222));
#502=EDGE_LOOP('',(#1223,#1224,#1225,#1226,#1227,#1228,#1229,#1230));
#503=EDGE_LOOP('',(#1231,#1232,#1233,#1234,#1235,#1236));
#504=EDGE_LOOP('',(#1237,#1238,#1239,#1240));
#505=EDGE_LOOP('',(#1241,#1242,#1243,#1244));
#506=EDGE_LOOP('',(#1245,#1246,#1247,#1248));
#507=EDGE_LOOP('',(#1249,#1250,#1251,#1252,#1253,#1254));
#508=EDGE_LOOP('',(#1255,#1256,#1257,#1258));
#509=EDGE_LOOP('',(#1259,#1260,#1261,#1262,#1263,#1264,#1265,#1266));
#510=EDGE_LOOP('',(#1267,#1268,#1269,#1270));
#511=EDGE_LOOP('',(#1271,#1272,#1273,#1274));
#512=EDGE_LOOP('',(#1275));
#513=EDGE_LOOP('',(#1276));
#514=EDGE_LOOP('',(#1277));
#515=EDGE_LOOP('',(#1278));
#516=EDGE_LOOP('',(#1279));
#517=EDGE_LOOP('',(#1280));
#518=EDGE_LOOP('',(#1281));
#519=EDGE_LOOP('',(#1282));
#520=EDGE_LOOP('',(#1283,#1284,#1285,#1286,#1287,#1288,#1289,#1290,#1291,
#1292,#1293,#1294,#1295));
#521=EDGE_LOOP('',(#1296,#1297,#1298,#1299));
#522=EDGE_LOOP('',(#1300,#1301,#1302,#1303,#1304,#1305,#1306,#1307,#1308,
#1309,#1310));
#523=EDGE_LOOP('',(#1311,#1312,#1313,#1314));
#524=EDGE_LOOP('',(#1315,#1316,#1317,#1318));
#525=EDGE_LOOP('',(#1319,#1320,#1321,#1322));
#526=EDGE_LOOP('',(#1323,#1324,#1325,#1326));
#527=EDGE_LOOP('',(#1327,#1328,#1329,#1330));
#528=EDGE_LOOP('',(#1331,#1332,#1333,#1334));
#529=EDGE_LOOP('',(#1335,#1336,#1337,#1338));
#530=EDGE_LOOP('',(#1339,#1340,#1341,#1342));
#531=EDGE_LOOP('',(#1343,#1344,#1345,#1346));
#532=EDGE_LOOP('',(#1347,#1348,#1349,#1350));
#533=EDGE_LOOP('',(#1351,#1352,#1353,#1354));
#534=EDGE_LOOP('',(#1355,#1356,#1357,#1358));
#535=EDGE_LOOP('',(#1359,#1360,#1361,#1362,#1363,#1364,#1365,#1366,#1367,
#1368));
#536=EDGE_LOOP('',(#1369));
#537=CIRCLE('',#1501,1.45);
#538=CIRCLE('',#1503,2.5);
#539=CIRCLE('',#1504,1.45);
#540=CIRCLE('',#1506,1.45);
#541=CIRCLE('',#1508,2.5);
#542=CIRCLE('',#1509,1.45);
#543=CIRCLE('',#1511,1.45);
#544=CIRCLE('',#1513,2.5);
#545=CIRCLE('',#1514,1.45);
#546=CIRCLE('',#1516,1.45);
#547=CIRCLE('',#1518,2.5);
#548=CIRCLE('',#1519,1.45);
#549=CIRCLE('',#1521,2.5);
#550=CIRCLE('',#1522,1.);
#551=CIRCLE('',#1523,3.5);
#552=CIRCLE('',#1527,3.5);
#553=CIRCLE('',#1528,2.75);
#554=CIRCLE('',#1529,3.5);
#555=CIRCLE('',#1530,3.5);
#556=CIRCLE('',#1531,3.5);
#557=CIRCLE('',#1532,3.5);
#558=CIRCLE('',#1533,2.75);
#559=CIRCLE('',#1534,2.);
#560=CIRCLE('',#1535,2.);
#561=CIRCLE('',#1536,2.);
#562=CIRCLE('',#1537,2.);
#563=CIRCLE('',#1538,2.);
#564=CIRCLE('',#1539,2.);
#565=CIRCLE('',#1541,2.5);
#566=CIRCLE('',#1542,1.);
#567=CIRCLE('',#1546,2.5);
#568=CIRCLE('',#1547,1.);
#569=CIRCLE('',#1551,2.5);
#570=CIRCLE('',#1552,1.);
#571=CIRCLE('',#1556,2.5);
#572=CIRCLE('',#1557,1.);
#573=CIRCLE('',#1559,2.5);
#574=CIRCLE('',#1561,1.45);
#575=CIRCLE('',#1562,1.45);
#576=CIRCLE('',#1565,2.5);
#577=CIRCLE('',#1566,1.);
#578=CIRCLE('',#1568,2.5);
#579=CIRCLE('',#1571,1.45);
#580=CIRCLE('',#1572,1.45);
#581=CIRCLE('',#1575,1.);
#582=CIRCLE('',#1576,1.);
#583=CIRCLE('',#1578,1.);
#584=CIRCLE('',#1579,0.999999999999998);
#585=CIRCLE('',#1580,1.);
#586=CIRCLE('',#1582,1.);
#587=CIRCLE('',#1583,1.);
#588=CIRCLE('',#1585,1.);
#589=CIRCLE('',#1586,1.);
#590=CIRCLE('',#1589,1.);
#591=CIRCLE('',#1590,1.);
#592=CIRCLE('',#1592,0.999999999999988);
#593=CIRCLE('',#1593,1.);
#594=CIRCLE('',#1596,0.999999999999999);
#595=CIRCLE('',#1597,1.);
#596=CIRCLE('',#1599,0.999999999999996);
#597=CIRCLE('',#1600,1.);
#598=CIRCLE('',#1602,1.);
#599=CIRCLE('',#1603,1.);
#600=CIRCLE('',#1609,1.);
#601=CIRCLE('',#1610,1.);
#602=CIRCLE('',#1613,1.);
#603=CIRCLE('',#1621,1.);
#604=CIRCLE('',#1624,1.);
#605=CIRCLE('',#1631,1.);
#606=CIRCLE('',#1634,1.);
#607=CIRCLE('',#1638,2.);
#608=CIRCLE('',#1639,2.);
#609=CIRCLE('',#1640,2.);
#610=CIRCLE('',#1641,2.75);
#611=CIRCLE('',#1642,2.75);
#612=CIRCLE('',#1643,2.);
#613=CIRCLE('',#1644,2.);
#614=CIRCLE('',#1645,2.);
#615=VERTEX_POINT('',#2118);
#616=VERTEX_POINT('',#2121);
#617=VERTEX_POINT('',#2123);
#618=VERTEX_POINT('',#2126);
#619=VERTEX_POINT('',#2129);
#620=VERTEX_POINT('',#2131);
#621=VERTEX_POINT('',#2134);
#622=VERTEX_POINT('',#2137);
#623=VERTEX_POINT('',#2139);
#624=VERTEX_POINT('',#2142);
#625=VERTEX_POINT('',#2145);
#626=VERTEX_POINT('',#2147);
#627=VERTEX_POINT('',#2150);
#628=VERTEX_POINT('',#2152);
#629=VERTEX_POINT('',#2154);
#630=VERTEX_POINT('',#2167);
#631=VERTEX_POINT('',#2186);
#632=VERTEX_POINT('',#2187);
#633=VERTEX_POINT('',#2189);
#634=VERTEX_POINT('',#2191);
#635=VERTEX_POINT('',#2194);
#636=VERTEX_POINT('',#2196);
#637=VERTEX_POINT('',#2198);
#638=VERTEX_POINT('',#2200);
#639=VERTEX_POINT('',#2202);
#640=VERTEX_POINT('',#2204);
#641=VERTEX_POINT('',#2207);
#642=VERTEX_POINT('',#2209);
#643=VERTEX_POINT('',#2211);
#644=VERTEX_POINT('',#2213);
#645=VERTEX_POINT('',#2215);
#646=VERTEX_POINT('',#2217);
#647=VERTEX_POINT('',#2219);
#648=VERTEX_POINT('',#2221);
#649=VERTEX_POINT('',#2223);
#650=VERTEX_POINT('',#2225);
#651=VERTEX_POINT('',#2227);
#652=VERTEX_POINT('',#2229);
#653=VERTEX_POINT('',#2232);
#654=VERTEX_POINT('',#2234);
#655=VERTEX_POINT('',#2265);
#656=VERTEX_POINT('',#2273);
#657=VERTEX_POINT('',#2281);
#658=VERTEX_POINT('',#2285);
#659=VERTEX_POINT('',#2289);
#660=VERTEX_POINT('',#2291);
#661=VERTEX_POINT('',#2296);
#662=VERTEX_POINT('',#2300);
#663=VERTEX_POINT('',#2305);
#664=VERTEX_POINT('',#2307);
#665=VERTEX_POINT('',#2312);
#666=VERTEX_POINT('',#2313);
#667=VERTEX_POINT('',#2315);
#668=VERTEX_POINT('',#2317);
#669=VERTEX_POINT('',#2321);
#670=VERTEX_POINT('',#2322);
#671=VERTEX_POINT('',#2324);
#672=VERTEX_POINT('',#2326);
#673=VERTEX_POINT('',#2328);
#674=VERTEX_POINT('',#2332);
#675=VERTEX_POINT('',#2333);
#676=VERTEX_POINT('',#2335);
#677=VERTEX_POINT('',#2337);
#678=VERTEX_POINT('',#2341);
#679=VERTEX_POINT('',#2342);
#680=VERTEX_POINT('',#2344);
#681=VERTEX_POINT('',#2346);
#682=VERTEX_POINT('',#2353);
#683=VERTEX_POINT('',#2357);
#684=VERTEX_POINT('',#2364);
#685=VERTEX_POINT('',#2368);
#686=VERTEX_POINT('',#2372);
#687=VERTEX_POINT('',#2375);
#688=VERTEX_POINT('',#2377);
#689=VERTEX_POINT('',#2379);
#690=VERTEX_POINT('',#2381);
#691=VERTEX_POINT('',#2383);
#692=VERTEX_POINT('',#2387);
#693=VERTEX_POINT('',#2388);
#694=VERTEX_POINT('',#2390);
#695=VERTEX_POINT('',#2392);
#696=VERTEX_POINT('',#2396);
#697=VERTEX_POINT('',#2398);
#698=VERTEX_POINT('',#2403);
#699=VERTEX_POINT('',#2405);
#700=VERTEX_POINT('',#2409);
#701=VERTEX_POINT('',#2413);
#702=VERTEX_POINT('',#2416);
#703=VERTEX_POINT('',#2418);
#704=VERTEX_POINT('',#2420);
#705=VERTEX_POINT('',#2422);
#706=VERTEX_POINT('',#2426);
#707=VERTEX_POINT('',#2428);
#708=VERTEX_POINT('',#2430);
#709=VERTEX_POINT('',#2432);
#710=VERTEX_POINT('',#2436);
#711=VERTEX_POINT('',#2437);
#712=VERTEX_POINT('',#2439);
#713=VERTEX_POINT('',#2444);
#714=VERTEX_POINT('',#2445);
#715=VERTEX_POINT('',#2450);
#716=VERTEX_POINT('',#2452);
#717=VERTEX_POINT('',#2464);
#718=VERTEX_POINT('',#2465);
#719=VERTEX_POINT('',#2470);
#720=VERTEX_POINT('',#2474);
#721=VERTEX_POINT('',#2478);
#722=VERTEX_POINT('',#2482);
#723=VERTEX_POINT('',#2484);
#724=VERTEX_POINT('',#2486);
#725=VERTEX_POINT('',#2488);
#726=VERTEX_POINT('',#2492);
#727=VERTEX_POINT('',#2494);
#728=VERTEX_POINT('',#2496);
#729=VERTEX_POINT('',#2500);
#730=VERTEX_POINT('',#2504);
#731=VERTEX_POINT('',#2508);
#732=VERTEX_POINT('',#2512);
#733=VERTEX_POINT('',#2516);
#734=VERTEX_POINT('',#2520);
#735=VERTEX_POINT('',#2524);
#736=VERTEX_POINT('',#2526);
#737=VERTEX_POINT('',#2530);
#738=VERTEX_POINT('',#2531);
#739=VERTEX_POINT('',#2533);
#740=VERTEX_POINT('',#2535);
#741=VERTEX_POINT('',#2538);
#742=VERTEX_POINT('',#2540);
#743=VERTEX_POINT('',#2542);
#744=VERTEX_POINT('',#2544);
#745=VERTEX_POINT('',#2546);
#746=VERTEX_POINT('',#2548);
#747=VERTEX_POINT('',#2550);
#748=VERTEX_POINT('',#2552);
#749=EDGE_CURVE('',#615,#615,#537,.F.);
#750=EDGE_CURVE('',#616,#616,#538,.T.);
#751=EDGE_CURVE('',#617,#617,#539,.T.);
#752=EDGE_CURVE('',#618,#618,#540,.F.);
#753=EDGE_CURVE('',#619,#619,#541,.T.);
#754=EDGE_CURVE('',#620,#620,#542,.T.);
#755=EDGE_CURVE('',#621,#621,#543,.F.);
#756=EDGE_CURVE('',#622,#622,#544,.T.);
#757=EDGE_CURVE('',#623,#623,#545,.T.);
#758=EDGE_CURVE('',#624,#624,#546,.F.);
#759=EDGE_CURVE('',#625,#625,#547,.T.);
#760=EDGE_CURVE('',#626,#626,#548,.T.);
#761=EDGE_CURVE('',#627,#627,#549,.T.);
#762=EDGE_CURVE('',#627,#628,#550,.T.);
#763=EDGE_CURVE('',#629,#628,#301,.F.);
#764=EDGE_CURVE('',#629,#630,#551,.T.);
#765=EDGE_CURVE('',#628,#630,#302,.F.);
#766=EDGE_CURVE('',#625,#627,#19,.T.);
#767=EDGE_CURVE('',#626,#624,#20,.T.);
#768=EDGE_CURVE('',#631,#632,#21,.T.);
#769=EDGE_CURVE('',#633,#631,#22,.T.);
#770=EDGE_CURVE('',#634,#633,#23,.T.);
#771=EDGE_CURVE('',#632,#634,#24,.T.);
#772=EDGE_CURVE('',#629,#635,#25,.T.);
#773=EDGE_CURVE('',#636,#635,#552,.T.);
#774=EDGE_CURVE('',#636,#637,#26,.T.);
#775=EDGE_CURVE('',#637,#638,#27,.T.);
#776=EDGE_CURVE('',#639,#638,#28,.T.);
#777=EDGE_CURVE('',#639,#640,#29,.T.);
#778=EDGE_CURVE('',#640,#630,#30,.T.);
#779=EDGE_CURVE('',#641,#641,#553,.T.);
#780=EDGE_CURVE('',#642,#642,#554,.T.);
#781=EDGE_CURVE('',#643,#643,#555,.T.);
#782=EDGE_CURVE('',#644,#644,#556,.T.);
#783=EDGE_CURVE('',#645,#645,#557,.T.);
#784=EDGE_CURVE('',#646,#646,#558,.T.);
#785=EDGE_CURVE('',#647,#647,#559,.T.);
#786=EDGE_CURVE('',#648,#648,#560,.T.);
#787=EDGE_CURVE('',#649,#649,#561,.T.);
#788=EDGE_CURVE('',#650,#650,#562,.T.);
#789=EDGE_CURVE('',#651,#651,#563,.T.);
#790=EDGE_CURVE('',#652,#652,#564,.T.);
#791=EDGE_CURVE('',#653,#653,#565,.T.);
#792=EDGE_CURVE('',#653,#654,#566,.T.);
#793=EDGE_CURVE('',#636,#654,#303,.F.);
#794=EDGE_CURVE('',#654,#635,#304,.F.);
#795=EDGE_CURVE('',#622,#653,#31,.T.);
#796=EDGE_CURVE('',#623,#621,#32,.T.);
#797=EDGE_CURVE('',#655,#655,#567,.T.);
#798=EDGE_CURVE('',#655,#642,#568,.T.);
#799=EDGE_CURVE('',#619,#655,#33,.T.);
#800=EDGE_CURVE('',#620,#618,#34,.T.);
#801=EDGE_CURVE('',#656,#656,#569,.T.);
#802=EDGE_CURVE('',#656,#643,#570,.T.);
#803=EDGE_CURVE('',#616,#656,#35,.T.);
#804=EDGE_CURVE('',#617,#615,#36,.T.);
#805=EDGE_CURVE('',#657,#657,#571,.T.);
#806=EDGE_CURVE('',#657,#644,#572,.T.);
#807=EDGE_CURVE('',#658,#658,#573,.T.);
#808=EDGE_CURVE('',#658,#657,#37,.T.);
#809=EDGE_CURVE('',#659,#659,#574,.F.);
#810=EDGE_CURVE('',#659,#660,#38,.T.);
#811=EDGE_CURVE('',#660,#660,#575,.T.);
#812=EDGE_CURVE('',#661,#661,#576,.T.);
#813=EDGE_CURVE('',#661,#645,#577,.T.);
#814=EDGE_CURVE('',#662,#662,#578,.T.);
#815=EDGE_CURVE('',#662,#661,#39,.T.);
#816=EDGE_CURVE('',#663,#663,#579,.F.);
#817=EDGE_CURVE('',#663,#664,#40,.T.);
#818=EDGE_CURVE('',#664,#664,#580,.T.);
#819=EDGE_CURVE('',#665,#666,#581,.T.);
#820=EDGE_CURVE('',#665,#667,#41,.T.);
#821=EDGE_CURVE('',#667,#668,#582,.T.);
#822=EDGE_CURVE('',#668,#666,#42,.T.);
#823=EDGE_CURVE('',#669,#670,#583,.T.);
#824=EDGE_CURVE('',#670,#671,#43,.T.);
#825=EDGE_CURVE('',#672,#671,#584,.T.);
#826=EDGE_CURVE('',#672,#673,#44,.T.);
#827=EDGE_CURVE('',#673,#669,#585,.T.);
#828=EDGE_CURVE('',#674,#675,#586,.T.);
#829=EDGE_CURVE('',#674,#676,#45,.T.);
#830=EDGE_CURVE('',#676,#677,#587,.T.);
#831=EDGE_CURVE('',#677,#675,#46,.T.);
#832=EDGE_CURVE('',#678,#679,#588,.T.);
#833=EDGE_CURVE('',#678,#680,#47,.T.);
#834=EDGE_CURVE('',#680,#681,#589,.T.);
#835=EDGE_CURVE('',#681,#679,#48,.T.);
#836=EDGE_CURVE('',#675,#678,#49,.T.);
#837=EDGE_CURVE('',#677,#680,#50,.T.);
#838=EDGE_CURVE('',#678,#682,#590,.T.);
#839=EDGE_CURVE('',#682,#679,#591,.T.);
#840=EDGE_CURVE('',#674,#683,#592,.T.);
#841=EDGE_CURVE('',#683,#675,#593,.T.);
#842=EDGE_CURVE('',#666,#672,#51,.T.);
#843=EDGE_CURVE('',#668,#673,#52,.T.);
#844=EDGE_CURVE('',#665,#684,#594,.T.);
#845=EDGE_CURVE('',#684,#666,#595,.T.);
#846=EDGE_CURVE('',#672,#685,#596,.T.);
#847=EDGE_CURVE('',#685,#671,#597,.T.);
#848=EDGE_CURVE('',#686,#667,#53,.T.);
#849=EDGE_CURVE('',#679,#665,#54,.T.);
#850=EDGE_CURVE('',#681,#687,#55,.T.);
#851=EDGE_CURVE('',#687,#688,#56,.T.);
#852=EDGE_CURVE('',#689,#688,#598,.T.);
#853=EDGE_CURVE('',#689,#690,#57,.T.);
#854=EDGE_CURVE('',#691,#690,#599,.T.);
#855=EDGE_CURVE('',#686,#691,#58,.T.);
#856=EDGE_CURVE('',#692,#693,#59,.T.);
#857=EDGE_CURVE('',#693,#694,#60,.T.);
#858=EDGE_CURVE('',#694,#695,#61,.T.);
#859=EDGE_CURVE('',#692,#695,#62,.T.);
#860=EDGE_CURVE('',#693,#696,#63,.T.);
#861=EDGE_CURVE('',#696,#697,#64,.T.);
#862=EDGE_CURVE('',#697,#694,#65,.T.);
#863=EDGE_CURVE('',#695,#686,#66,.T.);
#864=EDGE_CURVE('',#698,#697,#67,.T.);
#865=EDGE_CURVE('',#699,#698,#68,.T.);
#866=EDGE_CURVE('',#670,#699,#69,.T.);
#867=EDGE_CURVE('',#696,#700,#70,.T.);
#868=EDGE_CURVE('',#698,#700,#71,.T.);
#869=EDGE_CURVE('',#701,#676,#72,.T.);
#870=EDGE_CURVE('',#671,#674,#73,.T.);
#871=EDGE_CURVE('',#702,#699,#74,.T.);
#872=EDGE_CURVE('',#702,#703,#75,.T.);
#873=EDGE_CURVE('',#704,#703,#600,.T.);
#874=EDGE_CURVE('',#704,#705,#76,.T.);
#875=EDGE_CURVE('',#705,#701,#601,.F.);
#876=EDGE_CURVE('',#706,#701,#77,.T.);
#877=EDGE_CURVE('',#707,#706,#78,.F.);
#878=EDGE_CURVE('',#708,#707,#79,.T.);
#879=EDGE_CURVE('',#709,#708,#80,.T.);
#880=EDGE_CURVE('',#687,#709,#81,.T.);
#881=EDGE_CURVE('',#710,#711,#82,.T.);
#882=EDGE_CURVE('',#710,#712,#83,.T.);
#883=EDGE_CURVE('',#712,#707,#84,.T.);
#884=EDGE_CURVE('',#706,#711,#602,.F.);
#885=EDGE_CURVE('',#713,#714,#85,.T.);
#886=EDGE_CURVE('',#714,#708,#86,.T.);
#887=EDGE_CURVE('',#712,#713,#87,.T.);
#888=EDGE_CURVE('',#713,#715,#88,.T.);
#889=EDGE_CURVE('',#715,#716,#89,.T.);
#890=EDGE_CURVE('',#716,#709,#90,.T.);
#891=EDGE_CURVE('',#684,#682,#91,.T.);
#892=EDGE_CURVE('',#682,#683,#92,.T.);
#893=EDGE_CURVE('',#683,#685,#93,.T.);
#894=EDGE_CURVE('',#685,#684,#94,.T.);
#895=EDGE_CURVE('',#717,#718,#603,.F.);
#896=EDGE_CURVE('',#717,#689,#95,.T.);
#897=EDGE_CURVE('',#688,#718,#96,.T.);
#898=EDGE_CURVE('',#690,#719,#97,.T.);
#899=EDGE_CURVE('',#719,#717,#98,.T.);
#900=EDGE_CURVE('',#719,#720,#604,.T.);
#901=EDGE_CURVE('',#720,#691,#99,.T.);
#902=EDGE_CURVE('',#720,#721,#100,.T.);
#903=EDGE_CURVE('',#721,#692,#101,.T.);
#904=EDGE_CURVE('',#715,#722,#102,.T.);
#905=EDGE_CURVE('',#722,#723,#103,.T.);
#906=EDGE_CURVE('',#724,#723,#104,.T.);
#907=EDGE_CURVE('',#725,#724,#105,.T.);
#908=EDGE_CURVE('',#718,#725,#106,.T.);
#909=EDGE_CURVE('',#726,#721,#107,.T.);
#910=EDGE_CURVE('',#727,#726,#108,.T.);
#911=EDGE_CURVE('',#728,#727,#109,.T.);
#912=EDGE_CURVE('',#700,#728,#110,.T.);
#913=EDGE_CURVE('',#728,#729,#111,.T.);
#914=EDGE_CURVE('',#702,#729,#112,.T.);
#915=EDGE_CURVE('',#730,#729,#113,.T.);
#916=EDGE_CURVE('',#703,#730,#114,.T.);
#917=EDGE_CURVE('',#731,#730,#605,.F.);
#918=EDGE_CURVE('',#731,#704,#115,.T.);
#919=EDGE_CURVE('',#705,#732,#116,.T.);
#920=EDGE_CURVE('',#732,#731,#117,.T.);
#921=EDGE_CURVE('',#732,#733,#606,.T.);
#922=EDGE_CURVE('',#733,#711,#118,.T.);
#923=EDGE_CURVE('',#734,#733,#119,.T.);
#924=EDGE_CURVE('',#734,#710,#120,.T.);
#925=EDGE_CURVE('',#735,#734,#121,.T.);
#926=EDGE_CURVE('',#736,#735,#122,.T.);
#927=EDGE_CURVE('',#722,#736,#123,.T.);
#928=EDGE_CURVE('',#737,#738,#124,.T.);
#929=EDGE_CURVE('',#738,#739,#125,.T.);
#930=EDGE_CURVE('',#740,#739,#126,.T.);
#931=EDGE_CURVE('',#737,#740,#127,.F.);
#932=EDGE_CURVE('',#741,#741,#607,.T.);
#933=EDGE_CURVE('',#742,#742,#608,.T.);
#934=EDGE_CURVE('',#743,#743,#609,.T.);
#935=EDGE_CURVE('',#744,#744,#610,.T.);
#936=EDGE_CURVE('',#745,#745,#611,.T.);
#937=EDGE_CURVE('',#746,#746,#612,.T.);
#938=EDGE_CURVE('',#747,#747,#613,.T.);
#939=EDGE_CURVE('',#748,#748,#614,.T.);
#940=EDGE_CURVE('',#736,#634,#128,.T.);
#941=EDGE_CURVE('',#726,#633,#129,.T.);
#942=EDGE_CURVE('',#727,#631,#130,.T.);
#943=EDGE_CURVE('',#632,#735,#131,.T.);
#944=EDGE_CURVE('',#745,#641,#132,.T.);
#945=EDGE_CURVE('',#744,#646,#133,.T.);
#946=EDGE_CURVE('',#647,#747,#134,.T.);
#947=EDGE_CURVE('',#648,#748,#135,.T.);
#948=EDGE_CURVE('',#649,#742,#136,.T.);
#949=EDGE_CURVE('',#650,#746,#137,.T.);
#950=EDGE_CURVE('',#651,#741,#138,.T.);
#951=EDGE_CURVE('',#652,#743,#139,.T.);
#952=EDGE_CURVE('',#639,#739,#140,.F.);
#953=EDGE_CURVE('',#640,#738,#141,.T.);
#954=EDGE_CURVE('',#740,#638,#142,.T.);
#955=EDGE_CURVE('',#637,#737,#143,.F.);
#956=ORIENTED_EDGE('',*,*,#749,.F.);
#957=ORIENTED_EDGE('',*,*,#750,.F.);
#958=ORIENTED_EDGE('',*,*,#751,.F.);
#959=ORIENTED_EDGE('',*,*,#752,.F.);
#960=ORIENTED_EDGE('',*,*,#753,.F.);
#961=ORIENTED_EDGE('',*,*,#754,.F.);
#962=ORIENTED_EDGE('',*,*,#755,.F.);
#963=ORIENTED_EDGE('',*,*,#756,.F.);
#964=ORIENTED_EDGE('',*,*,#757,.F.);
#965=ORIENTED_EDGE('',*,*,#758,.F.);
#966=ORIENTED_EDGE('',*,*,#759,.F.);
#967=ORIENTED_EDGE('',*,*,#760,.F.);
#968=ORIENTED_EDGE('',*,*,#761,.T.);
#969=ORIENTED_EDGE('',*,*,#762,.T.);
#970=ORIENTED_EDGE('',*,*,#763,.F.);
#971=ORIENTED_EDGE('',*,*,#764,.T.);
#972=ORIENTED_EDGE('',*,*,#765,.F.);
#973=ORIENTED_EDGE('',*,*,#762,.F.);
#974=ORIENTED_EDGE('',*,*,#759,.T.);
#975=ORIENTED_EDGE('',*,*,#766,.T.);
#976=ORIENTED_EDGE('',*,*,#761,.F.);
#977=ORIENTED_EDGE('',*,*,#766,.F.);
#978=ORIENTED_EDGE('',*,*,#760,.T.);
#979=ORIENTED_EDGE('',*,*,#767,.T.);
#980=ORIENTED_EDGE('',*,*,#758,.T.);
#981=ORIENTED_EDGE('',*,*,#767,.F.);
#982=ORIENTED_EDGE('',*,*,#768,.F.);
#983=ORIENTED_EDGE('',*,*,#769,.F.);
#984=ORIENTED_EDGE('',*,*,#770,.F.);
#985=ORIENTED_EDGE('',*,*,#771,.F.);
#986=ORIENTED_EDGE('',*,*,#764,.F.);
#987=ORIENTED_EDGE('',*,*,#772,.T.);
#988=ORIENTED_EDGE('',*,*,#773,.F.);
#989=ORIENTED_EDGE('',*,*,#774,.T.);
#990=ORIENTED_EDGE('',*,*,#775,.T.);
#991=ORIENTED_EDGE('',*,*,#776,.F.);
#992=ORIENTED_EDGE('',*,*,#777,.T.);
#993=ORIENTED_EDGE('',*,*,#778,.T.);
#994=ORIENTED_EDGE('',*,*,#779,.T.);
#995=ORIENTED_EDGE('',*,*,#780,.F.);
#996=ORIENTED_EDGE('',*,*,#781,.F.);
#997=ORIENTED_EDGE('',*,*,#782,.F.);
#998=ORIENTED_EDGE('',*,*,#783,.F.);
#999=ORIENTED_EDGE('',*,*,#784,.T.);
#1000=ORIENTED_EDGE('',*,*,#785,.T.);
#1001=ORIENTED_EDGE('',*,*,#786,.T.);
#1002=ORIENTED_EDGE('',*,*,#787,.T.);
#1003=ORIENTED_EDGE('',*,*,#788,.T.);
#1004=ORIENTED_EDGE('',*,*,#789,.T.);
#1005=ORIENTED_EDGE('',*,*,#790,.T.);
#1006=ORIENTED_EDGE('',*,*,#791,.T.);
#1007=ORIENTED_EDGE('',*,*,#792,.T.);
#1008=ORIENTED_EDGE('',*,*,#793,.F.);
#1009=ORIENTED_EDGE('',*,*,#773,.T.);
#1010=ORIENTED_EDGE('',*,*,#794,.F.);
#1011=ORIENTED_EDGE('',*,*,#792,.F.);
#1012=ORIENTED_EDGE('',*,*,#756,.T.);
#1013=ORIENTED_EDGE('',*,*,#795,.T.);
#1014=ORIENTED_EDGE('',*,*,#791,.F.);
#1015=ORIENTED_EDGE('',*,*,#795,.F.);
#1016=ORIENTED_EDGE('',*,*,#757,.T.);
#1017=ORIENTED_EDGE('',*,*,#796,.T.);
#1018=ORIENTED_EDGE('',*,*,#755,.T.);
#1019=ORIENTED_EDGE('',*,*,#796,.F.);
#1020=ORIENTED_EDGE('',*,*,#797,.T.);
#1021=ORIENTED_EDGE('',*,*,#798,.T.);
#1022=ORIENTED_EDGE('',*,*,#780,.T.);
#1023=ORIENTED_EDGE('',*,*,#798,.F.);
#1024=ORIENTED_EDGE('',*,*,#753,.T.);
#1025=ORIENTED_EDGE('',*,*,#799,.T.);
#1026=ORIENTED_EDGE('',*,*,#797,.F.);
#1027=ORIENTED_EDGE('',*,*,#799,.F.);
#1028=ORIENTED_EDGE('',*,*,#754,.T.);
#1029=ORIENTED_EDGE('',*,*,#800,.T.);
#1030=ORIENTED_EDGE('',*,*,#752,.T.);
#1031=ORIENTED_EDGE('',*,*,#800,.F.);
#1032=ORIENTED_EDGE('',*,*,#801,.T.);
#1033=ORIENTED_EDGE('',*,*,#802,.T.);
#1034=ORIENTED_EDGE('',*,*,#781,.T.);
#1035=ORIENTED_EDGE('',*,*,#802,.F.);
#1036=ORIENTED_EDGE('',*,*,#750,.T.);
#1037=ORIENTED_EDGE('',*,*,#803,.T.);
#1038=ORIENTED_EDGE('',*,*,#801,.F.);
#1039=ORIENTED_EDGE('',*,*,#803,.F.);
#1040=ORIENTED_EDGE('',*,*,#751,.T.);
#1041=ORIENTED_EDGE('',*,*,#804,.T.);
#1042=ORIENTED_EDGE('',*,*,#749,.T.);
#1043=ORIENTED_EDGE('',*,*,#804,.F.);
#1044=ORIENTED_EDGE('',*,*,#805,.T.);
#1045=ORIENTED_EDGE('',*,*,#806,.T.);
#1046=ORIENTED_EDGE('',*,*,#782,.T.);
#1047=ORIENTED_EDGE('',*,*,#806,.F.);
#1048=ORIENTED_EDGE('',*,*,#807,.F.);
#1049=ORIENTED_EDGE('',*,*,#808,.T.);
#1050=ORIENTED_EDGE('',*,*,#805,.F.);
#1051=ORIENTED_EDGE('',*,*,#808,.F.);
#1052=ORIENTED_EDGE('',*,*,#809,.F.);
#1053=ORIENTED_EDGE('',*,*,#810,.T.);
#1054=ORIENTED_EDGE('',*,*,#811,.F.);
#1055=ORIENTED_EDGE('',*,*,#810,.F.);
#1056=ORIENTED_EDGE('',*,*,#807,.T.);
#1057=ORIENTED_EDGE('',*,*,#809,.T.);
#1058=ORIENTED_EDGE('',*,*,#812,.T.);
#1059=ORIENTED_EDGE('',*,*,#813,.T.);
#1060=ORIENTED_EDGE('',*,*,#783,.T.);
#1061=ORIENTED_EDGE('',*,*,#813,.F.);
#1062=ORIENTED_EDGE('',*,*,#814,.F.);
#1063=ORIENTED_EDGE('',*,*,#815,.T.);
#1064=ORIENTED_EDGE('',*,*,#812,.F.);
#1065=ORIENTED_EDGE('',*,*,#815,.F.);
#1066=ORIENTED_EDGE('',*,*,#811,.T.);
#1067=ORIENTED_EDGE('',*,*,#816,.F.);
#1068=ORIENTED_EDGE('',*,*,#817,.T.);
#1069=ORIENTED_EDGE('',*,*,#818,.F.);
#1070=ORIENTED_EDGE('',*,*,#817,.F.);
#1071=ORIENTED_EDGE('',*,*,#814,.T.);
#1072=ORIENTED_EDGE('',*,*,#816,.T.);
#1073=ORIENTED_EDGE('',*,*,#819,.F.);
#1074=ORIENTED_EDGE('',*,*,#820,.T.);
#1075=ORIENTED_EDGE('',*,*,#821,.T.);
#1076=ORIENTED_EDGE('',*,*,#822,.T.);
#1077=ORIENTED_EDGE('',*,*,#823,.T.);
#1078=ORIENTED_EDGE('',*,*,#824,.T.);
#1079=ORIENTED_EDGE('',*,*,#825,.F.);
#1080=ORIENTED_EDGE('',*,*,#826,.T.);
#1081=ORIENTED_EDGE('',*,*,#827,.T.);
#1082=ORIENTED_EDGE('',*,*,#828,.F.);
#1083=ORIENTED_EDGE('',*,*,#829,.T.);
#1084=ORIENTED_EDGE('',*,*,#830,.T.);
#1085=ORIENTED_EDGE('',*,*,#831,.T.);
#1086=ORIENTED_EDGE('',*,*,#832,.F.);
#1087=ORIENTED_EDGE('',*,*,#833,.T.);
#1088=ORIENTED_EDGE('',*,*,#834,.T.);
#1089=ORIENTED_EDGE('',*,*,#835,.T.);
#1090=ORIENTED_EDGE('',*,*,#836,.F.);
#1091=ORIENTED_EDGE('',*,*,#831,.F.);
#1092=ORIENTED_EDGE('',*,*,#837,.T.);
#1093=ORIENTED_EDGE('',*,*,#833,.F.);
#1094=ORIENTED_EDGE('',*,*,#838,.F.);
#1095=ORIENTED_EDGE('',*,*,#832,.T.);
#1096=ORIENTED_EDGE('',*,*,#839,.F.);
#1097=ORIENTED_EDGE('',*,*,#840,.F.);
#1098=ORIENTED_EDGE('',*,*,#828,.T.);
#1099=ORIENTED_EDGE('',*,*,#841,.F.);
#1100=ORIENTED_EDGE('',*,*,#842,.F.);
#1101=ORIENTED_EDGE('',*,*,#822,.F.);
#1102=ORIENTED_EDGE('',*,*,#843,.T.);
#1103=ORIENTED_EDGE('',*,*,#826,.F.);
#1104=ORIENTED_EDGE('',*,*,#844,.F.);
#1105=ORIENTED_EDGE('',*,*,#819,.T.);
#1106=ORIENTED_EDGE('',*,*,#845,.F.);
#1107=ORIENTED_EDGE('',*,*,#846,.F.);
#1108=ORIENTED_EDGE('',*,*,#825,.T.);
#1109=ORIENTED_EDGE('',*,*,#847,.F.);
#1110=ORIENTED_EDGE('',*,*,#848,.T.);
#1111=ORIENTED_EDGE('',*,*,#820,.F.);
#1112=ORIENTED_EDGE('',*,*,#849,.F.);
#1113=ORIENTED_EDGE('',*,*,#835,.F.);
#1114=ORIENTED_EDGE('',*,*,#850,.T.);
#1115=ORIENTED_EDGE('',*,*,#851,.T.);
#1116=ORIENTED_EDGE('',*,*,#852,.F.);
#1117=ORIENTED_EDGE('',*,*,#853,.T.);
#1118=ORIENTED_EDGE('',*,*,#854,.F.);
#1119=ORIENTED_EDGE('',*,*,#855,.F.);
#1120=ORIENTED_EDGE('',*,*,#856,.T.);
#1121=ORIENTED_EDGE('',*,*,#857,.T.);
#1122=ORIENTED_EDGE('',*,*,#858,.T.);
#1123=ORIENTED_EDGE('',*,*,#859,.F.);
#1124=ORIENTED_EDGE('',*,*,#857,.F.);
#1125=ORIENTED_EDGE('',*,*,#860,.T.);
#1126=ORIENTED_EDGE('',*,*,#861,.T.);
#1127=ORIENTED_EDGE('',*,*,#862,.T.);
#1128=ORIENTED_EDGE('',*,*,#827,.F.);
#1129=ORIENTED_EDGE('',*,*,#843,.F.);
#1130=ORIENTED_EDGE('',*,*,#821,.F.);
#1131=ORIENTED_EDGE('',*,*,#848,.F.);
#1132=ORIENTED_EDGE('',*,*,#863,.F.);
#1133=ORIENTED_EDGE('',*,*,#858,.F.);
#1134=ORIENTED_EDGE('',*,*,#862,.F.);
#1135=ORIENTED_EDGE('',*,*,#864,.F.);
#1136=ORIENTED_EDGE('',*,*,#865,.F.);
#1137=ORIENTED_EDGE('',*,*,#866,.F.);
#1138=ORIENTED_EDGE('',*,*,#823,.F.);
#1139=ORIENTED_EDGE('',*,*,#861,.F.);
#1140=ORIENTED_EDGE('',*,*,#867,.T.);
#1141=ORIENTED_EDGE('',*,*,#868,.F.);
#1142=ORIENTED_EDGE('',*,*,#864,.T.);
#1143=ORIENTED_EDGE('',*,*,#869,.T.);
#1144=ORIENTED_EDGE('',*,*,#829,.F.);
#1145=ORIENTED_EDGE('',*,*,#870,.F.);
#1146=ORIENTED_EDGE('',*,*,#824,.F.);
#1147=ORIENTED_EDGE('',*,*,#866,.T.);
#1148=ORIENTED_EDGE('',*,*,#871,.F.);
#1149=ORIENTED_EDGE('',*,*,#872,.T.);
#1150=ORIENTED_EDGE('',*,*,#873,.F.);
#1151=ORIENTED_EDGE('',*,*,#874,.T.);
#1152=ORIENTED_EDGE('',*,*,#875,.T.);
#1153=ORIENTED_EDGE('',*,*,#834,.F.);
#1154=ORIENTED_EDGE('',*,*,#837,.F.);
#1155=ORIENTED_EDGE('',*,*,#830,.F.);
#1156=ORIENTED_EDGE('',*,*,#869,.F.);
#1157=ORIENTED_EDGE('',*,*,#876,.F.);
#1158=ORIENTED_EDGE('',*,*,#877,.F.);
#1159=ORIENTED_EDGE('',*,*,#878,.F.);
#1160=ORIENTED_EDGE('',*,*,#879,.F.);
#1161=ORIENTED_EDGE('',*,*,#880,.F.);
#1162=ORIENTED_EDGE('',*,*,#850,.F.);
#1163=ORIENTED_EDGE('',*,*,#881,.F.);
#1164=ORIENTED_EDGE('',*,*,#882,.T.);
#1165=ORIENTED_EDGE('',*,*,#883,.T.);
#1166=ORIENTED_EDGE('',*,*,#877,.T.);
#1167=ORIENTED_EDGE('',*,*,#884,.T.);
#1168=ORIENTED_EDGE('',*,*,#885,.T.);
#1169=ORIENTED_EDGE('',*,*,#886,.T.);
#1170=ORIENTED_EDGE('',*,*,#878,.T.);
#1171=ORIENTED_EDGE('',*,*,#883,.F.);
#1172=ORIENTED_EDGE('',*,*,#887,.T.);
#1173=ORIENTED_EDGE('',*,*,#885,.F.);
#1174=ORIENTED_EDGE('',*,*,#888,.T.);
#1175=ORIENTED_EDGE('',*,*,#889,.T.);
#1176=ORIENTED_EDGE('',*,*,#890,.T.);
#1177=ORIENTED_EDGE('',*,*,#879,.T.);
#1178=ORIENTED_EDGE('',*,*,#886,.F.);
#1179=ORIENTED_EDGE('',*,*,#844,.T.);
#1180=ORIENTED_EDGE('',*,*,#891,.T.);
#1181=ORIENTED_EDGE('',*,*,#839,.T.);
#1182=ORIENTED_EDGE('',*,*,#849,.T.);
#1183=ORIENTED_EDGE('',*,*,#838,.T.);
#1184=ORIENTED_EDGE('',*,*,#892,.T.);
#1185=ORIENTED_EDGE('',*,*,#841,.T.);
#1186=ORIENTED_EDGE('',*,*,#836,.T.);
#1187=ORIENTED_EDGE('',*,*,#840,.T.);
#1188=ORIENTED_EDGE('',*,*,#893,.T.);
#1189=ORIENTED_EDGE('',*,*,#847,.T.);
#1190=ORIENTED_EDGE('',*,*,#870,.T.);
#1191=ORIENTED_EDGE('',*,*,#846,.T.);
#1192=ORIENTED_EDGE('',*,*,#894,.T.);
#1193=ORIENTED_EDGE('',*,*,#845,.T.);
#1194=ORIENTED_EDGE('',*,*,#842,.T.);
#1195=ORIENTED_EDGE('',*,*,#895,.F.);
#1196=ORIENTED_EDGE('',*,*,#896,.T.);
#1197=ORIENTED_EDGE('',*,*,#852,.T.);
#1198=ORIENTED_EDGE('',*,*,#897,.T.);
#1199=ORIENTED_EDGE('',*,*,#898,.F.);
#1200=ORIENTED_EDGE('',*,*,#853,.F.);
#1201=ORIENTED_EDGE('',*,*,#896,.F.);
#1202=ORIENTED_EDGE('',*,*,#899,.F.);
#1203=ORIENTED_EDGE('',*,*,#900,.T.);
#1204=ORIENTED_EDGE('',*,*,#901,.T.);
#1205=ORIENTED_EDGE('',*,*,#854,.T.);
#1206=ORIENTED_EDGE('',*,*,#898,.T.);
#1207=ORIENTED_EDGE('',*,*,#901,.F.);
#1208=ORIENTED_EDGE('',*,*,#902,.T.);
#1209=ORIENTED_EDGE('',*,*,#903,.T.);
#1210=ORIENTED_EDGE('',*,*,#859,.T.);
#1211=ORIENTED_EDGE('',*,*,#863,.T.);
#1212=ORIENTED_EDGE('',*,*,#855,.T.);
#1213=ORIENTED_EDGE('',*,*,#897,.F.);
#1214=ORIENTED_EDGE('',*,*,#851,.F.);
#1215=ORIENTED_EDGE('',*,*,#880,.T.);
#1216=ORIENTED_EDGE('',*,*,#890,.F.);
#1217=ORIENTED_EDGE('',*,*,#889,.F.);
#1218=ORIENTED_EDGE('',*,*,#904,.T.);
#1219=ORIENTED_EDGE('',*,*,#905,.T.);
#1220=ORIENTED_EDGE('',*,*,#906,.F.);
#1221=ORIENTED_EDGE('',*,*,#907,.F.);
#1222=ORIENTED_EDGE('',*,*,#908,.F.);
#1223=ORIENTED_EDGE('',*,*,#867,.F.);
#1224=ORIENTED_EDGE('',*,*,#860,.F.);
#1225=ORIENTED_EDGE('',*,*,#856,.F.);
#1226=ORIENTED_EDGE('',*,*,#903,.F.);
#1227=ORIENTED_EDGE('',*,*,#909,.F.);
#1228=ORIENTED_EDGE('',*,*,#910,.F.);
#1229=ORIENTED_EDGE('',*,*,#911,.F.);
#1230=ORIENTED_EDGE('',*,*,#912,.F.);
#1231=ORIENTED_EDGE('',*,*,#868,.T.);
#1232=ORIENTED_EDGE('',*,*,#912,.T.);
#1233=ORIENTED_EDGE('',*,*,#913,.T.);
#1234=ORIENTED_EDGE('',*,*,#914,.F.);
#1235=ORIENTED_EDGE('',*,*,#871,.T.);
#1236=ORIENTED_EDGE('',*,*,#865,.T.);
#1237=ORIENTED_EDGE('',*,*,#914,.T.);
#1238=ORIENTED_EDGE('',*,*,#915,.F.);
#1239=ORIENTED_EDGE('',*,*,#916,.F.);
#1240=ORIENTED_EDGE('',*,*,#872,.F.);
#1241=ORIENTED_EDGE('',*,*,#917,.F.);
#1242=ORIENTED_EDGE('',*,*,#918,.T.);
#1243=ORIENTED_EDGE('',*,*,#873,.T.);
#1244=ORIENTED_EDGE('',*,*,#916,.T.);
#1245=ORIENTED_EDGE('',*,*,#919,.F.);
#1246=ORIENTED_EDGE('',*,*,#874,.F.);
#1247=ORIENTED_EDGE('',*,*,#918,.F.);
#1248=ORIENTED_EDGE('',*,*,#920,.F.);
#1249=ORIENTED_EDGE('',*,*,#884,.F.);
#1250=ORIENTED_EDGE('',*,*,#876,.T.);
#1251=ORIENTED_EDGE('',*,*,#875,.F.);
#1252=ORIENTED_EDGE('',*,*,#919,.T.);
#1253=ORIENTED_EDGE('',*,*,#921,.T.);
#1254=ORIENTED_EDGE('',*,*,#922,.T.);
#1255=ORIENTED_EDGE('',*,*,#922,.F.);
#1256=ORIENTED_EDGE('',*,*,#923,.F.);
#1257=ORIENTED_EDGE('',*,*,#924,.T.);
#1258=ORIENTED_EDGE('',*,*,#881,.T.);
#1259=ORIENTED_EDGE('',*,*,#924,.F.);
#1260=ORIENTED_EDGE('',*,*,#925,.F.);
#1261=ORIENTED_EDGE('',*,*,#926,.F.);
#1262=ORIENTED_EDGE('',*,*,#927,.F.);
#1263=ORIENTED_EDGE('',*,*,#904,.F.);
#1264=ORIENTED_EDGE('',*,*,#888,.F.);
#1265=ORIENTED_EDGE('',*,*,#887,.F.);
#1266=ORIENTED_EDGE('',*,*,#882,.F.);
#1267=ORIENTED_EDGE('',*,*,#894,.F.);
#1268=ORIENTED_EDGE('',*,*,#893,.F.);
#1269=ORIENTED_EDGE('',*,*,#892,.F.);
#1270=ORIENTED_EDGE('',*,*,#891,.F.);
#1271=ORIENTED_EDGE('',*,*,#928,.T.);
#1272=ORIENTED_EDGE('',*,*,#929,.T.);
#1273=ORIENTED_EDGE('',*,*,#930,.F.);
#1274=ORIENTED_EDGE('',*,*,#931,.F.);
#1275=ORIENTED_EDGE('',*,*,#932,.F.);
#1276=ORIENTED_EDGE('',*,*,#933,.F.);
#1277=ORIENTED_EDGE('',*,*,#934,.F.);
#1278=ORIENTED_EDGE('',*,*,#935,.F.);
#1279=ORIENTED_EDGE('',*,*,#936,.F.);
#1280=ORIENTED_EDGE('',*,*,#937,.F.);
#1281=ORIENTED_EDGE('',*,*,#938,.F.);
#1282=ORIENTED_EDGE('',*,*,#939,.F.);
#1283=ORIENTED_EDGE('',*,*,#908,.T.);
#1284=ORIENTED_EDGE('',*,*,#907,.T.);
#1285=ORIENTED_EDGE('',*,*,#906,.T.);
#1286=ORIENTED_EDGE('',*,*,#905,.F.);
#1287=ORIENTED_EDGE('',*,*,#927,.T.);
#1288=ORIENTED_EDGE('',*,*,#940,.T.);
#1289=ORIENTED_EDGE('',*,*,#770,.T.);
#1290=ORIENTED_EDGE('',*,*,#941,.F.);
#1291=ORIENTED_EDGE('',*,*,#909,.T.);
#1292=ORIENTED_EDGE('',*,*,#902,.F.);
#1293=ORIENTED_EDGE('',*,*,#900,.F.);
#1294=ORIENTED_EDGE('',*,*,#899,.T.);
#1295=ORIENTED_EDGE('',*,*,#895,.T.);
#1296=ORIENTED_EDGE('',*,*,#769,.T.);
#1297=ORIENTED_EDGE('',*,*,#942,.F.);
#1298=ORIENTED_EDGE('',*,*,#910,.T.);
#1299=ORIENTED_EDGE('',*,*,#941,.T.);
#1300=ORIENTED_EDGE('',*,*,#923,.T.);
#1301=ORIENTED_EDGE('',*,*,#921,.F.);
#1302=ORIENTED_EDGE('',*,*,#920,.T.);
#1303=ORIENTED_EDGE('',*,*,#917,.T.);
#1304=ORIENTED_EDGE('',*,*,#915,.T.);
#1305=ORIENTED_EDGE('',*,*,#913,.F.);
#1306=ORIENTED_EDGE('',*,*,#911,.T.);
#1307=ORIENTED_EDGE('',*,*,#942,.T.);
#1308=ORIENTED_EDGE('',*,*,#768,.T.);
#1309=ORIENTED_EDGE('',*,*,#943,.T.);
#1310=ORIENTED_EDGE('',*,*,#925,.T.);
#1311=ORIENTED_EDGE('',*,*,#771,.T.);
#1312=ORIENTED_EDGE('',*,*,#940,.F.);
#1313=ORIENTED_EDGE('',*,*,#926,.T.);
#1314=ORIENTED_EDGE('',*,*,#943,.F.);
#1315=ORIENTED_EDGE('',*,*,#936,.T.);
#1316=ORIENTED_EDGE('',*,*,#944,.T.);
#1317=ORIENTED_EDGE('',*,*,#779,.F.);
#1318=ORIENTED_EDGE('',*,*,#944,.F.);
#1319=ORIENTED_EDGE('',*,*,#935,.T.);
#1320=ORIENTED_EDGE('',*,*,#945,.T.);
#1321=ORIENTED_EDGE('',*,*,#784,.F.);
#1322=ORIENTED_EDGE('',*,*,#945,.F.);
#1323=ORIENTED_EDGE('',*,*,#785,.F.);
#1324=ORIENTED_EDGE('',*,*,#946,.T.);
#1325=ORIENTED_EDGE('',*,*,#938,.T.);
#1326=ORIENTED_EDGE('',*,*,#946,.F.);
#1327=ORIENTED_EDGE('',*,*,#786,.F.);
#1328=ORIENTED_EDGE('',*,*,#947,.T.);
#1329=ORIENTED_EDGE('',*,*,#939,.T.);
#1330=ORIENTED_EDGE('',*,*,#947,.F.);
#1331=ORIENTED_EDGE('',*,*,#787,.F.);
#1332=ORIENTED_EDGE('',*,*,#948,.T.);
#1333=ORIENTED_EDGE('',*,*,#933,.T.);
#1334=ORIENTED_EDGE('',*,*,#948,.F.);
#1335=ORIENTED_EDGE('',*,*,#788,.F.);
#1336=ORIENTED_EDGE('',*,*,#949,.T.);
#1337=ORIENTED_EDGE('',*,*,#937,.T.);
#1338=ORIENTED_EDGE('',*,*,#949,.F.);
#1339=ORIENTED_EDGE('',*,*,#789,.F.);
#1340=ORIENTED_EDGE('',*,*,#950,.T.);
#1341=ORIENTED_EDGE('',*,*,#932,.T.);
#1342=ORIENTED_EDGE('',*,*,#950,.F.);
#1343=ORIENTED_EDGE('',*,*,#790,.F.);
#1344=ORIENTED_EDGE('',*,*,#951,.T.);
#1345=ORIENTED_EDGE('',*,*,#934,.T.);
#1346=ORIENTED_EDGE('',*,*,#951,.F.);
#1347=ORIENTED_EDGE('',*,*,#952,.T.);
#1348=ORIENTED_EDGE('',*,*,#929,.F.);
#1349=ORIENTED_EDGE('',*,*,#953,.F.);
#1350=ORIENTED_EDGE('',*,*,#777,.F.);
#1351=ORIENTED_EDGE('',*,*,#930,.T.);
#1352=ORIENTED_EDGE('',*,*,#952,.F.);
#1353=ORIENTED_EDGE('',*,*,#776,.T.);
#1354=ORIENTED_EDGE('',*,*,#954,.F.);
#1355=ORIENTED_EDGE('',*,*,#954,.T.);
#1356=ORIENTED_EDGE('',*,*,#775,.F.);
#1357=ORIENTED_EDGE('',*,*,#955,.T.);
#1358=ORIENTED_EDGE('',*,*,#931,.T.);
#1359=ORIENTED_EDGE('',*,*,#778,.F.);
#1360=ORIENTED_EDGE('',*,*,#953,.T.);
#1361=ORIENTED_EDGE('',*,*,#928,.F.);
#1362=ORIENTED_EDGE('',*,*,#955,.F.);
#1363=ORIENTED_EDGE('',*,*,#774,.F.);
#1364=ORIENTED_EDGE('',*,*,#793,.T.);
#1365=ORIENTED_EDGE('',*,*,#794,.T.);
#1366=ORIENTED_EDGE('',*,*,#772,.F.);
#1367=ORIENTED_EDGE('',*,*,#763,.T.);
#1368=ORIENTED_EDGE('',*,*,#765,.T.);
#1369=ORIENTED_EDGE('',*,*,#818,.T.);
#1370=PLANE('',#1500);
#1371=PLANE('',#1502);
#1372=PLANE('',#1505);
#1373=PLANE('',#1507);
#1374=PLANE('',#1510);
#1375=PLANE('',#1512);
#1376=PLANE('',#1515);
#1377=PLANE('',#1517);
#1378=PLANE('',#1526);
#1379=PLANE('',#1563);
#1380=PLANE('',#1569);
#1381=PLANE('',#1573);
#1382=PLANE('',#1587);
#1383=PLANE('',#1594);
#1384=PLANE('',#1601);
#1385=PLANE('',#1604);
#1386=PLANE('',#1605);
#1387=PLANE('',#1606);
#1388=PLANE('',#1607);
#1389=PLANE('',#1608);
#1390=PLANE('',#1611);
#1391=PLANE('',#1612);
#1392=PLANE('',#1614);
#1393=PLANE('',#1615);
#1394=PLANE('',#1622);
#1395=PLANE('',#1625);
#1396=PLANE('',#1626);
#1397=PLANE('',#1627);
#1398=PLANE('',#1628);
#1399=PLANE('',#1629);
#1400=PLANE('',#1632);
#1401=PLANE('',#1635);
#1402=PLANE('',#1636);
#1403=PLANE('',#1637);
#1404=PLANE('',#1646);
#1405=PLANE('',#1647);
#1406=PLANE('',#1648);
#1407=PLANE('',#1649);
#1408=PLANE('',#1658);
#1409=PLANE('',#1659);
#1410=PLANE('',#1660);
#1411=PLANE('',#1661);
#1412=PLANE('',#1662);
#1413=ADVANCED_FACE('',(#339),#1370,.T.);
#1414=ADVANCED_FACE('',(#340,#311),#1371,.T.);
#1415=ADVANCED_FACE('',(#341),#1372,.T.);
#1416=ADVANCED_FACE('',(#342,#312),#1373,.T.);
#1417=ADVANCED_FACE('',(#343),#1374,.T.);
#1418=ADVANCED_FACE('',(#344,#313),#1375,.T.);
#1419=ADVANCED_FACE('',(#345),#1376,.T.);
#1420=ADVANCED_FACE('',(#346,#314),#1377,.T.);
#1421=ADVANCED_FACE('',(#347),#305,.F.);
#1422=ADVANCED_FACE('',(#348),#269,.T.);
#1423=ADVANCED_FACE('',(#349),#270,.F.);
#1424=ADVANCED_FACE('',(#350,#315,#316,#317,#318,#319,#320,#321,#322,#323,
#324,#325,#326,#327),#1378,.T.);
#1425=ADVANCED_FACE('',(#351),#306,.F.);
#1426=ADVANCED_FACE('',(#352),#271,.T.);
#1427=ADVANCED_FACE('',(#353),#272,.F.);
#1428=ADVANCED_FACE('',(#354),#307,.F.);
#1429=ADVANCED_FACE('',(#355),#273,.T.);
#1430=ADVANCED_FACE('',(#356),#274,.F.);
#1431=ADVANCED_FACE('',(#357),#308,.F.);
#1432=ADVANCED_FACE('',(#358),#275,.T.);
#1433=ADVANCED_FACE('',(#359),#276,.F.);
#1434=ADVANCED_FACE('',(#360),#309,.F.);
#1435=ADVANCED_FACE('',(#361),#277,.T.);
#1436=ADVANCED_FACE('',(#362),#278,.F.);
#1437=ADVANCED_FACE('',(#363,#328),#1379,.T.);
#1438=ADVANCED_FACE('',(#364),#310,.F.);
#1439=ADVANCED_FACE('',(#365),#279,.T.);
#1440=ADVANCED_FACE('',(#366),#1380,.T.);
#1441=ADVANCED_FACE('',(#367),#280,.F.);
#1442=ADVANCED_FACE('',(#368,#329),#1381,.T.);
#1443=ADVANCED_FACE('',(#369),#281,.T.);
#1444=ADVANCED_FACE('',(#370),#282,.T.);
#1445=ADVANCED_FACE('',(#371),#283,.T.);
#1446=ADVANCED_FACE('',(#372),#284,.T.);
#1447=ADVANCED_FACE('',(#373),#1382,.T.);
#1448=ADVANCED_FACE('',(#374),#15,.T.);
#1449=ADVANCED_FACE('',(#375),#16,.T.);
#1450=ADVANCED_FACE('',(#376),#1383,.T.);
#1451=ADVANCED_FACE('',(#377),#17,.T.);
#1452=ADVANCED_FACE('',(#378),#18,.T.);
#1453=ADVANCED_FACE('',(#379),#1384,.T.);
#1454=ADVANCED_FACE('',(#380),#1385,.T.);
#1455=ADVANCED_FACE('',(#381),#1386,.T.);
#1456=ADVANCED_FACE('',(#382),#1387,.F.);
#1457=ADVANCED_FACE('',(#383),#1388,.T.);
#1458=ADVANCED_FACE('',(#384),#1389,.T.);
#1459=ADVANCED_FACE('',(#385),#1390,.F.);
#1460=ADVANCED_FACE('',(#386),#1391,.T.);
#1461=ADVANCED_FACE('',(#387),#1392,.T.);
#1462=ADVANCED_FACE('',(#388),#1393,.T.);
#1463=ADVANCED_FACE('',(#389),#285,.T.);
#1464=ADVANCED_FACE('',(#390),#286,.T.);
#1465=ADVANCED_FACE('',(#391),#287,.T.);
#1466=ADVANCED_FACE('',(#392),#288,.T.);
#1467=ADVANCED_FACE('',(#393),#289,.F.);
#1468=ADVANCED_FACE('',(#394),#1394,.F.);
#1469=ADVANCED_FACE('',(#395),#290,.F.);
#1470=ADVANCED_FACE('',(#396),#1395,.T.);
#1471=ADVANCED_FACE('',(#397),#1396,.T.);
#1472=ADVANCED_FACE('',(#398),#1397,.F.);
#1473=ADVANCED_FACE('',(#399),#1398,.T.);
#1474=ADVANCED_FACE('',(#400),#1399,.F.);
#1475=ADVANCED_FACE('',(#401),#291,.F.);
#1476=ADVANCED_FACE('',(#402),#1400,.F.);
#1477=ADVANCED_FACE('',(#403),#292,.F.);
#1478=ADVANCED_FACE('',(#404),#1401,.F.);
#1479=ADVANCED_FACE('',(#405),#1402,.F.);
#1480=ADVANCED_FACE('',(#406,#330,#331,#332,#333,#334,#335,#336,#337,#338),
#1403,.T.);
#1481=ADVANCED_FACE('',(#407),#1404,.T.);
#1482=ADVANCED_FACE('',(#408),#1405,.T.);
#1483=ADVANCED_FACE('',(#409),#1406,.T.);
#1484=ADVANCED_FACE('',(#410),#1407,.T.);
#1485=ADVANCED_FACE('',(#411),#293,.F.);
#1486=ADVANCED_FACE('',(#412),#294,.F.);
#1487=ADVANCED_FACE('',(#413),#295,.F.);
#1488=ADVANCED_FACE('',(#414),#296,.F.);
#1489=ADVANCED_FACE('',(#415),#297,.F.);
#1490=ADVANCED_FACE('',(#416),#298,.F.);
#1491=ADVANCED_FACE('',(#417),#299,.F.);
#1492=ADVANCED_FACE('',(#418),#300,.F.);
#1493=ADVANCED_FACE('',(#419),#1408,.F.);
#1494=ADVANCED_FACE('',(#420),#1409,.T.);
#1495=ADVANCED_FACE('',(#421),#1410,.F.);
#1496=ADVANCED_FACE('',(#422),#1411,.F.);
#1497=ADVANCED_FACE('',(#423),#1412,.T.);
#1498=CLOSED_SHELL('',(#1413,#1414,#1415,#1416,#1417,#1418,#1419,#1420,
#1421,#1422,#1423,#1424,#1425,#1426,#1427,#1428,#1429,#1430,#1431,#1432,
#1433,#1434,#1435,#1436,#1437,#1438,#1439,#1440,#1441,#1442,#1443,#1444,
#1445,#1446,#1447,#1448,#1449,#1450,#1451,#1452,#1453,#1454,#1455,#1456,
#1457,#1458,#1459,#1460,#1461,#1462,#1463,#1464,#1465,#1466,#1467,#1468,
#1469,#1470,#1471,#1472,#1473,#1474,#1475,#1476,#1477,#1478,#1479,#1480,
#1481,#1482,#1483,#1484,#1485,#1486,#1487,#1488,#1489,#1490,#1491,#1492,
#1493,#1494,#1495,#1496,#1497));
#1499=AXIS2_PLACEMENT_3D('',#2116,#1663,#1664);
#1500=AXIS2_PLACEMENT_3D('',#2117,#1665,#1666);
#1501=AXIS2_PLACEMENT_3D('',#2119,#1667,#1668);
#1502=AXIS2_PLACEMENT_3D('',#2120,#1669,#1670);
#1503=AXIS2_PLACEMENT_3D('',#2122,#1671,#1672);
#1504=AXIS2_PLACEMENT_3D('',#2124,#1673,#1674);
#1505=AXIS2_PLACEMENT_3D('',#2125,#1675,#1676);
#1506=AXIS2_PLACEMENT_3D('',#2127,#1677,#1678);
#1507=AXIS2_PLACEMENT_3D('',#2128,#1679,#1680);
#1508=AXIS2_PLACEMENT_3D('',#2130,#1681,#1682);
#1509=AXIS2_PLACEMENT_3D('',#2132,#1683,#1684);
#1510=AXIS2_PLACEMENT_3D('',#2133,#1685,#1686);
#1511=AXIS2_PLACEMENT_3D('',#2135,#1687,#1688);
#1512=AXIS2_PLACEMENT_3D('',#2136,#1689,#1690);
#1513=AXIS2_PLACEMENT_3D('',#2138,#1691,#1692);
#1514=AXIS2_PLACEMENT_3D('',#2140,#1693,#1694);
#1515=AXIS2_PLACEMENT_3D('',#2141,#1695,#1696);
#1516=AXIS2_PLACEMENT_3D('',#2143,#1697,#1698);
#1517=AXIS2_PLACEMENT_3D('',#2144,#1699,#1700);
#1518=AXIS2_PLACEMENT_3D('',#2146,#1701,#1702);
#1519=AXIS2_PLACEMENT_3D('',#2148,#1703,#1704);
#1520=AXIS2_PLACEMENT_3D('',#2149,#1705,#1706);
#1521=AXIS2_PLACEMENT_3D('',#2151,#1707,#1708);
#1522=AXIS2_PLACEMENT_3D('',#2153,#1709,#1710);
#1523=AXIS2_PLACEMENT_3D('',#2168,#1711,#1712);
#1524=AXIS2_PLACEMENT_3D('',#2181,#1713,#1714);
#1525=AXIS2_PLACEMENT_3D('',#2183,#1716,#1717);
#1526=AXIS2_PLACEMENT_3D('',#2185,#1719,#1720);
#1527=AXIS2_PLACEMENT_3D('',#2197,#1726,#1727);
#1528=AXIS2_PLACEMENT_3D('',#2208,#1733,#1734);
#1529=AXIS2_PLACEMENT_3D('',#2210,#1735,#1736);
#1530=AXIS2_PLACEMENT_3D('',#2212,#1737,#1738);
#1531=AXIS2_PLACEMENT_3D('',#2214,#1739,#1740);
#1532=AXIS2_PLACEMENT_3D('',#2216,#1741,#1742);
#1533=AXIS2_PLACEMENT_3D('',#2218,#1743,#1744);
#1534=AXIS2_PLACEMENT_3D('',#2220,#1745,#1746);
#1535=AXIS2_PLACEMENT_3D('',#2222,#1747,#1748);
#1536=AXIS2_PLACEMENT_3D('',#2224,#1749,#1750);
#1537=AXIS2_PLACEMENT_3D('',#2226,#1751,#1752);
#1538=AXIS2_PLACEMENT_3D('',#2228,#1753,#1754);
#1539=AXIS2_PLACEMENT_3D('',#2230,#1755,#1756);
#1540=AXIS2_PLACEMENT_3D('',#2231,#1757,#1758);
#1541=AXIS2_PLACEMENT_3D('',#2233,#1759,#1760);
#1542=AXIS2_PLACEMENT_3D('',#2235,#1761,#1762);
#1543=AXIS2_PLACEMENT_3D('',#2260,#1763,#1764);
#1544=AXIS2_PLACEMENT_3D('',#2262,#1766,#1767);
#1545=AXIS2_PLACEMENT_3D('',#2264,#1769,#1770);
#1546=AXIS2_PLACEMENT_3D('',#2266,#1771,#1772);
#1547=AXIS2_PLACEMENT_3D('',#2267,#1773,#1774);
#1548=AXIS2_PLACEMENT_3D('',#2268,#1775,#1776);
#1549=AXIS2_PLACEMENT_3D('',#2270,#1778,#1779);
#1550=AXIS2_PLACEMENT_3D('',#2272,#1781,#1782);
#1551=AXIS2_PLACEMENT_3D('',#2274,#1783,#1784);
#1552=AXIS2_PLACEMENT_3D('',#2275,#1785,#1786);
#1553=AXIS2_PLACEMENT_3D('',#2276,#1787,#1788);
#1554=AXIS2_PLACEMENT_3D('',#2278,#1790,#1791);
#1555=AXIS2_PLACEMENT_3D('',#2280,#1793,#1794);
#1556=AXIS2_PLACEMENT_3D('',#2282,#1795,#1796);
#1557=AXIS2_PLACEMENT_3D('',#2283,#1797,#1798);
#1558=AXIS2_PLACEMENT_3D('',#2284,#1799,#1800);
#1559=AXIS2_PLACEMENT_3D('',#2286,#1801,#1802);
#1560=AXIS2_PLACEMENT_3D('',#2288,#1804,#1805);
#1561=AXIS2_PLACEMENT_3D('',#2290,#1806,#1807);
#1562=AXIS2_PLACEMENT_3D('',#2293,#1809,#1810);
#1563=AXIS2_PLACEMENT_3D('',#2294,#1811,#1812);
#1564=AXIS2_PLACEMENT_3D('',#2295,#1813,#1814);
#1565=AXIS2_PLACEMENT_3D('',#2297,#1815,#1816);
#1566=AXIS2_PLACEMENT_3D('',#2298,#1817,#1818);
#1567=AXIS2_PLACEMENT_3D('',#2299,#1819,#1820);
#1568=AXIS2_PLACEMENT_3D('',#2301,#1821,#1822);
#1569=AXIS2_PLACEMENT_3D('',#2303,#1824,#1825);
#1570=AXIS2_PLACEMENT_3D('',#2304,#1826,#1827);
#1571=AXIS2_PLACEMENT_3D('',#2306,#1828,#1829);
#1572=AXIS2_PLACEMENT_3D('',#2309,#1831,#1832);
#1573=AXIS2_PLACEMENT_3D('',#2310,#1833,#1834);
#1574=AXIS2_PLACEMENT_3D('',#2311,#1835,#1836);
#1575=AXIS2_PLACEMENT_3D('',#2314,#1837,#1838);
#1576=AXIS2_PLACEMENT_3D('',#2318,#1840,#1841);
#1577=AXIS2_PLACEMENT_3D('',#2320,#1843,#1844);
#1578=AXIS2_PLACEMENT_3D('',#2323,#1845,#1846);
#1579=AXIS2_PLACEMENT_3D('',#2327,#1848,#1849);
#1580=AXIS2_PLACEMENT_3D('',#2330,#1851,#1852);
#1581=AXIS2_PLACEMENT_3D('',#2331,#1853,#1854);
#1582=AXIS2_PLACEMENT_3D('',#2334,#1855,#1856);
#1583=AXIS2_PLACEMENT_3D('',#2338,#1858,#1859);
#1584=AXIS2_PLACEMENT_3D('',#2340,#1861,#1862);
#1585=AXIS2_PLACEMENT_3D('',#2343,#1863,#1864);
#1586=AXIS2_PLACEMENT_3D('',#2347,#1866,#1867);
#1587=AXIS2_PLACEMENT_3D('',#2349,#1869,#1870);
#1588=AXIS2_PLACEMENT_3D('',#2352,#1873,#1874);
#1589=AXIS2_PLACEMENT_3D('',#2354,#1875,#1876);
#1590=AXIS2_PLACEMENT_3D('',#2355,#1877,#1878);
#1591=AXIS2_PLACEMENT_3D('',#2356,#1879,#1880);
#1592=AXIS2_PLACEMENT_3D('',#2358,#1881,#1882);
#1593=AXIS2_PLACEMENT_3D('',#2359,#1883,#1884);
#1594=AXIS2_PLACEMENT_3D('',#2360,#1885,#1886);
#1595=AXIS2_PLACEMENT_3D('',#2363,#1889,#1890);
#1596=AXIS2_PLACEMENT_3D('',#2365,#1891,#1892);
#1597=AXIS2_PLACEMENT_3D('',#2366,#1893,#1894);
#1598=AXIS2_PLACEMENT_3D('',#2367,#1895,#1896);
#1599=AXIS2_PLACEMENT_3D('',#2369,#1897,#1898);
#1600=AXIS2_PLACEMENT_3D('',#2370,#1899,#1900);
#1601=AXIS2_PLACEMENT_3D('',#2371,#1901,#1902);
#1602=AXIS2_PLACEMENT_3D('',#2380,#1907,#1908);
#1603=AXIS2_PLACEMENT_3D('',#2384,#1910,#1911);
#1604=AXIS2_PLACEMENT_3D('',#2386,#1913,#1914);
#1605=AXIS2_PLACEMENT_3D('',#2395,#1919,#1920);
#1606=AXIS2_PLACEMENT_3D('',#2401,#1924,#1925);
#1607=AXIS2_PLACEMENT_3D('',#2408,#1930,#1931);
#1608=AXIS2_PLACEMENT_3D('',#2412,#1934,#1935);
#1609=AXIS2_PLACEMENT_3D('',#2421,#1940,#1941);
#1610=AXIS2_PLACEMENT_3D('',#2424,#1943,#1944);
#1611=AXIS2_PLACEMENT_3D('',#2425,#1945,#1946);
#1612=AXIS2_PLACEMENT_3D('',#2435,#1952,#1953);
#1613=AXIS2_PLACEMENT_3D('',#2442,#1957,#1958);
#1614=AXIS2_PLACEMENT_3D('',#2443,#1959,#1960);
#1615=AXIS2_PLACEMENT_3D('',#2449,#1964,#1965);
#1616=AXIS2_PLACEMENT_3D('',#2455,#1969,#1970);
#1617=AXIS2_PLACEMENT_3D('',#2457,#1972,#1973);
#1618=AXIS2_PLACEMENT_3D('',#2459,#1975,#1976);
#1619=AXIS2_PLACEMENT_3D('',#2461,#1978,#1979);
#1620=AXIS2_PLACEMENT_3D('',#2463,#1981,#1982);
#1621=AXIS2_PLACEMENT_3D('',#2466,#1983,#1984);
#1622=AXIS2_PLACEMENT_3D('',#2469,#1987,#1988);
#1623=AXIS2_PLACEMENT_3D('',#2473,#1991,#1992);
#1624=AXIS2_PLACEMENT_3D('',#2475,#1993,#1994);
#1625=AXIS2_PLACEMENT_3D('',#2477,#1996,#1997);
#1626=AXIS2_PLACEMENT_3D('',#2481,#2000,#2001);
#1627=AXIS2_PLACEMENT_3D('',#2491,#2007,#2008);
#1628=AXIS2_PLACEMENT_3D('',#2499,#2013,#2014);
#1629=AXIS2_PLACEMENT_3D('',#2503,#2017,#2018);
#1630=AXIS2_PLACEMENT_3D('',#2507,#2021,#2022);
#1631=AXIS2_PLACEMENT_3D('',#2509,#2023,#2024);
#1632=AXIS2_PLACEMENT_3D('',#2511,#2026,#2027);
#1633=AXIS2_PLACEMENT_3D('',#2515,#2030,#2031);
#1634=AXIS2_PLACEMENT_3D('',#2517,#2032,#2033);
#1635=AXIS2_PLACEMENT_3D('',#2519,#2035,#2036);
#1636=AXIS2_PLACEMENT_3D('',#2523,#2039,#2040);
#1637=AXIS2_PLACEMENT_3D('',#2529,#2044,#2045);
#1638=AXIS2_PLACEMENT_3D('',#2539,#2050,#2051);
#1639=AXIS2_PLACEMENT_3D('',#2541,#2052,#2053);
#1640=AXIS2_PLACEMENT_3D('',#2543,#2054,#2055);
#1641=AXIS2_PLACEMENT_3D('',#2545,#2056,#2057);
#1642=AXIS2_PLACEMENT_3D('',#2547,#2058,#2059);
#1643=AXIS2_PLACEMENT_3D('',#2549,#2060,#2061);
#1644=AXIS2_PLACEMENT_3D('',#2551,#2062,#2063);
#1645=AXIS2_PLACEMENT_3D('',#2553,#2064,#2065);
#1646=AXIS2_PLACEMENT_3D('',#2554,#2066,#2067);
#1647=AXIS2_PLACEMENT_3D('',#2557,#2070,#2071);
#1648=AXIS2_PLACEMENT_3D('',#2559,#2073,#2074);
#1649=AXIS2_PLACEMENT_3D('',#2561,#2076,#2077);
#1650=AXIS2_PLACEMENT_3D('',#2562,#2078,#2079);
#1651=AXIS2_PLACEMENT_3D('',#2564,#2081,#2082);
#1652=AXIS2_PLACEMENT_3D('',#2566,#2084,#2085);
#1653=AXIS2_PLACEMENT_3D('',#2568,#2087,#2088);
#1654=AXIS2_PLACEMENT_3D('',#2570,#2090,#2091);
#1655=AXIS2_PLACEMENT_3D('',#2572,#2093,#2094);
#1656=AXIS2_PLACEMENT_3D('',#2574,#2096,#2097);
#1657=AXIS2_PLACEMENT_3D('',#2576,#2099,#2100);
#1658=AXIS2_PLACEMENT_3D('',#2578,#2102,#2103);
#1659=AXIS2_PLACEMENT_3D('',#2581,#2106,#2107);
#1660=AXIS2_PLACEMENT_3D('',#2583,#2109,#2110);
#1661=AXIS2_PLACEMENT_3D('',#2585,#2112,#2113);
#1662=AXIS2_PLACEMENT_3D('',#2586,#2114,#2115);
#1663=DIRECTION('axis',(0.,0.,1.));
#1664=DIRECTION('refdir',(1.,0.,0.));
#1665=DIRECTION('center_axis',(5.55111512312578E-17,-2.77555756156289E-17,
-1.));
#1666=DIRECTION('ref_axis',(1.,0.,5.55111512312578E-17));
#1667=DIRECTION('center_axis',(5.55111512312578E-17,-2.77555756156289E-17,
-1.));
#1668=DIRECTION('ref_axis',(1.,0.,0.));
#1669=DIRECTION('center_axis',(0.,0.,-1.));
#1670=DIRECTION('ref_axis',(1.,0.,0.));
#1671=DIRECTION('center_axis',(0.,0.,1.));
#1672=DIRECTION('ref_axis',(1.,0.,0.));
#1673=DIRECTION('center_axis',(0.,0.,-1.));
#1674=DIRECTION('ref_axis',(1.,0.,0.));
#1675=DIRECTION('center_axis',(5.55111512312578E-17,-2.77555756156289E-17,
-1.));
#1676=DIRECTION('ref_axis',(1.,0.,5.55111512312578E-17));
#1677=DIRECTION('center_axis',(5.55111512312578E-17,-2.77555756156289E-17,
-1.));
#1678=DIRECTION('ref_axis',(1.,0.,0.));
#1679=DIRECTION('center_axis',(0.,0.,-1.));
#1680=DIRECTION('ref_axis',(1.,0.,0.));
#1681=DIRECTION('center_axis',(0.,0.,1.));
#1682=DIRECTION('ref_axis',(1.,0.,0.));
#1683=DIRECTION('center_axis',(0.,0.,-1.));
#1684=DIRECTION('ref_axis',(1.,0.,0.));
#1685=DIRECTION('center_axis',(5.55111512312578E-17,-2.77555756156289E-17,
-1.));
#1686=DIRECTION('ref_axis',(1.,0.,5.55111512312578E-17));
#1687=DIRECTION('center_axis',(5.55111512312578E-17,-2.77555756156289E-17,
-1.));
#1688=DIRECTION('ref_axis',(1.,0.,0.));
#1689=DIRECTION('center_axis',(0.,0.,-1.));
#1690=DIRECTION('ref_axis',(1.,0.,0.));
#1691=DIRECTION('center_axis',(0.,0.,1.));
#1692=DIRECTION('ref_axis',(1.,0.,0.));
#1693=DIRECTION('center_axis',(0.,0.,-1.));
#1694=DIRECTION('ref_axis',(1.,0.,0.));
#1695=DIRECTION('center_axis',(5.55111512312578E-17,-2.77555756156289E-17,
-1.));
#1696=DIRECTION('ref_axis',(1.,0.,5.55111512312578E-17));
#1697=DIRECTION('center_axis',(5.55111512312578E-17,-2.77555756156289E-17,
-1.));
#1698=DIRECTION('ref_axis',(1.,0.,0.));
#1699=DIRECTION('center_axis',(0.,0.,-1.));
#1700=DIRECTION('ref_axis',(1.,0.,0.));
#1701=DIRECTION('center_axis',(0.,0.,1.));
#1702=DIRECTION('ref_axis',(1.,0.,0.));
#1703=DIRECTION('center_axis',(0.,0.,-1.));
#1704=DIRECTION('ref_axis',(1.,0.,0.));
#1705=DIRECTION('center_axis',(-5.55111512312578E-17,2.77555756156289E-17,
1.));
#1706=DIRECTION('ref_axis',(1.,0.,0.));
#1707=DIRECTION('center_axis',(-5.55111512312578E-17,2.77555756156289E-17,
1.));
#1708=DIRECTION('ref_axis',(1.,-1.11022302462516E-17,5.55111512312578E-17));
#1709=DIRECTION('center_axis',(0.,-1.,2.77555756156289E-17));
#1710=DIRECTION('ref_axis',(-1.,0.,0.));
#1711=DIRECTION('center_axis',(5.55111512312578E-17,-2.77555756156289E-17,
-1.));
#1712=DIRECTION('ref_axis',(1.,-1.11022302462516E-17,5.55111512312578E-17));
#1713=DIRECTION('center_axis',(0.,0.,-1.));
#1714=DIRECTION('ref_axis',(1.,0.,0.));
#1715=DIRECTION('',(0.,0.,1.));
#1716=DIRECTION('center_axis',(0.,0.,-1.));
#1717=DIRECTION('ref_axis',(1.,0.,0.));
#1718=DIRECTION('',(0.,0.,1.));
#1719=DIRECTION('center_axis',(5.55111512312578E-17,-2.77555756156289E-17,
-1.));
#1720=DIRECTION('ref_axis',(1.,0.,5.55111512312578E-17));
#1721=DIRECTION('',(-1.,0.,-5.55111512312578E-17));
#1722=DIRECTION('',(1.54074395550979E-33,1.,-2.77555756156289E-17));
#1723=DIRECTION('',(1.,0.,5.55111512312578E-17));
#1724=DIRECTION('',(9.51866973567944E-17,-1.,2.77555756156289E-17));
#1725=DIRECTION('',(1.54074395550979E-33,1.,-2.77555756156289E-17));
#1726=DIRECTION('center_axis',(5.55111512312578E-17,-2.77555756156289E-17,
-1.));
#1727=DIRECTION('ref_axis',(1.,-1.11022302462516E-17,5.55111512312578E-17));
#1728=DIRECTION('',(1.54074395550979E-33,1.,-2.77555756156289E-17));
#1729=DIRECTION('',(-1.,-1.54074395550979E-33,-5.55111512312578E-17));
#1730=DIRECTION('',(1.54074395550979E-33,1.,-2.77555756156289E-17));
#1731=DIRECTION('',(1.,0.,5.55111512312578E-17));
#1732=DIRECTION('',(1.54074395550979E-33,1.,-2.77555756156289E-17));
#1733=DIRECTION('center_axis',(-5.55111512312578E-17,2.77555756156289E-17,
1.));
#1734=DIRECTION('ref_axis',(-1.,-1.54074395550979E-33,-5.55111512312578E-17));
#1735=DIRECTION('center_axis',(5.55111512312578E-17,-2.77555756156289E-17,
-1.));
#1736=DIRECTION('ref_axis',(1.,-1.11022302462516E-17,5.55111512312578E-17));
#1737=DIRECTION('center_axis',(5.55111512312578E-17,-2.77555756156289E-17,
-1.));
#1738=DIRECTION('ref_axis',(1.,-1.11022302462516E-17,5.55111512312578E-17));
#1739=DIRECTION('center_axis',(5.55111512312578E-17,-2.77555756156289E-17,
-1.));
#1740=DIRECTION('ref_axis',(1.,-1.11022302462516E-17,5.55111512312578E-17));
#1741=DIRECTION('center_axis',(5.55111512312578E-17,-2.77555756156289E-17,
-1.));
#1742=DIRECTION('ref_axis',(1.,-1.11022302462516E-17,5.55111512312578E-17));
#1743=DIRECTION('center_axis',(-5.55111512312578E-17,2.77555756156289E-17,
1.));
#1744=DIRECTION('ref_axis',(-1.,-1.54074395550979E-33,-5.55111512312578E-17));
#1745=DIRECTION('center_axis',(-5.55111512312578E-17,2.77555756156289E-17,
1.));
#1746=DIRECTION('ref_axis',(-1.,0.,-5.55111512312578E-17));
#1747=DIRECTION('center_axis',(-5.55111512312578E-17,2.77555756156289E-17,
1.));
#1748=DIRECTION('ref_axis',(-1.,0.,-5.55111512312578E-17));
#1749=DIRECTION('center_axis',(-5.55111512312578E-17,2.77555756156289E-17,
1.));
#1750=DIRECTION('ref_axis',(-1.,0.,-5.55111512312578E-17));
#1751=DIRECTION('center_axis',(-5.55111512312578E-17,2.77555756156289E-17,
1.));
#1752=DIRECTION('ref_axis',(-1.,0.,-5.55111512312578E-17));
#1753=DIRECTION('center_axis',(-5.55111512312578E-17,2.77555756156289E-17,
1.));
#1754=DIRECTION('ref_axis',(-1.,0.,-5.55111512312578E-17));
#1755=DIRECTION('center_axis',(-5.55111512312578E-17,2.77555756156289E-17,
1.));
#1756=DIRECTION('ref_axis',(-1.,0.,-5.55111512312578E-17));
#1757=DIRECTION('center_axis',(-5.55111512312578E-17,2.77555756156289E-17,
1.));
#1758=DIRECTION('ref_axis',(1.,0.,0.));
#1759=DIRECTION('center_axis',(-5.55111512312578E-17,2.77555756156289E-17,
1.));
#1760=DIRECTION('ref_axis',(1.,-1.11022302462516E-17,5.55111512312578E-17));
#1761=DIRECTION('center_axis',(0.,-1.,2.77555756156289E-17));
#1762=DIRECTION('ref_axis',(-1.,0.,0.));
#1763=DIRECTION('center_axis',(0.,0.,-1.));
#1764=DIRECTION('ref_axis',(1.,0.,0.));
#1765=DIRECTION('',(0.,0.,1.));
#1766=DIRECTION('center_axis',(0.,0.,-1.));
#1767=DIRECTION('ref_axis',(1.,0.,0.));
#1768=DIRECTION('',(0.,0.,1.));
#1769=DIRECTION('center_axis',(-5.55111512312578E-17,2.77555756156289E-17,
1.));
#1770=DIRECTION('ref_axis',(1.,0.,0.));
#1771=DIRECTION('center_axis',(-5.55111512312578E-17,2.77555756156289E-17,
1.));
#1772=DIRECTION('ref_axis',(1.,-1.11022302462516E-17,5.55111512312579E-17));
#1773=DIRECTION('center_axis',(0.,-1.,2.77555756156289E-17));
#1774=DIRECTION('ref_axis',(-1.,0.,0.));
#1775=DIRECTION('center_axis',(0.,0.,-1.));
#1776=DIRECTION('ref_axis',(1.,0.,0.));
#1777=DIRECTION('',(0.,0.,1.));
#1778=DIRECTION('center_axis',(0.,0.,-1.));
#1779=DIRECTION('ref_axis',(1.,0.,0.));
#1780=DIRECTION('',(0.,0.,1.));
#1781=DIRECTION('center_axis',(-5.55111512312578E-17,2.77555756156289E-17,
1.));
#1782=DIRECTION('ref_axis',(1.,0.,0.));
#1783=DIRECTION('center_axis',(-5.55111512312578E-17,2.77555756156289E-17,
1.));
#1784=DIRECTION('ref_axis',(1.,-1.11022302462516E-17,5.55111512312578E-17));
#1785=DIRECTION('center_axis',(0.,-1.,2.77555756156289E-17));
#1786=DIRECTION('ref_axis',(-1.,0.,0.));
#1787=DIRECTION('center_axis',(0.,0.,-1.));
#1788=DIRECTION('ref_axis',(1.,0.,0.));
#1789=DIRECTION('',(0.,0.,1.));
#1790=DIRECTION('center_axis',(0.,0.,-1.));
#1791=DIRECTION('ref_axis',(1.,0.,0.));
#1792=DIRECTION('',(0.,0.,1.));
#1793=DIRECTION('center_axis',(-5.55111512312578E-17,2.77555756156289E-17,
1.));
#1794=DIRECTION('ref_axis',(1.,0.,0.));
#1795=DIRECTION('center_axis',(-5.55111512312578E-17,2.77555756156289E-17,
1.));
#1796=DIRECTION('ref_axis',(1.,-1.11022302462516E-17,5.55111512312578E-17));
#1797=DIRECTION('center_axis',(1.22464679914735E-16,-1.,2.77555756156289E-17));
#1798=DIRECTION('ref_axis',(-1.,-1.22464679914735E-16,0.));
#1799=DIRECTION('center_axis',(0.,0.,-1.));
#1800=DIRECTION('ref_axis',(1.,0.,0.));
#1801=DIRECTION('center_axis',(0.,0.,-1.));
#1802=DIRECTION('ref_axis',(1.,0.,0.));
#1803=DIRECTION('',(0.,0.,1.));
#1804=DIRECTION('center_axis',(0.,0.,-1.));
#1805=DIRECTION('ref_axis',(1.,0.,0.));
#1806=DIRECTION('center_axis',(0.,0.,-1.));
#1807=DIRECTION('ref_axis',(1.,0.,0.));
#1808=DIRECTION('',(0.,0.,1.));
#1809=DIRECTION('center_axis',(5.55111512312578E-17,-2.77555756156289E-17,
-1.));
#1810=DIRECTION('ref_axis',(1.,0.,0.));
#1811=DIRECTION('center_axis',(0.,0.,-1.));
#1812=DIRECTION('ref_axis',(1.,0.,0.));
#1813=DIRECTION('center_axis',(-5.55111512312578E-17,2.77555756156289E-17,
1.));
#1814=DIRECTION('ref_axis',(1.,0.,0.));
#1815=DIRECTION('center_axis',(-5.55111512312578E-17,2.77555756156289E-17,
1.));
#1816=DIRECTION('ref_axis',(1.,-1.11022302462516E-17,5.55111512312578E-17));
#1817=DIRECTION('center_axis',(1.22464679914735E-16,-1.,2.77555756156289E-17));
#1818=DIRECTION('ref_axis',(-1.,-1.22464679914735E-16,0.));
#1819=DIRECTION('center_axis',(0.,0.,-1.));
#1820=DIRECTION('ref_axis',(1.,0.,0.));
#1821=DIRECTION('center_axis',(0.,0.,-1.));
#1822=DIRECTION('ref_axis',(1.,0.,0.));
#1823=DIRECTION('',(0.,0.,1.));
#1824=DIRECTION('center_axis',(5.55111512312578E-17,-2.77555756156289E-17,
-1.));
#1825=DIRECTION('ref_axis',(1.,0.,5.55111512312578E-17));
#1826=DIRECTION('center_axis',(0.,0.,-1.));
#1827=DIRECTION('ref_axis',(1.,0.,0.));
#1828=DIRECTION('center_axis',(0.,0.,-1.));
#1829=DIRECTION('ref_axis',(1.,0.,0.));
#1830=DIRECTION('',(0.,0.,1.));
#1831=DIRECTION('center_axis',(5.55111512312578E-17,-2.77555756156289E-17,
-1.));
#1832=DIRECTION('ref_axis',(1.,0.,0.));
#1833=DIRECTION('center_axis',(0.,0.,-1.));
#1834=DIRECTION('ref_axis',(1.,0.,0.));
#1835=DIRECTION('center_axis',(-5.55111512312578E-17,2.77555756156289E-17,
1.));
#1836=DIRECTION('ref_axis',(0.707106781186547,-0.707106781186548,5.88784672006416E-17));
#1837=DIRECTION('center_axis',(-5.55111512312578E-17,2.77555756156289E-17,
1.));
#1838=DIRECTION('ref_axis',(0.707106781186546,-0.707106781186549,5.88784672006415E-17));
#1839=DIRECTION('',(5.55111512312578E-17,-2.77555756156289E-17,-1.));
#1840=DIRECTION('center_axis',(-5.55111512312578E-17,2.77555756156289E-17,
1.));
#1841=DIRECTION('ref_axis',(0.707106781186547,-0.707106781186548,5.88784672006416E-17));
#1842=DIRECTION('',(-5.55111512312578E-17,2.77555756156289E-17,1.));
#1843=DIRECTION('center_axis',(-5.55111512312578E-17,2.77555756156289E-17,
1.));
#1844=DIRECTION('ref_axis',(0.707106781186548,0.707106781186548,1.96261557335472E-17));
#1845=DIRECTION('center_axis',(-6.16297582203915E-33,2.77555756156289E-17,
1.));
#1846=DIRECTION('ref_axis',(0.707106781186548,0.707106781186548,1.96261557335472E-17));
#1847=DIRECTION('',(-5.55111512312578E-17,2.77555756156289E-17,1.));
#1848=DIRECTION('center_axis',(-5.55111512312578E-17,2.77555756156289E-17,
1.));
#1849=DIRECTION('ref_axis',(0.707106781186548,0.707106781186548,1.96261557335472E-17));
#1850=DIRECTION('',(5.55111512312578E-17,-2.77555756156289E-17,-1.));
#1851=DIRECTION('center_axis',(-5.55111512312578E-17,2.77555756156289E-17,
1.));
#1852=DIRECTION('ref_axis',(0.707106781186548,0.707106781186548,1.96261557335472E-17));
#1853=DIRECTION('center_axis',(-5.55111512312578E-17,2.77555756156289E-17,
1.));
#1854=DIRECTION('ref_axis',(-0.707106781186549,0.707106781186546,-5.88784672006416E-17));
#1855=DIRECTION('center_axis',(-5.55111512312578E-17,2.77555756156289E-17,
1.));
#1856=DIRECTION('ref_axis',(-0.707106781186549,0.707106781186546,-5.88784672006416E-17));
#1857=DIRECTION('',(5.55111512312578E-17,-2.77555756156289E-17,-1.));
#1858=DIRECTION('center_axis',(-5.55111512312578E-17,2.77555756156289E-17,
1.));
#1859=DIRECTION('ref_axis',(-0.707106781186549,0.707106781186546,-5.88784672006416E-17));
#1860=DIRECTION('',(-5.55111512312578E-17,2.77555756156289E-17,1.));
#1861=DIRECTION('center_axis',(-5.55111512312578E-17,2.77555756156289E-17,
1.));
#1862=DIRECTION('ref_axis',(-0.707106781186548,-0.707106781186548,-1.96261557335472E-17));
#1863=DIRECTION('center_axis',(-5.55111512312578E-17,2.77555756156289E-17,
1.));
#1864=DIRECTION('ref_axis',(-0.707106781186548,-0.707106781186548,-1.96261557335472E-17));
#1865=DIRECTION('',(5.55111512312578E-17,-2.77555756156289E-17,-1.));
#1866=DIRECTION('center_axis',(-5.55111512312578E-17,2.77555756156289E-17,
1.));
#1867=DIRECTION('ref_axis',(-0.707106781186548,-0.707106781186548,-1.96261557335472E-17));
#1868=DIRECTION('',(-5.55111512312578E-17,2.77555756156289E-17,1.));
#1869=DIRECTION('center_axis',(-1.,0.,-5.55111512312578E-17));
#1870=DIRECTION('ref_axis',(-5.55111512312578E-17,2.77555756156289E-17,
1.));
#1871=DIRECTION('',(-1.54074395550979E-33,-1.,2.77555756156289E-17));
#1872=DIRECTION('',(-1.54074395550979E-33,-1.,2.77555756156289E-17));
#1873=DIRECTION('center_axis',(-0.816496580927726,0.408248290463863,-0.408248290463862));
#1874=DIRECTION('ref_axis',(-0.577350269189625,-0.577350269189627,0.577350269189625));
#1875=DIRECTION('center_axis',(2.22044604925031E-15,1.,-2.77555756156288E-17));
#1876=DIRECTION('ref_axis',(-1.,2.22044604925031E-15,-5.55111512312579E-17));
#1877=DIRECTION('center_axis',(1.,0.,5.55111512312578E-17));
#1878=DIRECTION('ref_axis',(-5.55111512312578E-17,2.77555756156289E-17,
1.));
#1879=DIRECTION('center_axis',(-0.408248290463862,-0.816496580927727,0.408248290463862));
#1880=DIRECTION('ref_axis',(-0.577350269189627,0.577350269189623,0.577350269189627));
#1881=DIRECTION('center_axis',(1.,0.,5.55111512312578E-17));
#1882=DIRECTION('ref_axis',(1.54074395550979E-33,1.,-2.77555756156289E-17));
#1883=DIRECTION('center_axis',(-1.54074395550979E-33,-1.,2.77555756156289E-17));
#1884=DIRECTION('ref_axis',(-5.55111512312578E-17,2.77555756156289E-17,
1.));
#1885=DIRECTION('center_axis',(1.,0.,5.55111512312578E-17));
#1886=DIRECTION('ref_axis',(5.55111512312578E-17,-2.77555756156289E-17,
-1.));
#1887=DIRECTION('',(1.54074395550979E-33,1.,-2.77555756156289E-17));
#1888=DIRECTION('',(1.54074395550979E-33,1.,-2.77555756156289E-17));
#1889=DIRECTION('center_axis',(-0.40824829046386,-0.816496580927727,-0.408248290463864));
#1890=DIRECTION('ref_axis',(0.577350269189623,-0.577350269189627,0.577350269189628));
#1891=DIRECTION('center_axis',(-1.,0.,-5.55111512312578E-17));
#1892=DIRECTION('ref_axis',(-1.54074395550979E-33,-1.,2.77555756156289E-17));
#1893=DIRECTION('center_axis',(1.54074395550979E-33,1.,-2.77555756156289E-17));
#1894=DIRECTION('ref_axis',(-5.55111512312578E-17,2.77555756156289E-17,
1.));
#1895=DIRECTION('center_axis',(-0.816496580927728,0.408248290463861,0.408248290463861));
#1896=DIRECTION('ref_axis',(0.577350269189623,0.57735026918963,0.577350269189625));
#1897=DIRECTION('center_axis',(-1.54074395550979E-33,-1.,2.77555756156289E-17));
#1898=DIRECTION('ref_axis',(1.,0.,5.55111512312578E-17));
#1899=DIRECTION('center_axis',(-1.,0.,-5.55111512312578E-17));
#1900=DIRECTION('ref_axis',(-5.55111512312578E-17,2.77555756156289E-17,
1.));
#1901=DIRECTION('center_axis',(-1.54074395550979E-33,-1.,2.77555756156289E-17));
#1902=DIRECTION('ref_axis',(5.55111512312578E-17,-2.77555756156289E-17,
-1.));
#1903=DIRECTION('',(1.,0.,5.55111512312578E-17));
#1904=DIRECTION('',(1.,0.,5.55111512312578E-17));
#1905=DIRECTION('',(1.,0.,5.55111512312578E-17));
#1906=DIRECTION('',(-6.16297582203915E-33,2.77555756156289E-17,1.));
#1907=DIRECTION('center_axis',(-1.54074395550979E-33,-1.,2.77555756156289E-17));
#1908=DIRECTION('ref_axis',(-0.707106781186548,0.,0.707106781186548));
#1909=DIRECTION('',(1.,-1.54074395550979E-33,0.));
#1910=DIRECTION('center_axis',(-1.54074395550979E-33,-1.,2.77555756156289E-17));
#1911=DIRECTION('ref_axis',(0.707106781186548,0.,0.707106781186548));
#1912=DIRECTION('',(-5.55111512312578E-17,2.77555756156289E-17,1.));
#1913=DIRECTION('center_axis',(7.21861524463691E-17,-1.,2.77555756156289E-17));
#1914=DIRECTION('ref_axis',(1.,7.21861524463691E-17,5.55111512312578E-17));
#1915=DIRECTION('',(1.,7.21861524463691E-17,5.55111512312578E-17));
#1916=DIRECTION('',(-5.55111512312578E-17,2.77555756156289E-17,1.));
#1917=DIRECTION('',(-1.,0.,0.));
#1918=DIRECTION('',(-5.55111512312578E-17,2.77555756156289E-17,1.));
#1919=DIRECTION('center_axis',(1.,0.,5.55111512312578E-17));
#1920=DIRECTION('ref_axis',(1.54074395550979E-33,1.,-2.77555756156289E-17));
#1921=DIRECTION('',(1.54074395550979E-33,1.,-2.77555756156289E-17));
#1922=DIRECTION('',(-5.55111512312578E-17,2.77555756156289E-17,1.));
#1923=DIRECTION('',(0.,-1.,0.));
#1924=DIRECTION('center_axis',(-5.55111512312578E-17,2.77555756156289E-17,
1.));
#1925=DIRECTION('ref_axis',(1.,0.,5.55111512312578E-17));
#1926=DIRECTION('',(-1.54074395550979E-33,-1.,2.77555756156289E-17));
#1927=DIRECTION('',(1.,-1.54074395550979E-33,6.16297582203915E-33));
#1928=DIRECTION('',(-2.90816148642844E-33,-1.,2.77555756156289E-17));
#1929=DIRECTION('',(-1.,1.54074395550979E-33,-6.16297582203915E-33));
#1930=DIRECTION('center_axis',(1.54074395550979E-33,1.,-2.77555756156289E-17));
#1931=DIRECTION('ref_axis',(-1.,0.,-5.55111512312578E-17));
#1932=DIRECTION('',(-1.,0.,-1.04777559892899E-16));
#1933=DIRECTION('',(1.04777559892899E-16,-1.61435392078049E-49,-1.));
#1934=DIRECTION('center_axis',(1.54074395550979E-33,1.,-2.77555756156289E-17));
#1935=DIRECTION('ref_axis',(-5.55111512312578E-17,2.77555756156289E-17,
1.));
#1936=DIRECTION('',(-1.,0.,-5.55111512312578E-17));
#1937=DIRECTION('',(-1.,0.,-5.55111512312578E-17));
#1938=DIRECTION('',(5.55111512312578E-17,-2.77555756156289E-17,-1.));
#1939=DIRECTION('',(-1.,0.,-5.55111512312578E-17));
#1940=DIRECTION('center_axis',(1.54074395550979E-33,1.,-2.77555756156289E-17));
#1941=DIRECTION('ref_axis',(0.865736536135564,0.,0.500499999999996));
#1942=DIRECTION('',(-1.,1.54074395550979E-33,0.));
#1943=DIRECTION('center_axis',(1.54074395550979E-33,1.,-2.77555756156289E-17));
#1944=DIRECTION('ref_axis',(-0.707106781186548,0.,0.707106781186547));
#1945=DIRECTION('center_axis',(-5.55111512312578E-17,2.77555756156289E-17,
1.));
#1946=DIRECTION('ref_axis',(1.,0.,5.55111512312578E-17));
#1947=DIRECTION('',(0.,1.,0.));
#1948=DIRECTION('',(-1.,0.,-5.55111512312578E-17));
#1949=DIRECTION('',(0.,1.,0.));
#1950=DIRECTION('',(-1.,-7.21861524463691E-17,-6.16297582203915E-33));
#1951=DIRECTION('',(1.54074395550979E-33,1.,-2.77555756156289E-17));
#1952=DIRECTION('center_axis',(1.54074395550979E-33,1.,-2.77555756156289E-17));
#1953=DIRECTION('ref_axis',(-1.,0.,-5.55111512312578E-17));
#1954=DIRECTION('',(-5.55111512312578E-17,2.77555756156289E-17,1.));
#1955=DIRECTION('',(-1.,0.,-5.55111512312578E-17));
#1956=DIRECTION('',(-5.55111512312578E-17,2.77555756156289E-17,1.));
#1957=DIRECTION('center_axis',(1.54074395550979E-33,1.,-2.77555756156289E-17));
#1958=DIRECTION('ref_axis',(-0.707106781186548,0.,0.707106781186547));
#1959=DIRECTION('center_axis',(-1.,0.,-5.55111512312578E-17));
#1960=DIRECTION('ref_axis',(-1.54074395550979E-33,-1.,2.77555756156289E-17));
#1961=DIRECTION('',(-5.55111512312578E-17,2.77555756156289E-17,1.));
#1962=DIRECTION('',(-5.55111512312578E-17,2.77555756156289E-17,1.));
#1963=DIRECTION('',(-1.54074395550979E-33,-1.,2.77555756156289E-17));
#1964=DIRECTION('center_axis',(7.21861524463691E-17,-1.,2.77555756156289E-17));
#1965=DIRECTION('ref_axis',(1.,7.21861524463691E-17,5.55111512312578E-17));
#1966=DIRECTION('',(1.,7.21861524463691E-17,5.55111512312578E-17));
#1967=DIRECTION('',(-5.55111512312578E-17,2.77555756156289E-17,1.));
#1968=DIRECTION('',(-5.55111512312578E-17,2.77555756156289E-17,1.));
#1969=DIRECTION('center_axis',(-1.,0.,-5.55111512312578E-17));
#1970=DIRECTION('ref_axis',(-3.92523114670944E-17,-0.707106781186547,0.707106781186548));
#1971=DIRECTION('',(-1.,0.,-5.55111512312578E-17));
#1972=DIRECTION('center_axis',(1.54074395550979E-33,1.,-2.77555756156289E-17));
#1973=DIRECTION('ref_axis',(-0.707106781186548,1.96261557335472E-17,0.707106781186548));
#1974=DIRECTION('',(1.54074395550979E-33,1.,-2.77555756156289E-17));
#1975=DIRECTION('center_axis',(1.,0.,5.55111512312578E-17));
#1976=DIRECTION('ref_axis',(-3.92523114670948E-17,0.70710678118654,0.707106781186555));
#1977=DIRECTION('',(1.,0.,5.55111512312578E-17));
#1978=DIRECTION('center_axis',(-1.54074395550979E-33,-1.,2.77555756156289E-17));
#1979=DIRECTION('ref_axis',(0.707106781186546,1.96261557335472E-17,0.707106781186549));
#1980=DIRECTION('',(-1.54074395550979E-33,-1.,2.77555756156289E-17));
#1981=DIRECTION('center_axis',(0.,-1.,0.));
#1982=DIRECTION('ref_axis',(-0.707106781186548,0.,0.707106781186548));
#1983=DIRECTION('center_axis',(1.54074395550979E-33,1.,-2.77555756156289E-17));
#1984=DIRECTION('ref_axis',(-0.707106781186548,0.,0.707106781186548));
#1985=DIRECTION('',(0.,-1.,0.));
#1986=DIRECTION('',(0.,1.,0.));
#1987=DIRECTION('center_axis',(0.,0.,1.));
#1988=DIRECTION('ref_axis',(1.,0.,0.));
#1989=DIRECTION('',(0.,1.,0.));
#1990=DIRECTION('',(-1.,1.54074395550979E-33,0.));
#1991=DIRECTION('center_axis',(0.,-1.,0.));
#1992=DIRECTION('ref_axis',(0.707106781186548,0.,0.707106781186548));
#1993=DIRECTION('center_axis',(1.54074395550979E-33,1.,-2.77555756156289E-17));
#1994=DIRECTION('ref_axis',(0.707106781186548,0.,0.707106781186548));
#1995=DIRECTION('',(0.,-1.,0.));
#1996=DIRECTION('center_axis',(-1.,0.,0.));
#1997=DIRECTION('ref_axis',(0.,0.,1.));
#1998=DIRECTION('',(5.55111512312578E-17,-2.77555756156289E-17,-1.));
#1999=DIRECTION('',(-1.54074395550979E-33,-1.,2.77555756156289E-17));
#2000=DIRECTION('center_axis',(1.,0.,5.55111512312578E-17));
#2001=DIRECTION('ref_axis',(1.54074395550979E-33,1.,-2.77555756156289E-17));
#2002=DIRECTION('',(1.54074395550979E-33,1.,-2.77555756156289E-17));
#2003=DIRECTION('',(-5.55111512312578E-17,2.77555756156289E-17,1.));
#2004=DIRECTION('',(5.55111512312578E-17,-2.77555756156289E-17,-1.));
#2005=DIRECTION('',(5.55111512312578E-17,-2.77555756156289E-17,-1.));
#2006=DIRECTION('',(-4.27642353614751E-50,-2.77555756156289E-17,-1.));
#2007=DIRECTION('center_axis',(-5.55111512312578E-17,2.77555756156289E-17,
1.));
#2008=DIRECTION('ref_axis',(1.,0.,5.55111512312578E-17));
#2009=DIRECTION('',(-1.,0.,0.));
#2010=DIRECTION('',(-1.54074395550979E-33,-1.,2.77555756156289E-17));
#2011=DIRECTION('',(1.,0.,5.55111512312578E-17));
#2012=DIRECTION('',(3.42113882891801E-49,-1.,2.77555756156289E-17));
#2013=DIRECTION('center_axis',(-1.,0.,-1.04777559892899E-16));
#2014=DIRECTION('ref_axis',(-1.04777559892899E-16,0.,1.));
#2015=DIRECTION('',(-5.55111512312578E-17,2.77555756156289E-17,1.));
#2016=DIRECTION('',(-2.90816148642844E-33,-1.,2.77555756156289E-17));
#2017=DIRECTION('center_axis',(-5.55111512312578E-17,2.77555756156289E-17,
1.));
#2018=DIRECTION('ref_axis',(1.,0.,5.55111512312578E-17));
#2019=DIRECTION('',(1.,0.,5.55111512312578E-17));
#2020=DIRECTION('',(-1.54074395550979E-33,-1.,2.77555756156289E-17));
#2021=DIRECTION('center_axis',(-1.54074395550979E-33,-1.,0.));
#2022=DIRECTION('ref_axis',(0.865736536135564,0.,0.500499999999996));
#2023=DIRECTION('center_axis',(-1.54074395550979E-33,-1.,2.77555756156289E-17));
#2024=DIRECTION('ref_axis',(0.865736536135564,0.,0.500499999999996));
#2025=DIRECTION('',(1.54074395550979E-33,1.,0.));
#2026=DIRECTION('center_axis',(0.,0.,1.));
#2027=DIRECTION('ref_axis',(1.,0.,0.));
#2028=DIRECTION('',(0.,-1.,0.));
#2029=DIRECTION('',(1.,-1.54074395550979E-33,0.));
#2030=DIRECTION('center_axis',(0.,-1.,0.));
#2031=DIRECTION('ref_axis',(-0.707106781186548,0.,0.707106781186547));
#2032=DIRECTION('center_axis',(-1.54074395550979E-33,-1.,2.77555756156289E-17));
#2033=DIRECTION('ref_axis',(-0.707106781186548,0.,0.707106781186547));
#2034=DIRECTION('',(0.,1.,0.));
#2035=DIRECTION('center_axis',(-1.,0.,-5.55111512312578E-17));
#2036=DIRECTION('ref_axis',(5.55111512312578E-17,-2.77555756156289E-17,
-1.));
#2037=DIRECTION('',(-5.55111512312578E-17,2.77555756156289E-17,1.));
#2038=DIRECTION('',(1.54074395550979E-33,1.,-2.77555756156289E-17));
#2039=DIRECTION('center_axis',(-5.55111512312578E-17,2.77555756156289E-17,
1.));
#2040=DIRECTION('ref_axis',(1.,0.,5.55111512312578E-17));
#2041=DIRECTION('',(1.,0.,5.55111512312578E-17));
#2042=DIRECTION('',(-9.51866973567944E-17,1.,-2.77555756156289E-17));
#2043=DIRECTION('',(-1.,0.,-5.55111512312578E-17));
#2044=DIRECTION('center_axis',(-5.55111512312578E-17,2.77555756156289E-17,
1.));
#2045=DIRECTION('ref_axis',(1.,0.,5.55111512312578E-17));
#2046=DIRECTION('',(-1.54074395550979E-33,-1.,2.77555756156289E-17));
#2047=DIRECTION('',(-1.,0.,-5.55111512312578E-17));
#2048=DIRECTION('',(-1.54074395550979E-33,-1.,2.77555756156289E-17));
#2049=DIRECTION('',(1.,1.54074395550979E-33,5.55111512312578E-17));
#2050=DIRECTION('center_axis',(-5.55111512312578E-17,2.77555756156289E-17,
1.));
#2051=DIRECTION('ref_axis',(-1.,0.,-5.55111512312578E-17));
#2052=DIRECTION('center_axis',(-5.55111512312578E-17,2.77555756156289E-17,
1.));
#2053=DIRECTION('ref_axis',(-1.,0.,-5.55111512312578E-17));
#2054=DIRECTION('center_axis',(-5.55111512312578E-17,2.77555756156289E-17,
1.));
#2055=DIRECTION('ref_axis',(-1.,0.,-5.55111512312578E-17));
#2056=DIRECTION('center_axis',(-5.55111512312578E-17,2.77555756156289E-17,
1.));
#2057=DIRECTION('ref_axis',(-1.,-1.54074395550979E-33,-5.55111512312578E-17));
#2058=DIRECTION('center_axis',(-5.55111512312578E-17,2.77555756156289E-17,
1.));
#2059=DIRECTION('ref_axis',(-1.,-1.54074395550979E-33,-5.55111512312578E-17));
#2060=DIRECTION('center_axis',(-5.55111512312578E-17,2.77555756156289E-17,
1.));
#2061=DIRECTION('ref_axis',(-1.,0.,-5.55111512312578E-17));
#2062=DIRECTION('center_axis',(-5.55111512312578E-17,2.77555756156289E-17,
1.));
#2063=DIRECTION('ref_axis',(-1.,0.,-5.55111512312578E-17));
#2064=DIRECTION('center_axis',(-5.55111512312578E-17,2.77555756156289E-17,
1.));
#2065=DIRECTION('ref_axis',(-1.,0.,-5.55111512312578E-17));
#2066=DIRECTION('center_axis',(1.54074395550979E-33,1.,-2.77555756156289E-17));
#2067=DIRECTION('ref_axis',(-1.,0.,-5.55111512312578E-17));
#2068=DIRECTION('',(-5.55111512312578E-17,2.77555756156289E-17,1.));
#2069=DIRECTION('',(-5.55111512312578E-17,2.77555756156289E-17,1.));
#2070=DIRECTION('center_axis',(-1.,0.,-5.55111512312578E-17));
#2071=DIRECTION('ref_axis',(-1.54074395550979E-33,-1.,2.77555756156289E-17));
#2072=DIRECTION('',(-5.55111512312578E-17,2.77555756156289E-17,1.));
#2073=DIRECTION('center_axis',(-1.54074395550979E-33,-1.,2.77555756156289E-17));
#2074=DIRECTION('ref_axis',(1.,0.,5.55111512312578E-17));
#2075=DIRECTION('',(5.55111512312578E-17,-2.77555756156289E-17,-1.));
#2076=DIRECTION('center_axis',(1.,9.51866973567944E-17,5.55111512312578E-17));
#2077=DIRECTION('ref_axis',(-9.51866973567944E-17,1.,-2.77555756156289E-17));
#2078=DIRECTION('center_axis',(5.55111512312578E-17,-2.77555756156289E-17,
-1.));
#2079=DIRECTION('ref_axis',(-1.,-1.54074395550979E-33,-5.55111512312578E-17));
#2080=DIRECTION('',(5.55111512312578E-17,-2.77555756156289E-17,-1.));
#2081=DIRECTION('center_axis',(5.55111512312578E-17,-2.77555756156289E-17,
-1.));
#2082=DIRECTION('ref_axis',(-1.,-1.54074395550979E-33,-5.55111512312578E-17));
#2083=DIRECTION('',(5.55111512312578E-17,-2.77555756156289E-17,-1.));
#2084=DIRECTION('center_axis',(-5.55111512312578E-17,2.77555756156289E-17,
1.));
#2085=DIRECTION('ref_axis',(-1.,0.,-5.55111512312578E-17));
#2086=DIRECTION('',(-5.55111512312578E-17,2.77555756156289E-17,1.));
#2087=DIRECTION('center_axis',(-5.55111512312578E-17,2.77555756156289E-17,
1.));
#2088=DIRECTION('ref_axis',(-1.,0.,-5.55111512312578E-17));
#2089=DIRECTION('',(-5.55111512312578E-17,2.77555756156289E-17,1.));
#2090=DIRECTION('center_axis',(-5.55111512312578E-17,2.77555756156289E-17,
1.));
#2091=DIRECTION('ref_axis',(-1.,0.,-5.55111512312578E-17));
#2092=DIRECTION('',(-5.55111512312578E-17,2.77555756156289E-17,1.));
#2093=DIRECTION('center_axis',(-5.55111512312578E-17,2.77555756156289E-17,
1.));
#2094=DIRECTION('ref_axis',(-1.,0.,-5.55111512312578E-17));
#2095=DIRECTION('',(-5.55111512312578E-17,2.77555756156289E-17,1.));
#2096=DIRECTION('center_axis',(-5.55111512312578E-17,2.77555756156289E-17,
1.));
#2097=DIRECTION('ref_axis',(-1.,0.,-5.55111512312578E-17));
#2098=DIRECTION('',(-5.55111512312578E-17,2.77555756156289E-17,1.));
#2099=DIRECTION('center_axis',(-5.55111512312578E-17,2.77555756156289E-17,
1.));
#2100=DIRECTION('ref_axis',(-1.,0.,-5.55111512312578E-17));
#2101=DIRECTION('',(-5.55111512312578E-17,2.77555756156289E-17,1.));
#2102=DIRECTION('center_axis',(-1.54074395550979E-33,-1.,2.77555756156289E-17));
#2103=DIRECTION('ref_axis',(5.55111512312578E-17,-2.77555756156289E-17,
-1.));
#2104=DIRECTION('',(5.55111512312578E-17,-2.77555756156289E-17,-1.));
#2105=DIRECTION('',(-5.55111512312578E-17,2.77555756156289E-17,1.));
#2106=DIRECTION('center_axis',(1.,0.,5.55111512312578E-17));
#2107=DIRECTION('ref_axis',(5.55111512312578E-17,-2.77555756156289E-17,
-1.));
#2108=DIRECTION('',(5.55111512312578E-17,-2.77555756156289E-17,-1.));
#2109=DIRECTION('center_axis',(0.,1.,-2.77555756156289E-17));
#2110=DIRECTION('ref_axis',(1.,1.71056941445901E-49,6.16297582203915E-33));
#2111=DIRECTION('',(5.55111512312578E-17,-2.77555756156289E-17,-1.));
#2112=DIRECTION('center_axis',(1.,0.,5.55111512312578E-17));
#2113=DIRECTION('ref_axis',(5.55111512312578E-17,-2.77555756156289E-17,
-1.));
#2114=DIRECTION('center_axis',(5.55111512312578E-17,-2.77555756156289E-17,
-1.));
#2115=DIRECTION('ref_axis',(1.,0.,5.55111512312578E-17));
#2116=CARTESIAN_POINT('',(0.,0.,0.));
#2117=CARTESIAN_POINT('Origin',(-3.73584431416387,59.0795758516323,7.27054179997775));
#2118=CARTESIAN_POINT('',(-1.47584431416387,26.7945758516323,7.27054179997775));
#2119=CARTESIAN_POINT('Origin',(-0.0258443141638686,26.7945758516323,7.27054179997775));
#2120=CARTESIAN_POINT('Origin',(-0.0258443141638687,26.7945758516323,5.07054179997775));
#2121=CARTESIAN_POINT('',(-2.52584431416387,26.7945758516323,5.07054179997775));
#2122=CARTESIAN_POINT('Origin',(-0.0258443141638686,26.7945758516323,5.07054179997775));
#2123=CARTESIAN_POINT('',(-1.47584431416387,26.7945758516323,5.07054179997775));
#2124=CARTESIAN_POINT('Origin',(-0.0258443141638686,26.7945758516323,5.07054179997775));
#2125=CARTESIAN_POINT('Origin',(-3.73584431416387,59.0795758516323,7.47054179997775));
#2126=CARTESIAN_POINT('',(-1.47584431416387,55.2945758516323,7.47054179997775));
#2127=CARTESIAN_POINT('Origin',(-0.0258443141638702,55.2945758516323,7.47054179997775));
#2128=CARTESIAN_POINT('Origin',(-0.0258443141638703,55.2945758516323,5.07054179997775));
#2129=CARTESIAN_POINT('',(-2.52584431416387,55.2945758516323,5.07054179997775));
#2130=CARTESIAN_POINT('Origin',(-0.0258443141638702,55.2945758516323,5.07054179997775));
#2131=CARTESIAN_POINT('',(-1.47584431416387,55.2945758516323,5.07054179997775));
#2132=CARTESIAN_POINT('Origin',(-0.0258443141638702,55.2945758516323,5.07054179997775));
#2133=CARTESIAN_POINT('Origin',(-3.73584431416387,59.0795758516323,7.47054179997775));
#2134=CARTESIAN_POINT('',(50.5241556858361,55.2945758516323,7.47054179997775));
#2135=CARTESIAN_POINT('Origin',(51.9741556858361,55.2945758516323,7.47054179997775));
#2136=CARTESIAN_POINT('Origin',(51.9741556858361,55.2945758516323,5.07054179997775));
#2137=CARTESIAN_POINT('',(49.4741556858361,55.2945758516323,5.07054179997775));
#2138=CARTESIAN_POINT('Origin',(51.9741556858361,55.2945758516323,5.07054179997775));
#2139=CARTESIAN_POINT('',(50.5241556858361,55.2945758516323,5.07054179997775));
#2140=CARTESIAN_POINT('Origin',(51.9741556858361,55.2945758516323,5.07054179997775));
#2141=CARTESIAN_POINT('Origin',(-3.73584431416387,59.0795758516323,7.27054179997775));
#2142=CARTESIAN_POINT('',(50.5241556858361,26.7945758516323,7.27054179997775));
#2143=CARTESIAN_POINT('Origin',(51.9741556858361,26.7945758516323,7.27054179997775));
#2144=CARTESIAN_POINT('Origin',(51.9741556858361,26.7945758516323,5.07054179997775));
#2145=CARTESIAN_POINT('',(49.4741556858361,26.7945758516323,5.07054179997775));
#2146=CARTESIAN_POINT('Origin',(51.9741556858361,26.7945758516323,5.07054179997775));
#2147=CARTESIAN_POINT('',(50.5241556858361,26.7945758516323,5.07054179997775));
#2148=CARTESIAN_POINT('Origin',(51.9741556858361,26.7945758516323,5.07054179997775));
#2149=CARTESIAN_POINT('Origin',(51.9741556858361,26.7945758516323,5.87054179997775));
#2150=CARTESIAN_POINT('',(49.4741556858361,26.7945758516323,5.87054179997775));
#2151=CARTESIAN_POINT('Origin',(51.9741556858361,26.7945758516323,5.87054179997775));
#2152=CARTESIAN_POINT('',(49.3741556858361,26.7945758516323,6.30643169433184));
#2153=CARTESIAN_POINT('Origin',(48.4741556858361,26.7945758516323,5.87054179997775));
#2154=CARTESIAN_POINT('',(49.3741556858361,29.1376507544042,6.87054179997776));
#2155=CARTESIAN_POINT('Ctrl Pts',(49.3741556858361,26.7945758516323,6.30643169433184));
#2156=CARTESIAN_POINT('Ctrl Pts',(49.3741556858361,27.0005678285412,6.30643169433184));
#2157=CARTESIAN_POINT('Ctrl Pts',(49.3741556858361,27.238929119538,6.37190669038045));
#2158=CARTESIAN_POINT('Ctrl Pts',(49.3741556858361,27.503723860767,6.46334521449474));
#2159=CARTESIAN_POINT('Ctrl Pts',(49.3741556858361,27.5872793256976,6.49392396594141));
#2160=CARTESIAN_POINT('Ctrl Pts',(49.3741556858361,27.7195722972806,6.54273411735619));
#2161=CARTESIAN_POINT('Ctrl Pts',(49.3741556858361,27.7948151077915,6.57059988561618));
#2162=CARTESIAN_POINT('Ctrl Pts',(49.3741556858361,27.972493911993,6.63489172965376));
#2163=CARTESIAN_POINT('Ctrl Pts',(49.3741556858361,28.1110501641696,6.68249744392501));
#2164=CARTESIAN_POINT('Ctrl Pts',(49.3741556858361,28.5057778551605,6.80194243471245));
#2165=CARTESIAN_POINT('Ctrl Pts',(49.3741556858361,28.8473354644096,6.87054179997775));
#2166=CARTESIAN_POINT('Ctrl Pts',(49.3741556858361,29.1376507544042,6.87054179997775));
#2167=CARTESIAN_POINT('',(49.3741556858361,24.4515009488603,6.87054179997776));
#2168=CARTESIAN_POINT('Origin',(51.9741556858361,26.7945758516323,6.87054179997776));
#2169=CARTESIAN_POINT('Ctrl Pts',(49.3741556858361,24.4515009488603,6.87054179997775));
#2170=CARTESIAN_POINT('Ctrl Pts',(49.3741556858361,24.741816238855,6.87054179997775));
#2171=CARTESIAN_POINT('Ctrl Pts',(49.3741556858361,25.083373848104,6.80194243471245));
#2172=CARTESIAN_POINT('Ctrl Pts',(49.3741556858361,25.4781015390949,6.68249744392501));
#2173=CARTESIAN_POINT('Ctrl Pts',(49.3741556858361,25.6166577912716,6.63489172965376));
#2174=CARTESIAN_POINT('Ctrl Pts',(49.3741556858361,25.794336595473,6.57059988561618));
#2175=CARTESIAN_POINT('Ctrl Pts',(49.3741556858361,25.8695794059839,6.54273411735619));
#2176=CARTESIAN_POINT('Ctrl Pts',(49.3741556858361,26.0018723775669,6.49392396594141));
#2177=CARTESIAN_POINT('Ctrl Pts',(49.3741556858361,26.0854278424975,6.46334521449474));
#2178=CARTESIAN_POINT('Ctrl Pts',(49.3741556858361,26.3502225837265,6.37190669038045));
#2179=CARTESIAN_POINT('Ctrl Pts',(49.3741556858361,26.5885838747233,6.30643169433184));
#2180=CARTESIAN_POINT('Ctrl Pts',(49.3741556858361,26.7945758516323,6.30643169433184));
#2181=CARTESIAN_POINT('Origin',(51.9741556858361,26.7945758516323,6.87054179997776));
#2182=CARTESIAN_POINT('',(49.4741556858361,26.7945758516323,6.87054179997776));
#2183=CARTESIAN_POINT('Origin',(51.9741556858361,26.7945758516323,6.87054179997776));
#2184=CARTESIAN_POINT('',(50.5241556858361,26.7945758516323,6.87054179997776));
#2185=CARTESIAN_POINT('Origin',(-3.73584431416387,59.0795758516323,6.87054179997775));
#2186=CARTESIAN_POINT('',(55.6841556858361,59.0795758516323,6.87054179997776));
#2187=CARTESIAN_POINT('',(-3.73584431416386,59.0795758516323,6.87054179997775));
#2188=CARTESIAN_POINT('',(-3.73584431416387,59.0795758516323,6.87054179997775));
#2189=CARTESIAN_POINT('',(55.6841556858361,-5.07042414836774,6.87054179997776));
#2190=CARTESIAN_POINT('',(55.6841556858361,59.0795758516323,6.87054179997776));
#2191=CARTESIAN_POINT('',(-3.73584431416386,-5.07042414836774,6.87054179997776));
#2192=CARTESIAN_POINT('',(25.9741556858361,-5.07042414836775,6.87054179997776));
#2193=CARTESIAN_POINT('',(-3.73584431416387,27.0045758516323,6.87054179997775));
#2194=CARTESIAN_POINT('',(49.3741556858361,52.9515009488603,6.87054179997776));
#2195=CARTESIAN_POINT('',(49.3741556858361,58.9516021763727,6.87054179997776));
#2196=CARTESIAN_POINT('',(49.3741556858361,57.6376507544042,6.87054179997776));
#2197=CARTESIAN_POINT('Origin',(51.9741556858361,55.2945758516323,6.87054179997776));
#2198=CARTESIAN_POINT('',(49.3741556858361,58.5236285011131,6.87054179997776));
#2199=CARTESIAN_POINT('',(49.3741556858361,58.9516021763727,6.87054179997776));
#2200=CARTESIAN_POINT('',(4.57415568583613,58.5236285011131,6.87054179997775));
#2201=CARTESIAN_POINT('',(0.119155685836126,58.5236285011131,6.87054179997775));
#2202=CARTESIAN_POINT('',(4.57415568583613,23.523628501113,6.87054179997775));
#2203=CARTESIAN_POINT('',(4.57415568583613,41.7016021763726,6.87054179997775));
#2204=CARTESIAN_POINT('',(49.3741556858361,23.523628501113,6.87054179997776));
#2205=CARTESIAN_POINT('',(22.6191556858361,23.523628501113,6.87054179997776));
#2206=CARTESIAN_POINT('',(49.3741556858361,58.9516021763727,6.87054179997776));
#2207=CARTESIAN_POINT('',(52.8541556858361,16.7405758516323,6.87054179997776));
#2208=CARTESIAN_POINT('Origin',(50.1041556858361,16.7405758516323,6.87054179997776));
#2209=CARTESIAN_POINT('',(-3.52584431416387,55.2945758516323,6.87054179997775));
#2210=CARTESIAN_POINT('Origin',(-0.0258443141638702,55.2945758516323,6.87054179997775));
#2211=CARTESIAN_POINT('',(-3.52584431416387,26.7945758516323,6.87054179997775));
#2212=CARTESIAN_POINT('Origin',(-0.0258443141638686,26.7945758516323,6.87054179997775));
#2213=CARTESIAN_POINT('',(-3.5,4.95239761179083E-16,6.87054179997776));
#2214=CARTESIAN_POINT('Origin',(-5.55111512312579E-17,2.7755575615629E-17,
6.87054179997776));
#2215=CARTESIAN_POINT('',(48.5000007748604,4.95239761179083E-16,6.87054179997776));
#2216=CARTESIAN_POINT('Origin',(52.0000007748604,2.7755575615629E-17,6.87054179997776));
#2217=CARTESIAN_POINT('',(52.8521985318995,9.57457611889793,6.87054179997776));
#2218=CARTESIAN_POINT('Origin',(50.1021985318995,9.57457611889792,6.87054179997776));
#2219=CARTESIAN_POINT('',(43.0831556858361,16.4715758516323,6.87054179997776));
#2220=CARTESIAN_POINT('Origin',(41.0831556858361,16.4715758516323,6.87054179997776));
#2221=CARTESIAN_POINT('',(27.1131556858361,16.4715758516323,6.87054179997776));
#2222=CARTESIAN_POINT('Origin',(25.1131556858361,16.4715758516323,6.87054179997776));
#2223=CARTESIAN_POINT('',(35.0981556858361,16.4715758516323,6.87054179997776));
#2224=CARTESIAN_POINT('Origin',(33.0981556858361,16.4715758516323,6.87054179997776));
#2225=CARTESIAN_POINT('',(43.1741562669814,5.18157585163226,6.87054179997776));
#2226=CARTESIAN_POINT('Origin',(41.1741562669814,5.18157585163226,6.87054179997776));
#2227=CARTESIAN_POINT('',(27.1131556858361,5.18157585163226,6.87054179997776));
#2228=CARTESIAN_POINT('Origin',(25.1131556858361,5.18157585163226,6.87054179997776));
#2229=CARTESIAN_POINT('',(35.0981556858361,5.18157585163226,6.87054179997776));
#2230=CARTESIAN_POINT('Origin',(33.0981556858361,5.18157585163226,6.87054179997776));
#2231=CARTESIAN_POINT('Origin',(51.9741556858361,55.2945758516323,5.87054179997775));
#2232=CARTESIAN_POINT('',(49.4741556858361,55.2945758516323,5.87054179997775));
#2233=CARTESIAN_POINT('Origin',(51.9741556858361,55.2945758516323,5.87054179997775));
#2234=CARTESIAN_POINT('',(49.3741556858361,55.2945758516323,6.30643169433184));
#2235=CARTESIAN_POINT('Origin',(48.4741556858361,55.2945758516323,5.87054179997775));
#2236=CARTESIAN_POINT('Ctrl Pts',(49.3741556858361,55.2945758516323,6.30643169433184));
#2237=CARTESIAN_POINT('Ctrl Pts',(49.3741556858361,55.5005678285412,6.30643169433184));
#2238=CARTESIAN_POINT('Ctrl Pts',(49.3741556858361,55.738929119538,6.37190669038046));
#2239=CARTESIAN_POINT('Ctrl Pts',(49.3741556858361,56.003723860767,6.46334521449474));
#2240=CARTESIAN_POINT('Ctrl Pts',(49.3741556858361,56.0872793256976,6.49392396594141));
#2241=CARTESIAN_POINT('Ctrl Pts',(49.3741556858361,56.2195722972806,6.54273411735619));
#2242=CARTESIAN_POINT('Ctrl Pts',(49.3741556858361,56.2948151077915,6.57059988561618));
#2243=CARTESIAN_POINT('Ctrl Pts',(49.3741556858361,56.472493911993,6.63489172965376));
#2244=CARTESIAN_POINT('Ctrl Pts',(49.3741556858361,56.6110501641696,6.68249744392501));
#2245=CARTESIAN_POINT('Ctrl Pts',(49.3741556858361,57.0057778551605,6.80194243471245));
#2246=CARTESIAN_POINT('Ctrl Pts',(49.3741556858361,57.3473354644096,6.87054179997775));
#2247=CARTESIAN_POINT('Ctrl Pts',(49.3741556858361,57.6376507544042,6.87054179997775));
#2248=CARTESIAN_POINT('Ctrl Pts',(49.3741556858361,52.9515009488603,6.87054179997775));
#2249=CARTESIAN_POINT('Ctrl Pts',(49.3741556858361,53.2418162388549,6.87054179997775));
#2250=CARTESIAN_POINT('Ctrl Pts',(49.3741556858361,53.5833738481041,6.80194243471245));
#2251=CARTESIAN_POINT('Ctrl Pts',(49.3741556858361,53.978101539095,6.68249744392501));
#2252=CARTESIAN_POINT('Ctrl Pts',(49.3741556858361,54.1166577912716,6.63489172965376));
#2253=CARTESIAN_POINT('Ctrl Pts',(49.3741556858361,54.294336595473,6.57059988561618));
#2254=CARTESIAN_POINT('Ctrl Pts',(49.3741556858361,54.3695794059839,6.54273411735619));
#2255=CARTESIAN_POINT('Ctrl Pts',(49.3741556858361,54.5018723775669,6.49392396594141));
#2256=CARTESIAN_POINT('Ctrl Pts',(49.3741556858361,54.5854278424975,6.46334521449474));
#2257=CARTESIAN_POINT('Ctrl Pts',(49.3741556858361,54.8502225837266,6.37190669038046));
#2258=CARTESIAN_POINT('Ctrl Pts',(49.3741556858361,55.0885838747233,6.30643169433184));
#2259=CARTESIAN_POINT('Ctrl Pts',(49.3741556858361,55.2945758516323,6.30643169433184));
#2260=CARTESIAN_POINT('Origin',(51.9741556858361,55.2945758516323,6.87054179997776));
#2261=CARTESIAN_POINT('',(49.4741556858361,55.2945758516323,6.87054179997776));
#2262=CARTESIAN_POINT('Origin',(51.9741556858361,55.2945758516323,6.87054179997776));
#2263=CARTESIAN_POINT('',(50.5241556858361,55.2945758516323,6.87054179997776));
#2264=CARTESIAN_POINT('Origin',(-0.0258443141638702,55.2945758516323,5.87054179997775));
#2265=CARTESIAN_POINT('',(-2.52584431416387,55.2945758516323,5.87054179997775));
#2266=CARTESIAN_POINT('Origin',(-0.0258443141638702,55.2945758516323,5.87054179997775));
#2267=CARTESIAN_POINT('Origin',(-3.52584431416387,55.2945758516323,5.87054179997775));
#2268=CARTESIAN_POINT('Origin',(-0.0258443141638702,55.2945758516323,6.87054179997776));
#2269=CARTESIAN_POINT('',(-2.52584431416387,55.2945758516323,6.87054179997776));
#2270=CARTESIAN_POINT('Origin',(-0.0258443141638702,55.2945758516323,6.87054179997776));
#2271=CARTESIAN_POINT('',(-1.47584431416387,55.2945758516323,6.87054179997776));
#2272=CARTESIAN_POINT('Origin',(-0.0258443141638686,26.7945758516323,5.87054179997775));
#2273=CARTESIAN_POINT('',(-2.52584431416387,26.7945758516323,5.87054179997775));
#2274=CARTESIAN_POINT('Origin',(-0.0258443141638686,26.7945758516323,5.87054179997775));
#2275=CARTESIAN_POINT('Origin',(-3.52584431416387,26.7945758516323,5.87054179997775));
#2276=CARTESIAN_POINT('Origin',(-0.0258443141638686,26.7945758516323,6.87054179997776));
#2277=CARTESIAN_POINT('',(-2.52584431416387,26.7945758516323,6.87054179997776));
#2278=CARTESIAN_POINT('Origin',(-0.0258443141638686,26.7945758516323,6.87054179997776));
#2279=CARTESIAN_POINT('',(-1.47584431416387,26.7945758516323,6.87054179997776));
#2280=CARTESIAN_POINT('Origin',(0.,0.,5.87054179997775));
#2281=CARTESIAN_POINT('',(-2.5,-2.78406124171209E-16,5.87054179997775));
#2282=CARTESIAN_POINT('Origin',(0.,0.,5.87054179997775));
#2283=CARTESIAN_POINT('Origin',(-3.5,-4.28626379701574E-16,5.87054179997775));
#2284=CARTESIAN_POINT('Origin',(0.,0.,6.87054179997776));
#2285=CARTESIAN_POINT('',(-2.5,3.06161699786838E-16,2.16754179997775));
#2286=CARTESIAN_POINT('Origin',(0.,0.,2.16754179997775));
#2287=CARTESIAN_POINT('',(-2.5,3.06161699786838E-16,6.87054179997776));
#2288=CARTESIAN_POINT('Origin',(0.,0.,6.87054179997776));
#2289=CARTESIAN_POINT('',(-1.45,1.77573785876366E-16,2.16754179997775));
#2290=CARTESIAN_POINT('Origin',(0.,0.,2.16754179997775));
#2291=CARTESIAN_POINT('',(-1.45,1.77573785876366E-16,6.87054179997775));
#2292=CARTESIAN_POINT('',(-1.45,1.77573785876366E-16,6.87054179997776));
#2293=CARTESIAN_POINT('Origin',(0.,0.,6.87054179997775));
#2294=CARTESIAN_POINT('Origin',(0.,0.,2.16754179997775));
#2295=CARTESIAN_POINT('Origin',(52.0000007748604,0.,5.87054179997775));
#2296=CARTESIAN_POINT('',(49.5000007748604,-2.78406124171209E-16,5.87054179997775));
#2297=CARTESIAN_POINT('Origin',(52.0000007748604,0.,5.87054179997775));
#2298=CARTESIAN_POINT('Origin',(48.5000007748604,-4.28626379701573E-16,
5.87054179997775));
#2299=CARTESIAN_POINT('Origin',(52.0000007748604,0.,6.87054179997776));
#2300=CARTESIAN_POINT('',(49.5000007748604,3.06161699786838E-16,2.17054179997775));
#2301=CARTESIAN_POINT('Origin',(52.0000007748604,0.,2.17054179997775));
#2302=CARTESIAN_POINT('',(49.5000007748604,3.06161699786838E-16,6.87054179997776));
#2303=CARTESIAN_POINT('Origin',(-3.73584431416387,59.0795758516323,6.87054179997775));
#2304=CARTESIAN_POINT('Origin',(52.0000007748604,0.,6.87054179997776));
#2305=CARTESIAN_POINT('',(50.5500007748604,1.77573785876366E-16,2.17054179997775));
#2306=CARTESIAN_POINT('Origin',(52.0000007748604,0.,2.17054179997775));
#2307=CARTESIAN_POINT('',(50.5500007748604,1.77573785876366E-16,6.87054179997775));
#2308=CARTESIAN_POINT('',(50.5500007748604,1.77573785876366E-16,6.87054179997776));
#2309=CARTESIAN_POINT('Origin',(52.0000007748604,0.,6.87054179997775));
#2310=CARTESIAN_POINT('Origin',(52.0000007748604,0.,2.17054179997775));
#2311=CARTESIAN_POINT('Origin',(56.7101556858361,-6.04042414836775,4.78417732840858));
#2312=CARTESIAN_POINT('',(56.7101556858361,-7.04042414836775,7.21304179997776));
#2313=CARTESIAN_POINT('',(57.7101556858361,-6.04042414836775,7.21304179997776));
#2314=CARTESIAN_POINT('Origin',(56.7101556858361,-6.04042414836775,7.21304179997776));
#2315=CARTESIAN_POINT('',(56.7101556858361,-7.04042414836775,3.59531285683941));
#2316=CARTESIAN_POINT('',(56.7101556858361,-7.04042414836775,4.78417732840858));
#2317=CARTESIAN_POINT('',(57.7101556858361,-6.04042414836775,3.59531285683941));
#2318=CARTESIAN_POINT('Origin',(56.7101556858361,-6.04042414836775,3.59531285683941));
#2319=CARTESIAN_POINT('',(57.7101556858361,-6.04042414836775,4.78417732840858));
#2320=CARTESIAN_POINT('Origin',(56.7101556858361,60.1095758516323,4.79792962563633));
#2321=CARTESIAN_POINT('',(57.7099556658321,60.1295758516323,3.5953128568394));
#2322=CARTESIAN_POINT('',(56.7101556858361,61.1095758516323,3.59532204575039));
#2323=CARTESIAN_POINT('Origin',(56.7101556858361,60.1095758516323,3.59532204575039));
#2324=CARTESIAN_POINT('',(56.7101556858361,61.1095758516323,7.21304179997776));
#2325=CARTESIAN_POINT('',(56.7101556858361,61.1095758516323,4.79792962563633));
#2326=CARTESIAN_POINT('',(57.7101556858361,60.1095758516323,7.21304179997776));
#2327=CARTESIAN_POINT('Origin',(56.7101556858361,60.1095758516323,7.21304179997776));
#2328=CARTESIAN_POINT('',(57.7101556858361,60.1095758516323,3.5953128568394));
#2329=CARTESIAN_POINT('',(57.7101556858361,60.1095758516323,4.79792962563633));
#2330=CARTESIAN_POINT('Origin',(56.7101556858361,60.1095758516323,3.5953128568394));
#2331=CARTESIAN_POINT('Origin',(-4.70984431416387,60.1095758516323,4.81168192286407));
#2332=CARTESIAN_POINT('',(-4.70984431416387,61.1095758516323,7.21304179997775));
#2333=CARTESIAN_POINT('',(-5.70984431416387,60.1095758516323,7.21304179997775));
#2334=CARTESIAN_POINT('Origin',(-4.70984431416387,60.1095758516323,7.21304179997775));
#2335=CARTESIAN_POINT('',(-4.70984431416387,61.1095758516323,3.65032204575038));
#2336=CARTESIAN_POINT('',(-4.70984431416387,61.1095758516323,4.81168192286407));
#2337=CARTESIAN_POINT('',(-5.70984431416387,60.1095758516323,3.65032204575038));
#2338=CARTESIAN_POINT('Origin',(-4.70984431416387,60.1095758516323,3.65032204575038));
#2339=CARTESIAN_POINT('',(-5.70984431416387,60.1095758516323,4.81168192286407));
#2340=CARTESIAN_POINT('Origin',(-4.70984431416387,-6.04042414836774,4.79792962563632));
#2341=CARTESIAN_POINT('',(-5.70984431416387,-6.04042414836774,7.21304179997776));
#2342=CARTESIAN_POINT('',(-4.70984431416387,-7.04042414836775,7.21304179997776));
#2343=CARTESIAN_POINT('Origin',(-4.70984431416387,-6.04042414836774,7.21304179997776));
#2344=CARTESIAN_POINT('',(-5.70984431416387,-6.04042414836775,3.65032204575039));
#2345=CARTESIAN_POINT('',(-5.70984431416387,-6.04042414836774,4.79792962563632));
#2346=CARTESIAN_POINT('',(-4.70984431416387,-7.04042414836774,3.65032204575039));
#2347=CARTESIAN_POINT('Origin',(-4.70984431416387,-6.04042414836774,3.65032204575039));
#2348=CARTESIAN_POINT('',(-4.70984431416387,-7.04042414836775,4.79792962563632));
#2349=CARTESIAN_POINT('Origin',(-5.70984431416387,27.0045758516323,4.81168192286407));
#2350=CARTESIAN_POINT('',(-5.70984431416387,27.0045758516323,7.21304179997775));
#2351=CARTESIAN_POINT('',(-5.70984431416387,43.5670758516323,3.65032204575038));
#2352=CARTESIAN_POINT('Origin',(-4.70984431416387,-6.04042414836774,7.21304179997776));
#2353=CARTESIAN_POINT('',(-4.70984431416387,-6.04042414836775,8.21304179997776));
#2354=CARTESIAN_POINT('Origin',(-4.70984431416387,-6.04042414836775,7.21304179997776));
#2355=CARTESIAN_POINT('Origin',(-4.70984431416387,-6.04042414836775,7.21304179997776));
#2356=CARTESIAN_POINT('Origin',(-4.70984431416387,60.1095758516323,7.21304179997775));
#2357=CARTESIAN_POINT('',(-4.70984431416387,60.1095758516323,8.21304179997775));
#2358=CARTESIAN_POINT('Origin',(-4.70984431416387,60.1095758516323,7.21304179997775));
#2359=CARTESIAN_POINT('Origin',(-4.70984431416387,60.1095758516323,7.21304179997775));
#2360=CARTESIAN_POINT('Origin',(57.7101556858361,27.0045758516323,4.78417732840858));
#2361=CARTESIAN_POINT('',(57.7101556858361,27.0045758516323,7.21304179997776));
#2362=CARTESIAN_POINT('',(57.7101556858361,10.4420758516323,3.59531285683941));
#2363=CARTESIAN_POINT('Origin',(56.7101556858361,-6.04042414836775,7.21304179997776));
#2364=CARTESIAN_POINT('',(56.7101556858361,-6.04042414836775,8.21304179997776));
#2365=CARTESIAN_POINT('Origin',(56.7101556858361,-6.04042414836775,7.21304179997776));
#2366=CARTESIAN_POINT('Origin',(56.7101556858361,-6.04042414836775,7.21304179997776));
#2367=CARTESIAN_POINT('Origin',(56.7101556858361,60.1095758516323,7.21304179997776));
#2368=CARTESIAN_POINT('',(56.7101556858361,60.1095758516323,8.21304179997776));
#2369=CARTESIAN_POINT('Origin',(56.7101556858361,60.1095758516323,7.21304179997776));
#2370=CARTESIAN_POINT('Origin',(56.7101556858361,60.1095758516323,7.21304179997776));
#2371=CARTESIAN_POINT('Origin',(26.0001556858361,-7.04042414836775,4.78417732840858));
#2372=CARTESIAN_POINT('',(12.9741558944524,-7.04042414836774,3.5953128568394));
#2373=CARTESIAN_POINT('',(41.3671556858361,-7.04042414836775,3.5953128568394));
#2374=CARTESIAN_POINT('',(25.9871556858361,-7.04042414836775,7.21304179997776));
#2375=CARTESIAN_POINT('',(5.91216802917245,-7.04042414836775,3.6503128568394));
#2376=CARTESIAN_POINT('',(10.6071556858361,-7.04042414836774,3.65032204575039));
#2377=CARTESIAN_POINT('',(5.91216802917245,-7.04042414836775,4.86804179997776));
#2378=CARTESIAN_POINT('',(5.91216802917245,-7.04042414836775,2.86804179997775));
#2379=CARTESIAN_POINT('',(6.91216802917245,-7.04042414836775,5.86804179997775));
#2380=CARTESIAN_POINT('Origin',(6.91216802917245,-7.04042414836775,4.86804179997776));
#2381=CARTESIAN_POINT('',(11.9741558944524,-7.04042414836775,5.86804179997775));
#2382=CARTESIAN_POINT('',(19.9871557901443,-7.04042414836775,5.86804179997775));
#2383=CARTESIAN_POINT('',(12.9741558944524,-7.04042414836775,4.86804179997776));
#2384=CARTESIAN_POINT('Origin',(11.9741558944524,-7.04042414836775,4.86804179997776));
#2385=CARTESIAN_POINT('',(12.9741558944524,-7.04042414836775,4.07610956419317));
#2386=CARTESIAN_POINT('Origin',(13.9741558944524,-6.12042414836775,1.86804179997776));
#2387=CARTESIAN_POINT('',(12.9741558944524,-6.12042414836775,2.16804179997776));
#2388=CARTESIAN_POINT('',(56.7341556858361,-6.12042414836775,2.16804179997776));
#2389=CARTESIAN_POINT('',(19.9741557901443,-6.12042414836775,2.16804179997776));
#2390=CARTESIAN_POINT('',(56.7341556858361,-6.12042414836775,3.5953128568394));
#2391=CARTESIAN_POINT('',(56.7341556858361,-6.12042414836774,1.86804179997776));
#2392=CARTESIAN_POINT('',(12.9741558944524,-6.12042414836775,3.5953128568394));
#2393=CARTESIAN_POINT('',(13.9741558944524,-6.12042414836775,3.5953128568394));
#2394=CARTESIAN_POINT('',(12.9741558944524,-6.12042414836775,2.48167732840858));
#2395=CARTESIAN_POINT('Origin',(56.7341556858361,-6.12042414836775,1.86804179997776));
#2396=CARTESIAN_POINT('',(56.7341556858361,60.1295758516323,2.16804179997776));
#2397=CARTESIAN_POINT('',(56.7341556858361,10.4420758516323,2.16804179997776));
#2398=CARTESIAN_POINT('',(56.7341556858361,60.1295758516323,3.5953128568394));
#2399=CARTESIAN_POINT('',(56.7341556858361,60.1295758516323,3.0953128568394));
#2400=CARTESIAN_POINT('',(56.7341556858361,-6.12042414836775,3.5953128568394));
#2401=CARTESIAN_POINT('Origin',(56.7341556858361,-6.12042414836775,3.59531285683941));
#2402=CARTESIAN_POINT('',(12.9741558944524,-5.59542414836775,3.5953128568394));
#2403=CARTESIAN_POINT('',(43.6761556858361,60.1295758516323,3.59532204575039));
#2404=CARTESIAN_POINT('',(57.2221556858361,60.1295758516323,3.59532204575039));
#2405=CARTESIAN_POINT('',(43.6761556858361,61.1095758516323,3.59532204575039));
#2406=CARTESIAN_POINT('',(43.6761556858361,59.4766021763727,3.59532204575039));
#2407=CARTESIAN_POINT('',(41.8551556858361,61.1095758516323,3.59532204575039));
#2408=CARTESIAN_POINT('Origin',(56.7341556858361,60.1295758516323,1.86804179997776));
#2409=CARTESIAN_POINT('',(43.6761556858361,60.1295758516323,2.16804179997776));
#2410=CARTESIAN_POINT('',(48.9741556858361,60.1295758516323,2.16804179997776));
#2411=CARTESIAN_POINT('',(43.6761556858361,60.1295758516323,4.81168192286407));
#2412=CARTESIAN_POINT('Origin',(26.0001556858361,61.1095758516323,4.81168192286407));
#2413=CARTESIAN_POINT('',(16.371522243607,61.1095758516323,3.65032204575039));
#2414=CARTESIAN_POINT('',(10.6071556858361,61.1095758516323,3.65032204575039));
#2415=CARTESIAN_POINT('',(25.9871556858361,61.1095758516323,7.21304179997776));
#2416=CARTESIAN_POINT('',(43.6761556858361,61.1095758516323,3.66854179997775));
#2417=CARTESIAN_POINT('',(43.6761556858361,61.1095758516323,3.99111186142091));
#2418=CARTESIAN_POINT('',(43.6504207215504,61.1095758516323,3.66854179997775));
#2419=CARTESIAN_POINT('',(38.9871556858361,61.1095758516323,3.66854179997775));
#2420=CARTESIAN_POINT('',(42.7846841854148,61.1095758516323,4.16804179997776));
#2421=CARTESIAN_POINT('Origin',(42.7846841854148,61.1095758516323,3.16804179997776));
#2422=CARTESIAN_POINT('',(17.2475392323335,61.1095758516323,4.16804179997776));
#2423=CARTESIAN_POINT('',(34.8252882036932,61.1095758516323,4.16804179997776));
#2424=CARTESIAN_POINT('Origin',(17.2475392323335,61.1095758516323,3.16804179997776));
#2425=CARTESIAN_POINT('Origin',(-4.78584431416387,60.1295758516323,3.65032204575038));
#2426=CARTESIAN_POINT('',(16.371522243607,60.1295758516323,3.65032204575039));
#2427=CARTESIAN_POINT('',(16.371522243607,61.0795758516323,3.65032204575039));
#2428=CARTESIAN_POINT('',(-4.78584431416387,60.1295758516323,3.65032204575039));
#2429=CARTESIAN_POINT('',(25.9741556858361,60.1295758516323,3.65032204575039));
#2430=CARTESIAN_POINT('',(-4.78584431416388,-6.12042414836775,3.6503128568394));
#2431=CARTESIAN_POINT('',(-4.78584431416387,60.1295758516323,3.65032204575039));
#2432=CARTESIAN_POINT('',(5.91216802917245,-6.12042414836775,3.6503128568394));
#2433=CARTESIAN_POINT('',(4.59415579014426,-6.12042414836775,3.6503128568394));
#2434=CARTESIAN_POINT('',(5.91216802917245,27.0045758516323,3.65032204575039));
#2435=CARTESIAN_POINT('Origin',(56.7341556858361,60.1295758516323,1.86804179997776));
#2436=CARTESIAN_POINT('',(16.2475392323335,60.1295758516323,2.16804179997775));
#2437=CARTESIAN_POINT('',(16.2475392323335,60.1295758516323,3.16804179997776));
#2438=CARTESIAN_POINT('',(16.2475392323335,60.1295758516323,3.15032204575039));
#2439=CARTESIAN_POINT('',(-4.78584431416387,60.1295758516323,2.16804179997775));
#2440=CARTESIAN_POINT('',(41.3541556858361,60.1295758516323,2.16804179997776));
#2441=CARTESIAN_POINT('',(-4.78584431416387,60.1295758516323,1.86804179997775));
#2442=CARTESIAN_POINT('Origin',(17.2475392323335,60.1295758516323,3.16804179997776));
#2443=CARTESIAN_POINT('Origin',(-4.78584431416387,60.1295758516323,1.86804179997775));
#2444=CARTESIAN_POINT('',(-4.78584431416387,-6.12042414836775,2.16804179997775));
#2445=CARTESIAN_POINT('',(-4.78584431416388,-6.12042414836775,3.1503128568394));
#2446=CARTESIAN_POINT('',(-4.78584431416387,-6.12042414836775,2.48167732840858));
#2447=CARTESIAN_POINT('',(-4.78584431416388,-6.12042414836775,3.1503128568394));
#2448=CARTESIAN_POINT('',(-4.78584431416387,43.5670758516323,2.16804179997775));
#2449=CARTESIAN_POINT('Origin',(13.9741558944524,-6.12042414836775,1.86804179997776));
#2450=CARTESIAN_POINT('',(5.91216802917245,-6.12042414836775,2.16804179997776));
#2451=CARTESIAN_POINT('',(19.9741557901443,-6.12042414836775,2.16804179997776));
#2452=CARTESIAN_POINT('',(5.91215589445239,-6.12042414836775,2.86804179997775));
#2453=CARTESIAN_POINT('',(5.91216802917245,-6.12042414836775,1.86804179997776));
#2454=CARTESIAN_POINT('',(5.91216802917245,-6.12042414836775,2.36804179997776));
#2455=CARTESIAN_POINT('Origin',(25.9871556858361,-6.04042414836775,7.21304179997776));
#2456=CARTESIAN_POINT('',(25.9871556858361,-6.04042414836775,8.21304179997776));
#2457=CARTESIAN_POINT('Origin',(-4.70984431416387,27.0045758516323,7.21304179997775));
#2458=CARTESIAN_POINT('',(-4.70984431416387,27.0045758516323,8.21304179997775));
#2459=CARTESIAN_POINT('Origin',(25.9871556858361,60.1095758516323,7.21304179997776));
#2460=CARTESIAN_POINT('',(25.9871556858361,60.1095758516323,8.21304179997776));
#2461=CARTESIAN_POINT('Origin',(56.7101556858361,27.0045758516323,7.21304179997776));
#2462=CARTESIAN_POINT('',(56.7101556858361,27.0045758516323,8.21304179997776));
#2463=CARTESIAN_POINT('Origin',(6.91216802917245,-5.59542414836775,4.86804179997776));
#2464=CARTESIAN_POINT('',(6.91216802917245,-5.07042414836775,5.86804179997776));
#2465=CARTESIAN_POINT('',(5.91216802917245,-5.07042414836775,4.86804179997776));
#2466=CARTESIAN_POINT('Origin',(6.91216802917245,-5.07042414836775,4.86804179997776));
#2467=CARTESIAN_POINT('',(6.91216802917245,-5.59542414836775,5.86804179997776));
#2468=CARTESIAN_POINT('',(5.91216802917245,-5.59542414836775,4.86804179997776));
#2469=CARTESIAN_POINT('Origin',(13.9741558944524,-5.07042414836775,5.86804179997776));
#2470=CARTESIAN_POINT('',(11.9741558944524,-5.07042414836775,5.86804179997776));
#2471=CARTESIAN_POINT('',(11.9741558944524,-5.07042414836775,5.86804179997776));
#2472=CARTESIAN_POINT('',(34.8291557901443,-5.07042414836775,5.86804179997776));
#2473=CARTESIAN_POINT('Origin',(11.9741558944524,-5.07042414836775,4.86804179997776));
#2474=CARTESIAN_POINT('',(12.9741558944524,-5.07042414836775,4.86804179997776));
#2475=CARTESIAN_POINT('Origin',(11.9741558944524,-5.07042414836775,4.86804179997776));
#2476=CARTESIAN_POINT('',(12.9741558944524,-5.07042414836775,4.86804179997776));
#2477=CARTESIAN_POINT('Origin',(12.9741558944524,-5.07042414836775,1.86804179997776));
#2478=CARTESIAN_POINT('',(12.9741558944524,-5.07042414836775,2.16804179997776));
#2479=CARTESIAN_POINT('',(12.9741558944524,-5.07042414836775,2.36804179997776));
#2480=CARTESIAN_POINT('',(12.9741558944524,10.9670758516323,2.16804179997776));
#2481=CARTESIAN_POINT('Origin',(5.91216802917245,-6.12042414836775,1.86804179997776));
#2482=CARTESIAN_POINT('',(5.91216802917245,-5.07042414836775,2.16804179997776));
#2483=CARTESIAN_POINT('',(5.91216802917245,10.4420758516323,2.16804179997776));
#2484=CARTESIAN_POINT('',(5.91215589445239,-5.07042414836775,3.36804179997775));
#2485=CARTESIAN_POINT('',(5.91216802917245,-5.07042414836775,1.86804179997776));
#2486=CARTESIAN_POINT('',(5.91215589445239,-5.07042414836775,3.86804179997775));
#2487=CARTESIAN_POINT('',(5.91216802917245,-5.07042414836775,2.61804179997776));
#2488=CARTESIAN_POINT('',(5.91215589445239,-5.07042414836775,4.36804179997775));
#2489=CARTESIAN_POINT('',(5.91216802917245,-5.07042414836775,2.86804179997775));
#2490=CARTESIAN_POINT('',(5.91216802917245,-5.07042414836775,3.11804179997776));
#2491=CARTESIAN_POINT('Origin',(25.9741556858361,27.0045758516323,2.16804179997776));
#2492=CARTESIAN_POINT('',(55.6841556858361,-5.07042414836775,2.16804179997776));
#2493=CARTESIAN_POINT('',(13.9741558944524,-5.07042414836775,2.16804179997776));
#2494=CARTESIAN_POINT('',(55.6841556858361,59.0795758516323,2.16804179997776));
#2495=CARTESIAN_POINT('',(55.6841556858361,43.0420758516323,2.16804179997776));
#2496=CARTESIAN_POINT('',(43.6761556858361,59.0795758516323,2.16804179997776));
#2497=CARTESIAN_POINT('',(11.1191556858361,59.0795758516323,2.16804179997775));
#2498=CARTESIAN_POINT('',(43.6761556858361,42.9141021763727,2.16804179997776));
#2499=CARTESIAN_POINT('Origin',(43.6761556858361,58.823628501113,6.47304179997775));
#2500=CARTESIAN_POINT('',(43.6761556858361,59.0795758516323,3.66854179997775));
#2501=CARTESIAN_POINT('',(43.6761556858361,59.0795758516323,2.51929179997775));
#2502=CARTESIAN_POINT('',(43.6761556858361,57.0591021763727,3.66854179997775));
#2503=CARTESIAN_POINT('Origin',(51.9741556858361,55.2945758516323,3.66854179997775));
#2504=CARTESIAN_POINT('',(43.6504207215504,59.0795758516323,3.66854179997775));
#2505=CARTESIAN_POINT('',(24.1191556858361,59.0795758516323,3.66854179997775));
#2506=CARTESIAN_POINT('',(43.6504207215504,58.1870758516323,3.66854179997775));
#2507=CARTESIAN_POINT('Origin',(42.7846841854148,58.1870758516323,3.16804179997776));
#2508=CARTESIAN_POINT('',(42.7846841854148,59.0795758516323,4.16804179997776));
#2509=CARTESIAN_POINT('Origin',(42.7846841854148,59.0795758516323,3.16804179997776));
#2510=CARTESIAN_POINT('',(42.7846841854148,58.1870758516323,4.16804179997776));
#2511=CARTESIAN_POINT('Origin',(43.6504207215504,61.0795758516323,4.16804179997776));
#2512=CARTESIAN_POINT('',(17.2475392323335,59.0795758516323,4.16804179997776));
#2513=CARTESIAN_POINT('',(17.2475392323335,61.0795758516323,4.16804179997776));
#2514=CARTESIAN_POINT('',(19.9572882036932,59.0795758516323,4.16804179997776));
#2515=CARTESIAN_POINT('Origin',(17.2475392323335,61.0795758516323,3.16804179997776));
#2516=CARTESIAN_POINT('',(16.2475392323335,59.0795758516323,3.16804179997776));
#2517=CARTESIAN_POINT('Origin',(17.2475392323335,59.0795758516323,3.16804179997776));
#2518=CARTESIAN_POINT('',(16.2475392323335,61.0795758516323,3.16804179997776));
#2519=CARTESIAN_POINT('Origin',(16.2475392323335,61.0795758516323,2.86804179997775));
#2520=CARTESIAN_POINT('',(16.2475392323335,59.0795758516323,2.16804179997775));
#2521=CARTESIAN_POINT('',(16.2475392323335,59.0795758516323,2.36804179997775));
#2522=CARTESIAN_POINT('',(16.2475392323335,44.0420758516323,2.16804179997775));
#2523=CARTESIAN_POINT('Origin',(25.9741556858361,27.0045758516323,2.16804179997776));
#2524=CARTESIAN_POINT('',(-3.73584431416387,59.0795758516323,2.16804179997775));
#2525=CARTESIAN_POINT('',(11.1191556858361,59.0795758516323,2.16804179997775));
#2526=CARTESIAN_POINT('',(-3.73584431416386,-5.07042414836775,2.16804179997775));
#2527=CARTESIAN_POINT('',(-3.73584431416387,10.9670758516323,2.16804179997775));
#2528=CARTESIAN_POINT('',(40.8291556858361,-5.07042414836775,2.16804179997776));
#2529=CARTESIAN_POINT('Origin',(25.9741556858361,27.0045758516323,8.21304179997776));
#2530=CARTESIAN_POINT('',(49.3741556858361,58.5236285011131,8.21304179997776));
#2531=CARTESIAN_POINT('',(49.3741556858361,23.523628501113,8.21304179997776));
#2532=CARTESIAN_POINT('',(49.3741556858361,42.9141021763727,8.21304179997776));
#2533=CARTESIAN_POINT('',(4.57415568583613,23.523628501113,8.21304179997776));
#2534=CARTESIAN_POINT('',(37.4741556858361,23.523628501113,8.21304179997776));
#2535=CARTESIAN_POINT('',(4.57415568583613,58.5236285011131,8.21304179997775));
#2536=CARTESIAN_POINT('',(4.57415568583613,25.6641021763726,8.21304179997776));
#2537=CARTESIAN_POINT('',(14.9741556858361,58.5236285011131,8.21304179997776));
#2538=CARTESIAN_POINT('',(27.1131556858361,5.18157585163226,8.21304179997776));
#2539=CARTESIAN_POINT('Origin',(25.1131556858361,5.18157585163226,8.21304179997776));
#2540=CARTESIAN_POINT('',(35.0981556858361,16.4715758516323,8.21304179997776));
#2541=CARTESIAN_POINT('Origin',(33.0981556858361,16.4715758516323,8.21304179997776));
#2542=CARTESIAN_POINT('',(35.0981556858361,5.18157585163226,8.21304179997776));
#2543=CARTESIAN_POINT('Origin',(33.0981556858361,5.18157585163226,8.21304179997776));
#2544=CARTESIAN_POINT('',(52.8521985318995,9.57457611889793,8.21304179997775));
#2545=CARTESIAN_POINT('Origin',(50.1021985318995,9.57457611889792,8.21304179997776));
#2546=CARTESIAN_POINT('',(52.8541556858361,16.7405758516323,8.21304179997775));
#2547=CARTESIAN_POINT('Origin',(50.1041556858361,16.7405758516323,8.21304179997776));
#2548=CARTESIAN_POINT('',(43.1741562669814,5.18157585163226,8.21304179997776));
#2549=CARTESIAN_POINT('Origin',(41.1741562669814,5.18157585163226,8.21304179997776));
#2550=CARTESIAN_POINT('',(43.0831556858361,16.4715758516323,8.21304179997776));
#2551=CARTESIAN_POINT('Origin',(41.0831556858361,16.4715758516323,8.21304179997776));
#2552=CARTESIAN_POINT('',(27.1131556858361,16.4715758516323,8.21304179997776));
#2553=CARTESIAN_POINT('Origin',(25.1131556858361,16.4715758516323,8.21304179997776));
#2554=CARTESIAN_POINT('Origin',(55.6841556858361,-5.07042414836775,1.86804179997776));
#2555=CARTESIAN_POINT('',(-3.73584431416386,-5.07042414836774,6.67054179997776));
#2556=CARTESIAN_POINT('',(55.6841556858361,-5.07042414836775,4.17054179997776));
#2557=CARTESIAN_POINT('Origin',(55.6841556858361,59.0795758516323,1.86804179997776));
#2558=CARTESIAN_POINT('',(55.6841556858361,59.0795758516323,1.86804179997776));
#2559=CARTESIAN_POINT('Origin',(-3.73584431416387,59.0795758516323,1.86804179997775));
#2560=CARTESIAN_POINT('',(-3.73584431416386,59.0795758516323,1.86804179997775));
#2561=CARTESIAN_POINT('Origin',(-3.73584431416386,-5.07042414836775,1.86804179997775));
#2562=CARTESIAN_POINT('Origin',(50.1041556858361,16.7405758516323,6.47304179997775));
#2563=CARTESIAN_POINT('',(52.8541556858361,16.7405758516323,6.47304179997775));
#2564=CARTESIAN_POINT('Origin',(50.1021985318995,9.57457611889792,6.47304179997775));
#2565=CARTESIAN_POINT('',(52.8521985318995,9.57457611889792,6.47304179997775));
#2566=CARTESIAN_POINT('Origin',(41.0831556858361,16.4715758516323,-0.626635020022244));
#2567=CARTESIAN_POINT('',(43.0831556858361,16.4715758516323,-0.626635020022243));
#2568=CARTESIAN_POINT('Origin',(25.1131556858361,16.4715758516323,-0.626635020022244));
#2569=CARTESIAN_POINT('',(27.1131556858361,16.4715758516323,-0.626635020022244));
#2570=CARTESIAN_POINT('Origin',(33.0981556858361,16.4715758516323,-0.626635020022244));
#2571=CARTESIAN_POINT('',(35.0981556858361,16.4715758516323,-0.626635020022244));
#2572=CARTESIAN_POINT('Origin',(41.1741562669814,5.18157585163226,-0.626635020022243));
#2573=CARTESIAN_POINT('',(43.1741562669814,5.18157585163226,-0.626635020022243));
#2574=CARTESIAN_POINT('Origin',(25.1131556858361,5.18157585163226,-0.626635020022244));
#2575=CARTESIAN_POINT('',(27.1131556858361,5.18157585163226,-0.626635020022244));
#2576=CARTESIAN_POINT('Origin',(33.0981556858361,5.18157585163226,-0.626635020022244));
#2577=CARTESIAN_POINT('',(35.0981556858361,5.18157585163226,-0.626635020022244));
#2578=CARTESIAN_POINT('Origin',(48.9741556858361,23.523628501113,6.47304179997775));
#2579=CARTESIAN_POINT('',(4.57415568583612,23.523628501113,6.47304179997775));
#2580=CARTESIAN_POINT('',(49.3741556858361,23.523628501113,6.47304179997775));
#2581=CARTESIAN_POINT('Origin',(4.57415568583613,24.323628501113,6.47304179997775));
#2582=CARTESIAN_POINT('',(4.57415568583613,58.5236285011131,6.47304179997775));
#2583=CARTESIAN_POINT('Origin',(3.97415568583612,58.5236285011131,6.47304179997775));
#2584=CARTESIAN_POINT('',(49.3741556858361,58.5236285011131,6.47304179997775));
#2585=CARTESIAN_POINT('Origin',(49.3741556858361,58.823628501113,6.47304179997775));
#2586=CARTESIAN_POINT('Origin',(-3.73584431416387,59.0795758516323,6.87054179997775));
#2587=UNCERTAINTY_MEASURE_WITH_UNIT(LENGTH_MEASURE(0.01),#2591,
'DISTANCE_ACCURACY_VALUE',
'Maximum model space distance between geometric entities at asserted c
onnectivities');
#2588=UNCERTAINTY_MEASURE_WITH_UNIT(LENGTH_MEASURE(0.01),#2591,
'DISTANCE_ACCURACY_VALUE',
'Maximum model space distance between geometric entities at asserted c
onnectivities');
#2589=(
GEOMETRIC_REPRESENTATION_CONTEXT(3)
GLOBAL_UNCERTAINTY_ASSIGNED_CONTEXT((#2587))
GLOBAL_UNIT_ASSIGNED_CONTEXT((#2591,#2592,#2593))
REPRESENTATION_CONTEXT('','3D')
);
#2590=(
GEOMETRIC_REPRESENTATION_CONTEXT(3)
GLOBAL_UNCERTAINTY_ASSIGNED_CONTEXT((#2588))
GLOBAL_UNIT_ASSIGNED_CONTEXT((#2591,#2592,#2593))
REPRESENTATION_CONTEXT('','3D')
);
#2591=(
LENGTH_UNIT()
NAMED_UNIT(*)
SI_UNIT(.MILLI.,.METRE.)
);
#2592=(
NAMED_UNIT(*)
PLANE_ANGLE_UNIT()
SI_UNIT($,.RADIAN.)
);
#2593=(
NAMED_UNIT(*)
SI_UNIT($,.STERADIAN.)
SOLID_ANGLE_UNIT()
);
#2594=SHAPE_DEFINITION_REPRESENTATION(#2595,#2596);
#2595=PRODUCT_DEFINITION_SHAPE('',$,#2598);
#2596=SHAPE_REPRESENTATION('',(#1499),#2589);
#2597=PRODUCT_DEFINITION_CONTEXT('part definition',#2602,'design');
#2598=PRODUCT_DEFINITION('2025-09-20-10-25-31-288',
'BIP39_tornillosabajo_v2',#2599,#2597);
#2599=PRODUCT_DEFINITION_FORMATION('',$,#2604);
#2600=PRODUCT_RELATED_PRODUCT_CATEGORY('BIP39_tornillosabajo_v2',
'BIP39_tornillosabajo_v2',(#2604));
#2601=APPLICATION_PROTOCOL_DEFINITION('international standard',
'automotive_design',2009,#2602);
#2602=APPLICATION_CONTEXT(
'Core Data for Automotive Mechanical Design Process');
#2603=PRODUCT_CONTEXT('part definition',#2602,'mechanical');
#2604=PRODUCT('2025-09-20-10-25-31-288','BIP39_tornillosabajo_v2',
'Open CASCADE Model',(#2603));
#2605=PRESENTATION_STYLE_ASSIGNMENT((#2608));
#2606=PRESENTATION_STYLE_ASSIGNMENT((#2609));
#2607=PRESENTATION_STYLE_ASSIGNMENT((#2610));
#2608=SURFACE_STYLE_USAGE(.BOTH.,#2611);
#2609=SURFACE_STYLE_USAGE(.BOTH.,#2612);
#2610=SURFACE_STYLE_USAGE(.BOTH.,#2613);
#2611=SURFACE_SIDE_STYLE('',(#2614));
#2612=SURFACE_SIDE_STYLE('',(#2615));
#2613=SURFACE_SIDE_STYLE('',(#2616));
#2614=SURFACE_STYLE_FILL_AREA(#2617);
#2615=SURFACE_STYLE_FILL_AREA(#2618);
#2616=SURFACE_STYLE_FILL_AREA(#2619);
#2617=FILL_AREA_STYLE('Acero - Satinado',(#2620));
#2618=FILL_AREA_STYLE('Nil\X\F3n 6-6 (blanco)',(#2621));
#2619=FILL_AREA_STYLE('Opaque(170,170,127)',(#2622));
#2620=FILL_AREA_STYLE_COLOUR('Acero - Satinado',#2623);
#2621=FILL_AREA_STYLE_COLOUR('Nil\X\F3n 6-6 (blanco)',#2624);
#2622=FILL_AREA_STYLE_COLOUR('Opaque(170,170,127)',#2625);
#2623=COLOUR_RGB('Acero - Satinado',0.627450980392157,0.627450980392157,
0.627450980392157);
#2624=COLOUR_RGB('Nil\X\F3n 6-6 (blanco)',0.972549019607843,0.968627450980392,
0.929411764705882);
#2625=COLOUR_RGB('Opaque(170,170,127)',0.666666666666667,0.666666666666667,
0.498039215686275);
ENDSEC;
END-ISO-10303-21;
